docusaurus_slug,docusaurus_file,mintlify_file,old_url,new_url,status,source_hash,migrated,migrated_hash,migrated_at,manually_checked
/,src/pages/index.mdx,,https://clickhouse.com/docs/,,unmatched,c18be9e94f89e61c,false,,,false
/about,docs/about-us/index.md,resources/about/index.mdx,https://clickhouse.com/docs/about,https://private-7c7dfe99.mintlify.app/resources/about,matched,ffff945a49e65cb8,true,ffff945a49e65cb8,2026-05-08T09:09:20+00:00,false
/about-us/adopters,docs/about-us/adopters.md,resources/about/adopters.mdx,https://clickhouse.com/docs/about-us/adopters,https://private-7c7dfe99.mintlify.app/resources/about/adopters,matched,0855f0df816a1465,true,0855f0df816a1465,2026-05-08T09:09:20+00:00,false
/about-us/cloud,docs/about-us/cloud.md,resources/about/cloud.mdx,https://clickhouse.com/docs/about-us/cloud,https://private-7c7dfe99.mintlify.app/resources/about/cloud,matched,ad8d5e8e6e3eaf7a,true,ad8d5e8e6e3eaf7a,2026-05-08T21:00:51+00:00,false
/about-us/distinctive-features,docs/about-us/distinctive-features.md,get-started/about/distinctive-features.mdx,https://clickhouse.com/docs/about-us/distinctive-features,https://private-7c7dfe99.mintlify.app/get-started/about/distinctive-features,matched,67b1fb5a14f13e90,true,67b1fb5a14f13e90,2026-05-08T18:29:43+00:00,false
/about-us/history,docs/about-us/history.md,resources/about/history.mdx,https://clickhouse.com/docs/about-us/history,https://private-7c7dfe99.mintlify.app/resources/about/history,matched,61f52104b3779459,true,61f52104b3779459,2026-05-08T09:09:20+00:00,false
/about-us/support,docs/about-us/support.md,resources/about/support.mdx,https://clickhouse.com/docs/about-us/support,https://private-7c7dfe99.mintlify.app/resources/about/support,matched,323995cdad7e0274,true,323995cdad7e0274,2026-05-08T09:09:20+00:00,false
/academic_overview,docs/managing-data/core-concepts/academic_overview.mdx,concepts/core-concepts/academic-overview.mdx,https://clickhouse.com/docs/academic_overview,https://private-7c7dfe99.mintlify.app/concepts/core-concepts/academic-overview,matched,a8e77271a25466b4,true,a8e77271a25466b4,2026-05-08T12:19:52+00:00,false
/architecture/cluster-deployment,docs/deployment-guides/replication-sharding-examples/03_2_shards_2_replicas.md,guides/oss/deployment-and-scaling/examples/2-shards-2-replicas.mdx,https://clickhouse.com/docs/architecture/cluster-deployment,https://private-7c7dfe99.mintlify.app/guides/oss/deployment-and-scaling/examples/2-shards-2-replicas,matched,f4dbad8fac9be333,true,f4dbad8fac9be333,2026-05-08T09:09:20+00:00,false
/architecture/horizontal-scaling,docs/deployment-guides/replication-sharding-examples/02_2_shards_1_replica.md,guides/oss/deployment-and-scaling/examples/2-shards-1-replica.mdx,https://clickhouse.com/docs/architecture/horizontal-scaling,https://private-7c7dfe99.mintlify.app/guides/oss/deployment-and-scaling/examples/2-shards-1-replica,matched,e1431cab1d5a16bf,true,e1431cab1d5a16bf,2026-05-08T09:09:20+00:00,false
/architecture/introduction,docs/deployment-guides/terminology.md,guides/oss/deployment-and-scaling/terminology.mdx,https://clickhouse.com/docs/architecture/introduction,https://private-7c7dfe99.mintlify.app/guides/oss/deployment-and-scaling/terminology,matched,516d5012cc290408,true,516d5012cc290408,2026-05-08T12:19:52+00:00,false
/architecture/replication,docs/deployment-guides/replication-sharding-examples/01_1_shard_2_replicas.md,guides/oss/deployment-and-scaling/examples/1-shard-2-replicas.mdx,https://clickhouse.com/docs/architecture/replication,https://private-7c7dfe99.mintlify.app/guides/oss/deployment-and-scaling/examples/1-shard-2-replicas,matched,20cb0ab4e34893f9,true,20cb0ab4e34893f9,2026-05-08T09:09:20+00:00,false
/best-practices,docs/best-practices/index.md,concepts/best-practices/index.mdx,https://clickhouse.com/docs/best-practices,https://private-7c7dfe99.mintlify.app/concepts/best-practices,matched,e5779c059343c20e,true,e5779c059343c20e,2026-05-08T09:09:20+00:00,false
/best-practices/avoid-mutations,docs/best-practices/avoid_mutations.md,concepts/best-practices/avoid-mutations.mdx,https://clickhouse.com/docs/best-practices/avoid-mutations,https://private-7c7dfe99.mintlify.app/concepts/best-practices/avoid-mutations,matched,081e5ae543866b58,true,081e5ae543866b58,2026-05-08T09:09:20+00:00,false
/best-practices/avoid-optimize-final,docs/best-practices/avoid_optimize_final.md,concepts/best-practices/avoid-optimize-final.mdx,https://clickhouse.com/docs/best-practices/avoid-optimize-final,https://private-7c7dfe99.mintlify.app/concepts/best-practices/avoid-optimize-final,matched,256a3209f20639b3,true,256a3209f20639b3,2026-05-08T09:09:20+00:00,false
/best-practices/choosing-a-partitioning-key,docs/best-practices/partitioning_keys.mdx,concepts/best-practices/partitioning-keys.mdx,https://clickhouse.com/docs/best-practices/choosing-a-partitioning-key,https://private-7c7dfe99.mintlify.app/concepts/best-practices/partitioning-keys,matched,47448fd25f9d0bd3,true,47448fd25f9d0bd3,2026-05-08T09:09:20+00:00,false
/best-practices/choosing-a-primary-key,docs/best-practices/choosing_a_primary_key.md,concepts/best-practices/choosing-a-primary-key.mdx,https://clickhouse.com/docs/best-practices/choosing-a-primary-key,https://private-7c7dfe99.mintlify.app/concepts/best-practices/choosing-a-primary-key,matched,9b11e99fcb2b175d,true,9b11e99fcb2b175d,2026-05-08T09:09:20+00:00,false
/best-practices/minimize-optimize-joins,docs/best-practices/minimize_optimize_joins.md,concepts/best-practices/minimize-optimize-joins.mdx,https://clickhouse.com/docs/best-practices/minimize-optimize-joins,https://private-7c7dfe99.mintlify.app/concepts/best-practices/minimize-optimize-joins,matched,d83e3a25ef3dad60,true,d83e3a25ef3dad60,2026-05-08T09:09:20+00:00,false
/best-practices/select-data-types,docs/best-practices/select_data_type.md,concepts/best-practices/select-data-type.mdx,https://clickhouse.com/docs/best-practices/select-data-types,https://private-7c7dfe99.mintlify.app/concepts/best-practices/select-data-type,matched,126cbd8cf03ba18e,true,126cbd8cf03ba18e,2026-05-08T09:09:20+00:00,false
/best-practices/selecting-an-insert-strategy,docs/best-practices/selecting_an_insert_strategy.md,concepts/best-practices/selecting-an-insert-strategy.mdx,https://clickhouse.com/docs/best-practices/selecting-an-insert-strategy,https://private-7c7dfe99.mintlify.app/concepts/best-practices/selecting-an-insert-strategy,matched,2209c6ea430be2ed,true,2209c6ea430be2ed,2026-05-08T13:01:57+00:00,false
/best-practices/use-data-skipping-indices-where-appropriate,docs/best-practices/using_data_skipping_indices.md,concepts/best-practices/using-data-skipping-indices.mdx,https://clickhouse.com/docs/best-practices/use-data-skipping-indices-where-appropriate,https://private-7c7dfe99.mintlify.app/concepts/best-practices/using-data-skipping-indices,matched,86867b4880aebc9f,true,86867b4880aebc9f,2026-05-08T09:09:20+00:00,false
/best-practices/use-json-where-appropriate,docs/best-practices/json_type.md,concepts/best-practices/json-type.mdx,https://clickhouse.com/docs/best-practices/use-json-where-appropriate,https://private-7c7dfe99.mintlify.app/concepts/best-practices/json-type,matched,92d7e8b6ffaf89ba,true,92d7e8b6ffaf89ba,2026-05-08T11:28:15+00:00,false
/best-practices/use-materialized-views,docs/best-practices/use_materialized_views.md,concepts/best-practices/use-materialized-views.mdx,https://clickhouse.com/docs/best-practices/use-materialized-views,https://private-7c7dfe99.mintlify.app/concepts/best-practices/use-materialized-views,matched,ce0f791414129840,true,ce0f791414129840,2026-05-08T09:09:20+00:00,false
/beta-and-experimental-features,docs/about-us/beta-and-experimental-features.md,reference/settings/beta-and-experimental-features.mdx,https://clickhouse.com/docs/beta-and-experimental-features,https://private-7c7dfe99.mintlify.app/reference/settings/beta-and-experimental-features,matched,53221075d2165574,true,53221075d2165574,2026-05-08T21:00:24+00:00,false
/changelogs/24.10,docs/cloud/reference/01_changelog/02_release_notes/24_10.md,resources/changelogs/cloud/release-notes/24_10.mdx,https://clickhouse.com/docs/changelogs/24.10,https://private-7c7dfe99.mintlify.app/resources/changelogs/cloud/release-notes/24_10,matched,75f3b9c3e1acd523,true,75f3b9c3e1acd523,2026-05-08T09:09:20+00:00,false
/changelogs/24.12,docs/cloud/reference/01_changelog/02_release_notes/24_12.md,resources/changelogs/cloud/release-notes/24_12.mdx,https://clickhouse.com/docs/changelogs/24.12,https://private-7c7dfe99.mintlify.app/resources/changelogs/cloud/release-notes/24_12,matched,c80f810dd0087c7a,true,cb414cc582eb01b1,2026-05-08T10:40:06+00:00,false
/changelogs/24.5,docs/cloud/reference/01_changelog/02_release_notes/24_05.md,resources/changelogs/cloud/release-notes/24_05.mdx,https://clickhouse.com/docs/changelogs/24.5,https://private-7c7dfe99.mintlify.app/resources/changelogs/cloud/release-notes/24_05,matched,5563383898462cb6,true,5563383898462cb6,2026-05-08T09:09:20+00:00,false
/changelogs/24.6,docs/cloud/reference/01_changelog/02_release_notes/24_06.md,resources/changelogs/cloud/release-notes/24_06.mdx,https://clickhouse.com/docs/changelogs/24.6,https://private-7c7dfe99.mintlify.app/resources/changelogs/cloud/release-notes/24_06,matched,b3826955f3e46304,true,b3826955f3e46304,2026-05-08T09:09:20+00:00,false
/changelogs/24.8,docs/cloud/reference/01_changelog/02_release_notes/24_08.md,resources/changelogs/cloud/release-notes/24_08.mdx,https://clickhouse.com/docs/changelogs/24.8,https://private-7c7dfe99.mintlify.app/resources/changelogs/cloud/release-notes/24_08,matched,14dc1109170bd274,true,14dc1109170bd274,2026-05-08T09:09:20+00:00,false
/changelogs/25.10,docs/cloud/reference/01_changelog/02_release_notes/25_10.md,resources/changelogs/cloud/release-notes/25_10.mdx,https://clickhouse.com/docs/changelogs/25.10,https://private-7c7dfe99.mintlify.app/resources/changelogs/cloud/release-notes/25_10,matched,54d41a3d3ae0a175,true,54d41a3d3ae0a175,2026-05-08T09:09:20+00:00,false
/changelogs/25.12,docs/cloud/reference/01_changelog/02_release_notes/25_12.md,resources/changelogs/cloud/release-notes/25_12.mdx,https://clickhouse.com/docs/changelogs/25.12,https://private-7c7dfe99.mintlify.app/resources/changelogs/cloud/release-notes/25_12,matched,19405d1ef11fadb6,true,19405d1ef11fadb6,2026-05-08T09:09:20+00:00,false
/changelogs/25.4,docs/cloud/reference/01_changelog/02_release_notes/25_04.md,resources/changelogs/cloud/release-notes/25_04.mdx,https://clickhouse.com/docs/changelogs/25.4,https://private-7c7dfe99.mintlify.app/resources/changelogs/cloud/release-notes/25_04,matched,bb4a21dcb6d4482a,true,bb4a21dcb6d4482a,2026-05-08T09:09:20+00:00,false
/changelogs/25.6,docs/cloud/reference/01_changelog/02_release_notes/25_06.md,resources/changelogs/cloud/release-notes/25_06.mdx,https://clickhouse.com/docs/changelogs/25.6,https://private-7c7dfe99.mintlify.app/resources/changelogs/cloud/release-notes/25_06,matched,52f595c2d77a6ecd,true,52f595c2d77a6ecd,2026-05-08T09:09:20+00:00,false
/changelogs/25.8,docs/cloud/reference/01_changelog/02_release_notes/25_08.md,resources/changelogs/cloud/release-notes/25_08.mdx,https://clickhouse.com/docs/changelogs/25.8,https://private-7c7dfe99.mintlify.app/resources/changelogs/cloud/release-notes/25_08,matched,352f1bfa464960ea,true,352f1bfa464960ea,2026-05-09T11:09:07+00:00,false
/changelogs/26.2,docs/cloud/reference/01_changelog/02_release_notes/26_2.md,resources/changelogs/cloud/release-notes/26_02.mdx,https://clickhouse.com/docs/changelogs/26.2,https://private-7c7dfe99.mintlify.app/resources/changelogs/cloud/release-notes/26_02,matched,bf2feb29b8b1fe5a,true,bf2feb29b8b1fe5a,2026-05-08T09:09:20+00:00,false
/chdb,docs/chdb/index.md,products/chdb/index.mdx,https://clickhouse.com/docs/chdb,https://private-7c7dfe99.mintlify.app/products/chdb,matched,667af74a53181824,true,667af74a53181824,2026-05-09T09:39:38+00:00,false
/chdb/api/python,docs/chdb/api/python.md,products/chdb/api/python.mdx,https://clickhouse.com/docs/chdb/api/python,https://private-7c7dfe99.mintlify.app/products/chdb/api/python,matched,88e8a0a19f1b99de,true,88e8a0a19f1b99de,2026-05-08T09:09:20+00:00,false
/chdb/configuration,docs/chdb/configuration/index.md,products/chdb/configuration/index.mdx,https://clickhouse.com/docs/chdb/configuration,https://private-7c7dfe99.mintlify.app/products/chdb/configuration,matched,ef02883f1bb35af8,true,ef02883f1bb35af8,2026-05-09T09:39:38+00:00,false
/chdb/configuration/execution-engine,docs/chdb/configuration/execution-engine.md,products/chdb/configuration/execution-engine.mdx,https://clickhouse.com/docs/chdb/configuration/execution-engine,https://private-7c7dfe99.mintlify.app/products/chdb/configuration/execution-engine,matched,bf662e2cbc909ca4,true,bf662e2cbc909ca4,2026-05-09T09:39:38+00:00,false
/chdb/configuration/function-config,docs/chdb/configuration/function-config.md,products/chdb/configuration/function-config.mdx,https://clickhouse.com/docs/chdb/configuration/function-config,https://private-7c7dfe99.mintlify.app/products/chdb/configuration/function-config,matched,10df689c38bab2c6,true,10df689c38bab2c6,2026-05-08T09:09:20+00:00,false
/chdb/configuration/performance-mode,docs/chdb/configuration/performance-mode.md,products/chdb/configuration/performance-mode.mdx,https://clickhouse.com/docs/chdb/configuration/performance-mode,https://private-7c7dfe99.mintlify.app/products/chdb/configuration/performance-mode,matched,0c806c6e34e03929,true,0c806c6e34e03929,2026-05-08T09:09:20+00:00,false
/chdb/datastore,docs/chdb/datastore/index.md,products/chdb/datastore/index.mdx,https://clickhouse.com/docs/chdb/datastore,https://private-7c7dfe99.mintlify.app/products/chdb/datastore,matched,d5e1d1f8822a95e6,true,d5e1d1f8822a95e6,2026-05-09T09:39:38+00:00,false
/chdb/datastore/accessors,docs/chdb/datastore/accessors.md,products/chdb/datastore/accessors.mdx,https://clickhouse.com/docs/chdb/datastore/accessors,https://private-7c7dfe99.mintlify.app/products/chdb/datastore/accessors,matched,79a84c205179ba3b,true,79a84c205179ba3b,2026-05-08T09:09:20+00:00,false
/chdb/datastore/aggregation,docs/chdb/datastore/aggregation.md,products/chdb/datastore/aggregation.mdx,https://clickhouse.com/docs/chdb/datastore/aggregation,https://private-7c7dfe99.mintlify.app/products/chdb/datastore/aggregation,matched,db031ffc1e1b0742,true,db031ffc1e1b0742,2026-05-08T09:09:20+00:00,false
/chdb/datastore/class-reference,docs/chdb/datastore/class-reference.md,products/chdb/datastore/class-reference.mdx,https://clickhouse.com/docs/chdb/datastore/class-reference,https://private-7c7dfe99.mintlify.app/products/chdb/datastore/class-reference,matched,b4ed4cc50f2edd8a,true,b4ed4cc50f2edd8a,2026-05-09T09:39:38+00:00,false
/chdb/datastore/execution-model,docs/chdb/datastore/execution-model.md,products/chdb/datastore/execution-model.mdx,https://clickhouse.com/docs/chdb/datastore/execution-model,https://private-7c7dfe99.mintlify.app/products/chdb/datastore/execution-model,matched,f1abe47a9404912e,true,f1abe47a9404912e,2026-05-09T09:39:38+00:00,false
/chdb/datastore/factory-methods,docs/chdb/datastore/factory-methods.md,products/chdb/datastore/factory-methods.mdx,https://clickhouse.com/docs/chdb/datastore/factory-methods,https://private-7c7dfe99.mintlify.app/products/chdb/datastore/factory-methods,matched,6ae9d289f4130b19,true,6ae9d289f4130b19,2026-05-08T09:09:20+00:00,false
/chdb/datastore/io,docs/chdb/datastore/io.md,products/chdb/datastore/io.mdx,https://clickhouse.com/docs/chdb/datastore/io,https://private-7c7dfe99.mintlify.app/products/chdb/datastore/io,matched,8f65814adf5c6b89,true,8f65814adf5c6b89,2026-05-08T09:09:20+00:00,false
/chdb/datastore/pandas-compat,docs/chdb/datastore/pandas-compat.md,products/chdb/datastore/pandas-compat.mdx,https://clickhouse.com/docs/chdb/datastore/pandas-compat,https://private-7c7dfe99.mintlify.app/products/chdb/datastore/pandas-compat,matched,19ab3ba6bf58ffca,true,19ab3ba6bf58ffca,2026-05-09T09:39:38+00:00,false
/chdb/datastore/query-building,docs/chdb/datastore/query-building.md,products/chdb/datastore/query-building.mdx,https://clickhouse.com/docs/chdb/datastore/query-building,https://private-7c7dfe99.mintlify.app/products/chdb/datastore/query-building,matched,45deb20e8d34ceab,true,45deb20e8d34ceab,2026-05-08T09:09:20+00:00,false
/chdb/datastore/quickstart,docs/chdb/datastore/quickstart.md,products/chdb/datastore/quickstart.mdx,https://clickhouse.com/docs/chdb/datastore/quickstart,https://private-7c7dfe99.mintlify.app/products/chdb/datastore/quickstart,matched,cb5c144bad109ef6,true,cb5c144bad109ef6,2026-05-09T09:39:38+00:00,false
/chdb/debugging,docs/chdb/debugging/index.md,products/chdb/debugging/index.mdx,https://clickhouse.com/docs/chdb/debugging,https://private-7c7dfe99.mintlify.app/products/chdb/debugging,matched,ce5c8609d3c12aa6,true,ce5c8609d3c12aa6,2026-05-09T09:39:38+00:00,false
/chdb/debugging/explain,docs/chdb/debugging/explain.md,products/chdb/debugging/explain.mdx,https://clickhouse.com/docs/chdb/debugging/explain,https://private-7c7dfe99.mintlify.app/products/chdb/debugging/explain,matched,b8d7f8c82fce1cbb,true,b8d7f8c82fce1cbb,2026-05-08T09:09:20+00:00,false
/chdb/debugging/logging,docs/chdb/debugging/logging.md,products/chdb/debugging/logging.mdx,https://clickhouse.com/docs/chdb/debugging/logging,https://private-7c7dfe99.mintlify.app/products/chdb/debugging/logging,matched,bb4e86550a83f879,true,bb4e86550a83f879,2026-05-08T09:09:20+00:00,false
/chdb/debugging/profiling,docs/chdb/debugging/profiling.md,products/chdb/debugging/profiling.mdx,https://clickhouse.com/docs/chdb/debugging/profiling,https://private-7c7dfe99.mintlify.app/products/chdb/debugging/profiling,matched,f09f093c6e8e92d2,true,f09f093c6e8e92d2,2026-05-08T09:09:20+00:00,false
/chdb/getting-started,docs/chdb/getting-started.md,products/chdb/getting-started.mdx,https://clickhouse.com/docs/chdb/getting-started,https://private-7c7dfe99.mintlify.app/products/chdb/getting-started,matched,bc5d1e200e64a767,true,bc5d1e200e64a767,2026-05-08T19:42:07+00:00,false
/chdb/guides,docs/chdb/guides/index.md,products/chdb/guides/index.mdx,https://clickhouse.com/docs/chdb/guides,https://private-7c7dfe99.mintlify.app/products/chdb/guides,matched,6c6e0c2616162854,true,6c6e0c2616162854,2026-05-08T20:59:49+00:00,false
/chdb/guides/apache-arrow,docs/chdb/guides/querying-apache-arrow.md,products/chdb/guides/querying-apache-arrow.mdx,https://clickhouse.com/docs/chdb/guides/apache-arrow,https://private-7c7dfe99.mintlify.app/products/chdb/guides/querying-apache-arrow,matched,add68d9d7c2384a1,true,add68d9d7c2384a1,2026-05-08T09:09:20+00:00,false
/chdb/guides/clickhouse-local,docs/chdb/guides/clickhouse-local.md,products/chdb/guides/clickhouse-local.mdx,https://clickhouse.com/docs/chdb/guides/clickhouse-local,https://private-7c7dfe99.mintlify.app/products/chdb/guides/clickhouse-local,matched,fa82ad9cb7aa300f,true,fa82ad9cb7aa300f,2026-05-08T19:36:15+00:00,false
/chdb/guides/jupysql,docs/chdb/guides/jupysql.md,products/chdb/guides/jupysql.mdx,https://clickhouse.com/docs/chdb/guides/jupysql,https://private-7c7dfe99.mintlify.app/products/chdb/guides/jupysql,matched,e6384b2ee9b82af2,true,e6384b2ee9b82af2,2026-05-08T12:19:52+00:00,false
/chdb/guides/migration-from-pandas,docs/chdb/guides/migration-from-pandas.md,products/chdb/guides/migration-from-pandas.mdx,https://clickhouse.com/docs/chdb/guides/migration-from-pandas,https://private-7c7dfe99.mintlify.app/products/chdb/guides/migration-from-pandas,matched,21c7519bdbce0002,true,21c7519bdbce0002,2026-05-09T09:39:38+00:00,false
/chdb/guides/pandas,docs/chdb/guides/querying-pandas.md,products/chdb/guides/querying-pandas.mdx,https://clickhouse.com/docs/chdb/guides/pandas,https://private-7c7dfe99.mintlify.app/products/chdb/guides/querying-pandas,matched,73a0749a7a37be27,true,73a0749a7a37be27,2026-05-08T09:09:20+00:00,false
/chdb/guides/pandas-cookbook,docs/chdb/guides/pandas-cookbook.md,products/chdb/guides/pandas-cookbook.mdx,https://clickhouse.com/docs/chdb/guides/pandas-cookbook,https://private-7c7dfe99.mintlify.app/products/chdb/guides/pandas-cookbook,matched,0500a69c48c2d60f,true,0500a69c48c2d60f,2026-05-08T09:09:20+00:00,false
/chdb/guides/pandas-differences,docs/chdb/guides/pandas-differences.md,products/chdb/guides/pandas-differences.mdx,https://clickhouse.com/docs/chdb/guides/pandas-differences,https://private-7c7dfe99.mintlify.app/products/chdb/guides/pandas-differences,matched,e65fefe2955356f6,true,e65fefe2955356f6,2026-05-08T09:09:20+00:00,false
/chdb/guides/pandas-performance,docs/chdb/guides/pandas-performance.md,products/chdb/guides/pandas-performance.mdx,https://clickhouse.com/docs/chdb/guides/pandas-performance,https://private-7c7dfe99.mintlify.app/products/chdb/guides/pandas-performance,matched,703411ac5c53fefb,true,703411ac5c53fefb,2026-05-08T09:09:20+00:00,false
/chdb/guides/pandas-to-sql,docs/chdb/guides/pandas-to-sql.md,products/chdb/guides/pandas-to-sql.mdx,https://clickhouse.com/docs/chdb/guides/pandas-to-sql,https://private-7c7dfe99.mintlify.app/products/chdb/guides/pandas-to-sql,matched,a40772788633c7e7,true,a40772788633c7e7,2026-05-08T09:09:20+00:00,false
/chdb/guides/query-remote-clickhouse,docs/chdb/guides/query-remote-clickhouse.md,products/chdb/guides/query-remote-clickhouse.mdx,https://clickhouse.com/docs/chdb/guides/query-remote-clickhouse,https://private-7c7dfe99.mintlify.app/products/chdb/guides/query-remote-clickhouse,matched,27ea13a9d6a87686,true,27ea13a9d6a87686,2026-05-08T09:09:20+00:00,false
/chdb/guides/querying-parquet,docs/chdb/guides/querying-parquet.md,products/chdb/guides/querying-parquet.mdx,https://clickhouse.com/docs/chdb/guides/querying-parquet,https://private-7c7dfe99.mintlify.app/products/chdb/guides/querying-parquet,matched,80e13888b6bfca7d,true,80e13888b6bfca7d,2026-05-08T09:09:20+00:00,false
/chdb/guides/querying-s3,docs/chdb/guides/querying-s3-bucket.md,products/chdb/guides/querying-s3-bucket.mdx,https://clickhouse.com/docs/chdb/guides/querying-s3,https://private-7c7dfe99.mintlify.app/products/chdb/guides/querying-s3-bucket,matched,2c1fe0f08e90b42f,true,2c1fe0f08e90b42f,2026-05-08T09:09:20+00:00,false
/chdb/install,docs/chdb/install/index.md,products/chdb/install/index.mdx,https://clickhouse.com/docs/chdb/install,https://private-7c7dfe99.mintlify.app/products/chdb/install,matched,f4fe0f2b796f0289,true,f4fe0f2b796f0289,2026-05-08T09:09:20+00:00,false
/chdb/install/bun,docs/chdb/install/bun.md,products/chdb/install/bun.mdx,https://clickhouse.com/docs/chdb/install/bun,https://private-7c7dfe99.mintlify.app/products/chdb/install/bun,matched,f3274830262e5f01,true,f3274830262e5f01,2026-05-08T09:09:20+00:00,false
/chdb/install/c,docs/chdb/install/c.md,products/chdb/install/c.mdx,https://clickhouse.com/docs/chdb/install/c,https://private-7c7dfe99.mintlify.app/products/chdb/install/c,matched,7b5302e1655b03cd,true,7b5302e1655b03cd,2026-05-08T09:09:20+00:00,false
/chdb/install/go,docs/chdb/install/go.md,products/chdb/install/go.mdx,https://clickhouse.com/docs/chdb/install/go,https://private-7c7dfe99.mintlify.app/products/chdb/install/go,matched,b4b1f3d0d1f1a29d,true,b4b1f3d0d1f1a29d,2026-05-08T09:09:20+00:00,false
/chdb/install/nodejs,docs/chdb/install/nodejs.md,products/chdb/install/nodejs.mdx,https://clickhouse.com/docs/chdb/install/nodejs,https://private-7c7dfe99.mintlify.app/products/chdb/install/nodejs,matched,f7b3da6309249ba5,true,f7b3da6309249ba5,2026-05-08T09:09:20+00:00,false
/chdb/install/python,docs/chdb/install/python.md,products/chdb/install/python.mdx,https://clickhouse.com/docs/chdb/install/python,https://private-7c7dfe99.mintlify.app/products/chdb/install/python,matched,61207cac7f171e56,true,61207cac7f171e56,2026-05-08T09:09:20+00:00,false
/chdb/install/rust,docs/chdb/install/rust.md,products/chdb/install/rust.mdx,https://clickhouse.com/docs/chdb/install/rust,https://private-7c7dfe99.mintlify.app/products/chdb/install/rust,matched,30bc5b33601dc47a,true,30bc5b33601dc47a,2026-05-08T09:09:20+00:00,false
/chdb/reference,docs/chdb/reference/index.md,products/chdb/reference/index.mdx,https://clickhouse.com/docs/chdb/reference,https://private-7c7dfe99.mintlify.app/products/chdb/reference,matched,cf0eff26ed511084,true,cf0eff26ed511084,2026-05-08T09:09:20+00:00,false
/chdb/reference/data-formats,docs/chdb/reference/data-formats.md,products/chdb/reference/data-formats.mdx,https://clickhouse.com/docs/chdb/reference/data-formats,https://private-7c7dfe99.mintlify.app/products/chdb/reference/data-formats,matched,f53e26bdce713e13,true,f53e26bdce713e13,2026-05-08T13:01:57+00:00,false
/chdb/reference/sql-reference,docs/chdb/reference/sql-reference.md,products/chdb/reference/sql-reference.mdx,https://clickhouse.com/docs/chdb/reference/sql-reference,https://private-7c7dfe99.mintlify.app/products/chdb/reference/sql-reference,matched,f7f453059f1e4378,true,f7f453059f1e4378,2026-05-08T17:39:11+00:00,false
/clickhouse-operator/guides/configuration,docs/kubernetes-operator/03_guides/02_configuration.mdx,products/kubernetes-operator/guides/configuration.mdx,https://clickhouse.com/docs/clickhouse-operator/guides/configuration,https://private-7c7dfe99.mintlify.app/products/kubernetes-operator/guides/configuration,matched,4c8e04a273046756,true,4c8e04a273046756,2026-05-08T09:09:20+00:00,false
/clickhouse-operator/guides/introduction,docs/kubernetes-operator/03_guides/01_introduction.mdx,products/kubernetes-operator/guides/introduction.mdx,https://clickhouse.com/docs/clickhouse-operator/guides/introduction,https://private-7c7dfe99.mintlify.app/products/kubernetes-operator/guides/introduction,matched,5bd81f3954ce3cca,true,5bd81f3954ce3cca,2026-05-08T09:09:20+00:00,false
/clickhouse-operator/install/helm,docs/kubernetes-operator/02_install/helm.mdx,products/kubernetes-operator/install/helm.mdx,https://clickhouse.com/docs/clickhouse-operator/install/helm,https://private-7c7dfe99.mintlify.app/products/kubernetes-operator/install/helm,matched,63b5115dd3a467bf,true,63b5115dd3a467bf,2026-05-08T09:09:20+00:00,false
/clickhouse-operator/install/kubectl,docs/kubernetes-operator/02_install/kubectl.mdx,products/kubernetes-operator/install/kubectl.mdx,https://clickhouse.com/docs/clickhouse-operator/install/kubectl,https://private-7c7dfe99.mintlify.app/products/kubernetes-operator/install/kubectl,matched,490b9574335ea7bf,true,490b9574335ea7bf,2026-05-08T09:09:20+00:00,false
/clickhouse-operator/install/olm,docs/kubernetes-operator/02_install/olm.mdx,products/kubernetes-operator/install/olm.mdx,https://clickhouse.com/docs/clickhouse-operator/install/olm,https://private-7c7dfe99.mintlify.app/products/kubernetes-operator/install/olm,matched,83940db90c7d30a0,true,83940db90c7d30a0,2026-05-08T09:09:20+00:00,false
/clickhouse-operator/overview,docs/kubernetes-operator/01_overview.mdx,products/kubernetes-operator/overview.mdx,https://clickhouse.com/docs/clickhouse-operator/overview,https://private-7c7dfe99.mintlify.app/products/kubernetes-operator/overview,matched,4759aaf6e5077d0f,true,4759aaf6e5077d0f,2026-05-08T09:09:20+00:00,false
/clickhouse-operator/reference/api-reference,docs/kubernetes-operator/04_api_reference.mdx,products/kubernetes-operator/reference/api-reference.mdx,https://clickhouse.com/docs/clickhouse-operator/reference/api-reference,https://private-7c7dfe99.mintlify.app/products/kubernetes-operator/reference/api-reference,matched,c2362a67e1350ddc,true,c2362a67e1350ddc,2026-05-08T09:09:20+00:00,false
/cloud/bestpractices,docs/cloud/guides/best_practices/index.md,products/cloud/guides/best-practices/index.mdx,https://clickhouse.com/docs/cloud/bestpractices,https://private-7c7dfe99.mintlify.app/products/cloud/guides/best-practices,matched,8dcac023c8e57925,true,8dcac023c8e57925,2026-05-08T09:09:20+00:00,false
/cloud/bestpractices/multi-tenancy,docs/cloud/guides/best_practices/multitenancy.md,products/cloud/guides/best-practices/multitenancy.mdx,https://clickhouse.com/docs/cloud/bestpractices/multi-tenancy,https://private-7c7dfe99.mintlify.app/products/cloud/guides/best-practices/multitenancy,matched,6fa748026b877c2c,true,6fa748026b877c2c,2026-05-08T09:09:20+00:00,false
/cloud/bestpractices/usage-limits,docs/cloud/guides/best_practices/usagelimits.md,products/cloud/guides/best-practices/usagelimits.mdx,https://clickhouse.com/docs/cloud/bestpractices/usage-limits,https://private-7c7dfe99.mintlify.app/products/cloud/guides/best-practices/usagelimits,matched,64a417c78bf87413,true,64a417c78bf87413,2026-05-08T09:09:20+00:00,false
/cloud/billing/marketplace/aws-marketplace-committed-contract,docs/cloud/reference/03_billing/02_marketplace/aws-marketplace-committed.md,products/cloud/reference/billing/marketplace/aws-marketplace-committed.mdx,https://clickhouse.com/docs/cloud/billing/marketplace/aws-marketplace-committed-contract,https://private-7c7dfe99.mintlify.app/products/cloud/reference/billing/marketplace/aws-marketplace-committed,matched,20cbca2d9901f504,true,20cbca2d9901f504,2026-05-08T09:09:20+00:00,false
/cloud/billing/marketplace/aws-marketplace-payg,docs/cloud/reference/03_billing/02_marketplace/aws-marketplace-payg.md,products/cloud/reference/billing/marketplace/aws-marketplace-payg.mdx,https://clickhouse.com/docs/cloud/billing/marketplace/aws-marketplace-payg,https://private-7c7dfe99.mintlify.app/products/cloud/reference/billing/marketplace/aws-marketplace-payg,matched,bdbb664fbc7f8bf3,true,8f16ff10871984cd,2026-05-08T09:48:06+00:00,false
/cloud/billing/marketplace/azure-marketplace-committed-contract,docs/cloud/reference/03_billing/02_marketplace/azure-marketplace-committed.md,products/cloud/reference/billing/marketplace/azure-marketplace-committed.mdx,https://clickhouse.com/docs/cloud/billing/marketplace/azure-marketplace-committed-contract,https://private-7c7dfe99.mintlify.app/products/cloud/reference/billing/marketplace/azure-marketplace-committed,matched,eaf1dcde74050083,true,eaf1dcde74050083,2026-05-08T09:09:20+00:00,false
/cloud/billing/marketplace/azure-marketplace-payg,docs/cloud/reference/03_billing/02_marketplace/azure-marketplace-payg.md,products/cloud/reference/billing/marketplace/azure-marketplace-payg.mdx,https://clickhouse.com/docs/cloud/billing/marketplace/azure-marketplace-payg,https://private-7c7dfe99.mintlify.app/products/cloud/reference/billing/marketplace/azure-marketplace-payg,matched,c9760bfe791b074a,true,c9760bfe791b074a,2026-05-08T09:09:20+00:00,false
/cloud/billing/marketplace/gcp-marketplace-committed-contract,docs/cloud/reference/03_billing/02_marketplace/gcp-marketplace-committed.md,products/cloud/reference/billing/marketplace/gcp-marketplace-committed.mdx,https://clickhouse.com/docs/cloud/billing/marketplace/gcp-marketplace-committed-contract,https://private-7c7dfe99.mintlify.app/products/cloud/reference/billing/marketplace/gcp-marketplace-committed,matched,743c3aa0287256e5,true,743c3aa0287256e5,2026-05-08T09:09:20+00:00,false
/cloud/billing/marketplace/gcp-marketplace-payg,docs/cloud/reference/03_billing/02_marketplace/gcp-marketplace-payg.md,products/cloud/reference/billing/marketplace/gcp-marketplace-payg.mdx,https://clickhouse.com/docs/cloud/billing/marketplace/gcp-marketplace-payg,https://private-7c7dfe99.mintlify.app/products/cloud/reference/billing/marketplace/gcp-marketplace-payg,matched,0fa26fc1ffcda7e0,true,0fa26fc1ffcda7e0,2026-05-08T09:09:20+00:00,false
/cloud/billing/marketplace/migrate,docs/cloud/reference/03_billing/02_marketplace/migrate-marketplace-payg-committed.md,products/cloud/reference/billing/marketplace/migrate-marketplace-payg-committed.mdx,https://clickhouse.com/docs/cloud/billing/marketplace/migrate,https://private-7c7dfe99.mintlify.app/products/cloud/reference/billing/marketplace/migrate-marketplace-payg-committed,matched,755512757dfdb30c,true,755512757dfdb30c,2026-05-08T09:09:20+00:00,false
/cloud/billing/payment-thresholds,docs/cloud/reference/03_billing/05_payment-thresholds.md,products/cloud/reference/billing/payment-thresholds.mdx,https://clickhouse.com/docs/cloud/billing/payment-thresholds,https://private-7c7dfe99.mintlify.app/products/cloud/reference/billing/payment-thresholds,matched,1cef67c7dc1dae47,true,1cef67c7dc1dae47,2026-05-08T09:09:20+00:00,false
/cloud/data-resiliency,docs/cloud/reference/data-resiliency.md,products/cloud/reference/data-resiliency.mdx,https://clickhouse.com/docs/cloud/data-resiliency,https://private-7c7dfe99.mintlify.app/products/cloud/reference/data-resiliency,matched,bdb1ccb370d5af09,true,bdb1ccb370d5af09,2026-05-08T09:09:20+00:00,false
/cloud/data-sources/secure-azure,docs/cloud/guides/data_sources/04_accessing-azure-data-securely.md,products/cloud/guides/data-sources/secure-azure.mdx,https://clickhouse.com/docs/cloud/data-sources/secure-azure,https://private-7c7dfe99.mintlify.app/products/cloud/guides/data-sources/secure-azure,matched,cc6610b90bd61bc2,true,cc6610b90bd61bc2,2026-05-08T09:09:20+00:00,false
/cloud/data-sources/secure-gcs,docs/cloud/guides/data_sources/03_accessing-gcs-data-securely.md,products/cloud/guides/data-sources/secure-gcs.mdx,https://clickhouse.com/docs/cloud/data-sources/secure-gcs,https://private-7c7dfe99.mintlify.app/products/cloud/guides/data-sources/secure-gcs,matched,4b1500264994be09,true,4b1500264994be09,2026-05-08T09:09:20+00:00,false
/cloud/data-sources/secure-iceberg,docs/cloud/guides/data_sources/05_accessing-iceberg-data-securely.md,products/cloud/guides/data-sources/accessing-iceberg-data-securely.mdx,https://clickhouse.com/docs/cloud/data-sources/secure-iceberg,https://private-7c7dfe99.mintlify.app/products/cloud/guides/data-sources/accessing-iceberg-data-securely,matched,f825b083711d6492,true,f825b083711d6492,2026-05-08T09:09:20+00:00,false
/cloud/data-sources/secure-s3,docs/cloud/guides/data_sources/02_accessing-s3-data-securely.md,products/cloud/guides/data-sources/accessing-s3-data-securely.mdx,https://clickhouse.com/docs/cloud/data-sources/secure-s3,https://private-7c7dfe99.mintlify.app/products/cloud/guides/data-sources/accessing-s3-data-securely,matched,a490701361995bf4,true,a490701361995bf4,2026-05-08T09:09:20+00:00,false
/cloud/features/ai-ml,docs/cloud/features/10_AI_ML/index.md,products/cloud/features/ai-ml/index.mdx,https://clickhouse.com/docs/cloud/features/ai-ml,https://private-7c7dfe99.mintlify.app/products/cloud/features/ai-ml,matched,4e4755441f21dcb9,true,4e4755441f21dcb9,2026-05-08T09:09:20+00:00,false
/cloud/features/ai-ml/ask-ai,docs/cloud/features/10_AI_ML/AI_chat_overview.md,products/cloud/features/ai-ml/ask-ai.mdx,https://clickhouse.com/docs/cloud/features/ai-ml/ask-ai,https://private-7c7dfe99.mintlify.app/products/cloud/features/ai-ml/ask-ai,matched,9ee44c600a90dd6d,true,9ee44c600a90dd6d,2026-05-08T09:09:20+00:00,false
/cloud/features/ai-ml/langfuse,docs/cloud/features/10_AI_ML/langfuse.md,products/cloud/features/ai-ml/langfuse.mdx,https://clickhouse.com/docs/cloud/features/ai-ml/langfuse,https://private-7c7dfe99.mintlify.app/products/cloud/features/ai-ml/langfuse,matched,3fdb6fecdae5809f,true,3fdb6fecdae5809f,2026-05-08T09:09:20+00:00,false
/cloud/features/ai-ml/model-developer-terms,docs/cloud/features/10_AI_ML/model-developer-terms.md,products/cloud/features/ai-ml/model-developer-terms.mdx,https://clickhouse.com/docs/cloud/features/ai-ml/model-developer-terms,https://private-7c7dfe99.mintlify.app/products/cloud/features/ai-ml/model-developer-terms,matched,d460aabf33fe6b06,true,d460aabf33fe6b06,2026-05-07T14:49:41+00:00,false
/cloud/features/ai-ml/remote-mcp,docs/cloud/features/10_AI_ML/remote_mcp_overview.md,products/cloud/features/ai-ml/remote-mcp.mdx,https://clickhouse.com/docs/cloud/features/ai-ml/remote-mcp,https://private-7c7dfe99.mintlify.app/products/cloud/features/ai-ml/remote-mcp,matched,c27dc0da7bae20ba,true,c27dc0da7bae20ba,2026-05-08T09:09:20+00:00,false
/cloud/features/autoscaling/horizontal,docs/cloud/features/04_automatic_scaling/03_horizontal_scaling.md,products/cloud/features/autoscaling/horizontal.mdx,https://clickhouse.com/docs/cloud/features/autoscaling/horizontal,https://private-7c7dfe99.mintlify.app/products/cloud/features/autoscaling/horizontal,matched,a0f08aec770ecc2c,true,a0f08aec770ecc2c,2026-05-09T10:10:14+00:00,false
/cloud/features/autoscaling/idling,docs/cloud/features/04_automatic_scaling/05_automatic_idling.md,products/cloud/features/autoscaling/idling.mdx,https://clickhouse.com/docs/cloud/features/autoscaling/idling,https://private-7c7dfe99.mintlify.app/products/cloud/features/autoscaling/idling,matched,b723944f6c04a585,true,b723944f6c04a585,2026-05-08T09:09:20+00:00,false
/cloud/features/autoscaling/scaling-recommendations,docs/cloud/features/04_automatic_scaling/06_scaling_recommendations.md,products/cloud/features/autoscaling/scaling-recommendations.mdx,https://clickhouse.com/docs/cloud/features/autoscaling/scaling-recommendations,https://private-7c7dfe99.mintlify.app/products/cloud/features/autoscaling/scaling-recommendations,matched,13122201eed88aed,true,13122201eed88aed,2026-05-08T09:09:20+00:00,false
/cloud/features/autoscaling/scheduled-scaling,docs/cloud/features/04_automatic_scaling/07_scheduled_scaling.md,products/cloud/features/autoscaling/scheduled-scaling.mdx,https://clickhouse.com/docs/cloud/features/autoscaling/scheduled-scaling,https://private-7c7dfe99.mintlify.app/products/cloud/features/autoscaling/scheduled-scaling,matched,bb9bd0b7f3a28321,true,bb9bd0b7f3a28321,2026-05-08T09:09:20+00:00,false
/cloud/features/autoscaling/vertical,docs/cloud/features/04_automatic_scaling/02_vertical_autoscaling.md,products/cloud/features/autoscaling/vertical.mdx,https://clickhouse.com/docs/cloud/features/autoscaling/vertical,https://private-7c7dfe99.mintlify.app/products/cloud/features/autoscaling/vertical,matched,cd8814d8b9035fcf,true,cd8814d8b9035fcf,2026-05-08T09:09:20+00:00,false
/cloud/features/backups,docs/cloud/features/backups/09_backups.md,products/cloud/features/backups/overview.mdx,https://clickhouse.com/docs/cloud/features/backups,https://private-7c7dfe99.mintlify.app/products/cloud/features/backups/overview,matched,e8ebac30d010182a,true,e8ebac30d010182a,2026-05-08T09:09:20+00:00,false
/cloud/features/backups/faq,docs/cloud/features/backups/faq.md,products/cloud/features/backups/faq.mdx,https://clickhouse.com/docs/cloud/features/backups/faq,https://private-7c7dfe99.mintlify.app/products/cloud/features/backups/faq,matched,b3f4f4b9da1fed55,true,b3f4f4b9da1fed55,2026-05-08T09:09:20+00:00,false
/cloud/features/cli,docs/cloud/features/02b_cli.md,products/cloud/features/cli.mdx,https://clickhouse.com/docs/cloud/features/cli,https://private-7c7dfe99.mintlify.app/products/cloud/features/cli,matched,42e3d54d7758f13a,true,42e3d54d7758f13a,2026-05-07T16:15:52+00:00,false
/cloud/features/mbb,docs/cloud/features/04_automatic_scaling/04_make_before_break.md,products/cloud/features/autoscaling/make-before-break.mdx,https://clickhouse.com/docs/cloud/features/mbb,https://private-7c7dfe99.mintlify.app/products/cloud/features/autoscaling/make-before-break,matched,b9baec1ff422f9ec,true,b9baec1ff422f9ec,2026-05-08T09:09:20+00:00,false
/cloud/features/query-api-endpoints,docs/cloud/features/03_sql_console_features/03_query-endpoints.md,products/cloud/features/sql-console-features/query-endpoints.mdx,https://clickhouse.com/docs/cloud/features/query-api-endpoints,https://private-7c7dfe99.mintlify.app/products/cloud/features/sql-console-features/query-endpoints,matched,c9ca5baaf87ee1f9,true,949d868912106509,2026-05-08T09:51:10+00:00,false
/cloud/features/user-defined-functions,docs/cloud/features/03_sql_console_features/05_user_defined_functions.md,products/cloud/features/sql-console-features/user-defined-functions.mdx,https://clickhouse.com/docs/cloud/features/user-defined-functions,https://private-7c7dfe99.mintlify.app/products/cloud/features/sql-console-features/user-defined-functions,matched,edee25b13d012dac,true,edee25b13d012dac,2026-05-08T09:09:20+00:00,false
/cloud/get-started,docs/cloud/onboard/index.md,products/cloud/getting-started/cloud-get-started.mdx,https://clickhouse.com/docs/cloud/get-started,https://private-7c7dfe99.mintlify.app/products/cloud/getting-started/cloud-get-started,matched,e57a30777e558c8d,true,e57a30777e558c8d,2026-05-08T09:09:20+00:00,false
/cloud/get-started/cloud/resource-tour,docs/cloud/onboard/03_tune/resource_tour.md,products/cloud/getting-started/resource-tour.mdx,https://clickhouse.com/docs/cloud/get-started/cloud/resource-tour,https://private-7c7dfe99.mintlify.app/products/cloud/getting-started/resource-tour,matched,a6c4756c4f81974e,true,a6c4756c4f81974e,2026-05-08T11:33:34+00:00,false
/cloud/get-started/cloud/use-cases/AI_ML,docs/cloud/onboard/01_discover/02_use_cases/04_machine_learning_and_genAI/01_machine_learning.md,get-started/use-cases/machine-learning-and-genai/machine-learning.mdx,https://clickhouse.com/docs/cloud/get-started/cloud/use-cases/AI_ML,https://private-7c7dfe99.mintlify.app/get-started/use-cases/machine-learning-and-genai/machine-learning,matched,98bb4a2519c85a01,true,98bb4a2519c85a01,2026-05-08T09:09:20+00:00,false
/cloud/get-started/cloud/use-cases/AI_ML/agent_facing_analytics,docs/cloud/onboard/01_discover/02_use_cases/04_machine_learning_and_genAI/02_agent_facing_analytics.md,get-started/use-cases/machine-learning-and-genai/agent-facing-analytics.mdx,https://clickhouse.com/docs/cloud/get-started/cloud/use-cases/AI_ML/agent_facing_analytics,https://private-7c7dfe99.mintlify.app/get-started/use-cases/machine-learning-and-genai/agent-facing-analytics,matched,c85d58a649bdcf01,true,c85d58a649bdcf01,2026-05-08T09:09:20+00:00,false
/cloud/get-started/cloud/use-cases/data_lake_and_warehouse,docs/cloud/onboard/01_discover/02_use_cases/03_data_warehousing.md,get-started/use-cases/data-warehousing.mdx,https://clickhouse.com/docs/cloud/get-started/cloud/use-cases/data_lake_and_warehouse,https://private-7c7dfe99.mintlify.app/get-started/use-cases/data-warehousing,matched,91c6e9022a2f8b93,true,91c6e9022a2f8b93,2026-05-08T09:09:20+00:00,false
/cloud/get-started/cloud/use-cases/observability,docs/cloud/onboard/01_discover/02_use_cases/02_observability.md,get-started/use-cases/observability.mdx,https://clickhouse.com/docs/cloud/get-started/cloud/use-cases/observability,https://private-7c7dfe99.mintlify.app/get-started/use-cases/observability,matched,21a411586384e339,true,21a411586384e339,2026-05-08T12:19:52+00:00,false
/cloud/get-started/cloud/use-cases/overview,docs/cloud/onboard/01_discover/02_use_cases/00_overview.md,get-started/use-cases/overview.mdx,https://clickhouse.com/docs/cloud/get-started/cloud/use-cases/overview,https://private-7c7dfe99.mintlify.app/get-started/use-cases/overview,matched,7e66b34fac31dee4,true,7e66b34fac31dee4,2026-05-08T09:09:20+00:00,false
/cloud/get-started/cloud/use-cases/real-time-analytics,docs/cloud/onboard/01_discover/02_use_cases/01_real-time-analytics.md,get-started/use-cases/real-time-analytics.mdx,https://clickhouse.com/docs/cloud/get-started/cloud/use-cases/real-time-analytics,https://private-7c7dfe99.mintlify.app/get-started/use-cases/real-time-analytics,matched,4a7d4ef89d791eda,true,4a7d4ef89d791eda,2026-05-08T12:19:52+00:00,false
/cloud/get-started/query-endpoints,docs/cloud/guides/SQL_console/query-endpoints.md,products/cloud/guides/sql-console/query-endpoints.mdx,https://clickhouse.com/docs/cloud/get-started/query-endpoints,https://private-7c7dfe99.mintlify.app/products/cloud/guides/sql-console/query-endpoints,matched,89f2028a4895d1af,true,89f2028a4895d1af,2026-05-08T09:09:20+00:00,false
/cloud/get-started/query-insights,docs/cloud/features/03_sql_console_features/02_query-insights.md,products/cloud/features/sql-console-features/query-insights.mdx,https://clickhouse.com/docs/cloud/get-started/query-insights,https://private-7c7dfe99.mintlify.app/products/cloud/features/sql-console-features/query-insights,matched,7bc23ab0c83d06b5,true,7bc23ab0c83d06b5,2026-05-08T09:09:20+00:00,false
/cloud/get-started/sql-console,docs/cloud/features/03_sql_console_features/01_sql-console.md,products/cloud/features/sql-console-features/sql-console.mdx,https://clickhouse.com/docs/cloud/get-started/sql-console,https://private-7c7dfe99.mintlify.app/products/cloud/features/sql-console-features/sql-console,matched,08745d6dadb884a8,true,08745d6dadb884a8,2026-05-08T09:09:20+00:00,false
/cloud/guides,docs/cloud/guides/index.md,products/cloud/guides/index.mdx,https://clickhouse.com/docs/cloud/guides,https://private-7c7dfe99.mintlify.app/products/cloud/guides,matched,87d883f6e10ecb7c,true,87d883f6e10ecb7c,2026-05-09T10:08:44+00:00,false
/cloud/guides/data-masking,docs/cloud/guides/security/03_data-masking.md,products/cloud/guides/security/data-masking.mdx,https://clickhouse.com/docs/cloud/guides/data-masking,https://private-7c7dfe99.mintlify.app/products/cloud/guides/security/data-masking,matched,1260414af03fc8ad,true,1260414af03fc8ad,2026-05-08T09:09:20+00:00,false
/cloud/guides/data-sources,docs/cloud/guides/data_sources/index.md,products/cloud/guides/data-sources/index.mdx,https://clickhouse.com/docs/cloud/guides/data-sources,https://private-7c7dfe99.mintlify.app/products/cloud/guides/data-sources,matched,f65cc61c3e2e6eea,true,f65cc61c3e2e6eea,2026-05-08T09:09:20+00:00,false
/cloud/guides/production-readiness,docs/cloud/guides/production-readiness.md,products/cloud/guides/production-readiness.mdx,https://clickhouse.com/docs/cloud/guides/production-readiness,https://private-7c7dfe99.mintlify.app/products/cloud/guides/production-readiness,matched,88dbe25f493ec4b7,true,88dbe25f493ec4b7,2026-05-08T18:30:55+00:00,false
/cloud/guides/security/manage-custom-roles,docs/cloud/guides/security/01_cloud_access_management/03_manage-custom-roles.md,products/cloud/guides/security/cloud-access-management/manage-custom-roles.mdx,https://clickhouse.com/docs/cloud/guides/security/manage-custom-roles,https://private-7c7dfe99.mintlify.app/products/cloud/guides/security/cloud-access-management/manage-custom-roles,matched,29788fb34b6dd45e,true,29788fb34b6dd45e,2026-05-08T09:09:20+00:00,false
/cloud/guides/sql-console/gather-connection-details,docs/cloud/guides/SQL_console/connection_details.md,products/cloud/guides/sql-console/connection-details.mdx,https://clickhouse.com/docs/cloud/guides/sql-console/gather-connection-details,https://private-7c7dfe99.mintlify.app/products/cloud/guides/sql-console/connection-details,matched,afd6f57564f1e340,true,afd6f57564f1e340,2026-05-08T09:09:20+00:00,false
/cloud/guides/sql-console/manage-sql-console-role-assignments,docs/cloud/guides/security/01_cloud_access_management/04_manage-sql-console-role-assignments.md,products/cloud/guides/security/cloud-access-management/manage-sql-console-role-assignments.mdx,https://clickhouse.com/docs/cloud/guides/sql-console/manage-sql-console-role-assignments,https://private-7c7dfe99.mintlify.app/products/cloud/guides/security/cloud-access-management/manage-sql-console-role-assignments,matched,33d5c301a3f14268,true,33d5c301a3f14268,2026-05-08T09:09:20+00:00,false
/cloud/infrastructure/clickhouse-government,docs/cloud/guides/infrastructure/01_deployment_options/03_clickhouse-government.md,products/cloud/guides/infrastructure/deployment-options/clickhouse-government.mdx,https://clickhouse.com/docs/cloud/infrastructure/clickhouse-government,https://private-7c7dfe99.mintlify.app/products/cloud/guides/infrastructure/deployment-options/clickhouse-government,matched,21b0ff4af4bf21d2,true,21b0ff4af4bf21d2,2026-05-08T09:09:20+00:00,false
/cloud/infrastructure/clickhouse-private,docs/cloud/guides/infrastructure/01_deployment_options/02_clickhouse-private.md,products/cloud/guides/infrastructure/deployment-options/clickhouse-private.mdx,https://clickhouse.com/docs/cloud/infrastructure/clickhouse-private,https://private-7c7dfe99.mintlify.app/products/cloud/guides/infrastructure/deployment-options/clickhouse-private,matched,9b03ad9303c64cac,true,9b03ad9303c64cac,2026-05-08T09:09:20+00:00,false
/cloud/manage/api/api-overview,docs/cloud/features/06_admin_features/api/api-overview.md,products/cloud/features/admin-features/api/api-overview.mdx,https://clickhouse.com/docs/cloud/manage/api/api-overview,https://private-7c7dfe99.mintlify.app/products/cloud/features/admin-features/api/api-overview,matched,0e03b8509bcbb764,true,0e03b8509bcbb764,2026-05-09T10:10:14+00:00,false
/cloud/manage/backups,docs/cloud/guides/backups/index.md,products/cloud/guides/backups/index.mdx,https://clickhouse.com/docs/cloud/manage/backups,https://private-7c7dfe99.mintlify.app/products/cloud/guides/backups,matched,970616ede7226a84,true,970616ede7226a84,2026-05-08T09:09:20+00:00,false
/cloud/manage/backups/backup-restore-via-commands,docs/cloud/guides/backups/03_bring_your_own_backup/03_backup_restore_using_commands.md,products/cloud/guides/backups/bring-your-own-backup/backup-restore-using-commands.mdx,https://clickhouse.com/docs/cloud/manage/backups/backup-restore-via-commands,https://private-7c7dfe99.mintlify.app/products/cloud/guides/backups/bring-your-own-backup/backup-restore-using-commands,matched,bd25574ae7b54f32,true,bd25574ae7b54f32,2026-05-08T09:09:20+00:00,false
/cloud/manage/backups/backup-restore-via-ui,docs/cloud/guides/backups/03_bring_your_own_backup/02_backup_restore_from_ui.md,products/cloud/guides/backups/bring-your-own-backup/backup-restore-from-ui.mdx,https://clickhouse.com/docs/cloud/manage/backups/backup-restore-via-ui,https://private-7c7dfe99.mintlify.app/products/cloud/guides/backups/bring-your-own-backup/backup-restore-from-ui,matched,6624ad97c26d04cb,true,6624ad97c26d04cb,2026-05-08T09:09:20+00:00,false
/cloud/manage/backups/configurable-backups,docs/cloud/guides/backups/02_configurable-backups.md,products/cloud/guides/backups/configurable-backups.mdx,https://clickhouse.com/docs/cloud/manage/backups/configurable-backups,https://private-7c7dfe99.mintlify.app/products/cloud/guides/backups/configurable-backups,matched,bbae3e77868408d6,true,bbae3e77868408d6,2026-05-08T09:09:20+00:00,false
/cloud/manage/backups/export-backups-to-own-cloud-account,docs/cloud/guides/backups/03_bring_your_own_backup/01_export-backups-to-own-cloud-account.md,products/cloud/guides/backups/bring-your-own-backup/export-backups-to-own-cloud-account.mdx,https://clickhouse.com/docs/cloud/manage/backups/export-backups-to-own-cloud-account,https://private-7c7dfe99.mintlify.app/products/cloud/guides/backups/bring-your-own-backup/export-backups-to-own-cloud-account,matched,7785d20cd3c8629c,true,7785d20cd3c8629c,2026-05-08T15:04:34+00:00,false
/cloud/manage/backups/overview,docs/cloud/guides/backups/01_review-and-restore-backups.md,products/cloud/guides/backups/review-and-restore-backups.mdx,https://clickhouse.com/docs/cloud/manage/backups/overview,https://private-7c7dfe99.mintlify.app/products/cloud/guides/backups/review-and-restore-backups,matched,83b0182f6dece021,true,83b0182f6dece021,2026-05-08T09:09:20+00:00,false
/cloud/manage/billing,docs/cloud/reference/03_billing/index.md,products/cloud/reference/billing/index.mdx,https://clickhouse.com/docs/cloud/manage/billing,https://private-7c7dfe99.mintlify.app/products/cloud/reference/billing,matched,043aa88b2d4a1d62,true,043aa88b2d4a1d62,2026-05-08T09:09:20+00:00,false
/cloud/manage/billing/overview,docs/cloud/reference/03_billing/01_billing_overview.md,products/cloud/reference/billing/billing-overview.mdx,https://clickhouse.com/docs/cloud/manage/billing/overview,https://private-7c7dfe99.mintlify.app/products/cloud/reference/billing/billing-overview,matched,7f1225166655ebd2,true,7f1225166655ebd2,2026-05-08T09:09:20+00:00,false
/cloud/manage/close_account,docs/cloud/reference/11_account-close.md,products/cloud/reference/account-close.mdx,https://clickhouse.com/docs/cloud/manage/close_account,https://private-7c7dfe99.mintlify.app/products/cloud/reference/account-close,matched,36c5d914275ca5f8,true,36c5d914275ca5f8,2026-05-08T09:09:20+00:00,false
/cloud/manage/cloud-api,docs/cloud/features/06_admin_features/api/index.md,products/cloud/features/admin-features/api/index.mdx,https://clickhouse.com/docs/cloud/manage/cloud-api,https://private-7c7dfe99.mintlify.app/products/cloud/features/admin-features/api,matched,b78c8fb3fd3ca82a,true,b78c8fb3fd3ca82a,2026-05-09T10:10:14+00:00,false
/cloud/manage/cloud-tiers,docs/cloud/features/01_cloud_tiers.md,products/cloud/features/cloud-tiers.mdx,https://clickhouse.com/docs/cloud/manage/cloud-tiers,https://private-7c7dfe99.mintlify.app/products/cloud/features/cloud-tiers,matched,bcb7df3b1a1dae46,true,bcb7df3b1a1dae46,2026-05-08T11:53:27+00:00,false
/cloud/manage/dashboards,docs/cloud/features/03_sql_console_features/04_dashboards.md,products/cloud/features/sql-console-features/dashboards.mdx,https://clickhouse.com/docs/cloud/manage/dashboards,https://private-7c7dfe99.mintlify.app/products/cloud/features/sql-console-features/dashboards,matched,6eeac11681de5506,true,6eeac11681de5506,2026-05-08T09:09:20+00:00,false
/cloud/manage/hyperdx,docs/cloud/features/03_sql_console_features/hyperdx.md,products/cloud/features/sql-console-features/hyperdx.mdx,https://clickhouse.com/docs/cloud/manage/hyperdx,https://private-7c7dfe99.mintlify.app/products/cloud/features/sql-console-features/hyperdx,matched,21ecd23dfcc59665,true,21ecd23dfcc59665,2026-05-08T09:09:20+00:00,false
/cloud/manage/marketplace/,docs/cloud/reference/03_billing/02_marketplace/index.md,products/cloud/reference/billing/marketplace/index.mdx,https://clickhouse.com/docs/cloud/manage/marketplace/,https://private-7c7dfe99.mintlify.app/products/cloud/reference/billing/marketplace,matched,b15b0f51d35014ff,true,b15b0f51d35014ff,2026-05-07T14:49:41+00:00,false
/cloud/manage/monitor/advanced-dashboard,docs/cloud/features/08_monitoring/advanced_dashboard.md,products/cloud/features/monitoring/advanced-dashboard.mdx,https://clickhouse.com/docs/cloud/manage/monitor/advanced-dashboard,https://private-7c7dfe99.mintlify.app/products/cloud/features/monitoring/advanced-dashboard,matched,d41978d5f83b67c1,true,d41978d5f83b67c1,2026-05-08T09:09:20+00:00,false
/cloud/manage/network-data-transfer,docs/cloud/reference/03_billing/04_network-data-transfer.mdx,products/cloud/reference/billing/network-data-transfer.mdx,https://clickhouse.com/docs/cloud/manage/network-data-transfer,https://private-7c7dfe99.mintlify.app/products/cloud/reference/billing/network-data-transfer,matched,c3f98f239bac0836,true,c3f98f239bac0836,2026-05-08T09:09:20+00:00,false
/cloud/manage/openapi,docs/cloud/features/06_admin_features/api/openapi.md,products/cloud/features/admin-features/api/openapi.mdx,https://clickhouse.com/docs/cloud/manage/openapi,https://private-7c7dfe99.mintlify.app/products/cloud/features/admin-features/api/openapi,matched,9bdf3eb7fbb415ea,true,9bdf3eb7fbb415ea,2026-05-09T10:10:14+00:00,false
/cloud/manage/personal-data-access,docs/cloud/reference/09_security/03_compliance/03_personal-data-access.md,products/cloud/reference/personal-data-access.mdx,https://clickhouse.com/docs/cloud/manage/personal-data-access,https://private-7c7dfe99.mintlify.app/products/cloud/reference/personal-data-access,matched,5f4a434da6b62dd9,true,5f4a434da6b62dd9,2026-05-08T09:09:20+00:00,false
/cloud/manage/postman,docs/cloud/features/06_admin_features/api/postman.md,products/cloud/features/admin-features/api/postman.mdx,https://clickhouse.com/docs/cloud/manage/postman,https://private-7c7dfe99.mintlify.app/products/cloud/features/admin-features/api/postman,matched,18dfb0dd6a34e9e8,true,18dfb0dd6a34e9e8,2026-05-08T09:09:20+00:00,false
/cloud/manage/service-uptime,docs/cloud/reference/06_service-uptime.md,products/cloud/reference/service-uptime.mdx,https://clickhouse.com/docs/cloud/manage/service-uptime,https://private-7c7dfe99.mintlify.app/products/cloud/reference/service-uptime,matched,a5cb1320a980bfd4,true,a5cb1320a980bfd4,2026-05-08T09:09:20+00:00,false
/cloud/managed-postgres,docs/cloud/managed-postgres/overview.md,products/managed-postgres/overview.mdx,https://clickhouse.com/docs/cloud/managed-postgres,https://private-7c7dfe99.mintlify.app/products/managed-postgres/overview,matched,3187b09c349b1adf,true,3187b09c349b1adf,2026-05-08T09:09:20+00:00,false
/cloud/managed-postgres/backup-and-restore,docs/cloud/managed-postgres/backup-and-restore.md,products/managed-postgres/backup-and-restore.mdx,https://clickhouse.com/docs/cloud/managed-postgres/backup-and-restore,https://private-7c7dfe99.mintlify.app/products/managed-postgres/backup-and-restore,matched,42a816361856d5c3,true,42a816361856d5c3,2026-05-08T09:09:20+00:00,false
/cloud/managed-postgres/benchmarks,docs/cloud/managed-postgres/benchmarks.md,products/managed-postgres/benchmarks.mdx,https://clickhouse.com/docs/cloud/managed-postgres/benchmarks,https://private-7c7dfe99.mintlify.app/products/managed-postgres/benchmarks,matched,b039e0902c910e3a,true,b039e0902c910e3a,2026-05-08T09:09:20+00:00,false
/cloud/managed-postgres/clickhouse-integration,docs/cloud/managed-postgres/clickhouse-integration.md,products/managed-postgres/clickhouse-integration.mdx,https://clickhouse.com/docs/cloud/managed-postgres/clickhouse-integration,https://private-7c7dfe99.mintlify.app/products/managed-postgres/clickhouse-integration,matched,b84b15f4ba1d0b65,true,b84b15f4ba1d0b65,2026-05-08T09:09:20+00:00,false
/cloud/managed-postgres/connection,docs/cloud/managed-postgres/connection.md,products/managed-postgres/connection.mdx,https://clickhouse.com/docs/cloud/managed-postgres/connection,https://private-7c7dfe99.mintlify.app/products/managed-postgres/connection,matched,73508b541e9a46c4,true,73508b541e9a46c4,2026-05-08T09:09:20+00:00,false
/cloud/managed-postgres/extensions,docs/cloud/managed-postgres/extensions.md,products/managed-postgres/extensions.mdx,https://clickhouse.com/docs/cloud/managed-postgres/extensions,https://private-7c7dfe99.mintlify.app/products/managed-postgres/extensions,matched,54b34a06cdc46e25,true,54b34a06cdc46e25,2026-05-08T09:09:20+00:00,false
/cloud/managed-postgres/faq,docs/cloud/managed-postgres/faq.md,products/managed-postgres/faq.mdx,https://clickhouse.com/docs/cloud/managed-postgres/faq,https://private-7c7dfe99.mintlify.app/products/managed-postgres/faq,matched,1d67e99c39e4f231,true,1d67e99c39e4f231,2026-05-08T09:09:20+00:00,false
/cloud/managed-postgres/high-availability,docs/cloud/managed-postgres/high-availability.md,products/managed-postgres/high-availability.mdx,https://clickhouse.com/docs/cloud/managed-postgres/high-availability,https://private-7c7dfe99.mintlify.app/products/managed-postgres/high-availability,matched,e095d9f7251b1e78,true,e095d9f7251b1e78,2026-05-08T09:09:20+00:00,false
/cloud/managed-postgres/migrations/clickhouse-cloud,docs/cloud/managed-postgres/migrations/clickhouse-cloud.md,,https://clickhouse.com/docs/cloud/managed-postgres/migrations/clickhouse-cloud,,unmatched,725839242d4ddd4b,false,,,false
/cloud/managed-postgres/migrations/data-validation,docs/cloud/managed-postgres/migrations/data-validation.md,products/managed-postgres/migrations/data-validation.mdx,https://clickhouse.com/docs/cloud/managed-postgres/migrations/data-validation,https://private-7c7dfe99.mintlify.app/products/managed-postgres/migrations/data-validation,matched,76f00527414bfdbd,true,76f00527414bfdbd,2026-05-08T09:09:20+00:00,false
/cloud/managed-postgres/migrations/logical-replication,docs/cloud/managed-postgres/migrations/logical-replication.md,products/managed-postgres/migrations/logical-replication.mdx,https://clickhouse.com/docs/cloud/managed-postgres/migrations/logical-replication,https://private-7c7dfe99.mintlify.app/products/managed-postgres/migrations/logical-replication,matched,4835fd358af49ebe,true,4835fd358af49ebe,2026-05-08T09:09:20+00:00,false
/cloud/managed-postgres/migrations/peerdb,docs/cloud/managed-postgres/migrations/peerdb.md,products/managed-postgres/migrations/peerdb.mdx,https://clickhouse.com/docs/cloud/managed-postgres/migrations/peerdb,https://private-7c7dfe99.mintlify.app/products/managed-postgres/migrations/peerdb,matched,992db7d94e3436a2,true,992db7d94e3436a2,2026-05-08T11:53:27+00:00,false
/cloud/managed-postgres/migrations/pg_dump-pg_restore,docs/cloud/managed-postgres/migrations/pg_dump-pg_restore.md,products/managed-postgres/migrations/pg_dump-pg_restore.mdx,https://clickhouse.com/docs/cloud/managed-postgres/migrations/pg_dump-pg_restore,https://private-7c7dfe99.mintlify.app/products/managed-postgres/migrations/pg_dump-pg_restore,matched,37367dda83833402,true,37367dda83833402,2026-05-08T09:09:20+00:00,false
/cloud/managed-postgres/openapi,docs/cloud/managed-postgres/openapi.md,products/managed-postgres/openapi.mdx,https://clickhouse.com/docs/cloud/managed-postgres/openapi,https://private-7c7dfe99.mintlify.app/products/managed-postgres/openapi,matched,687bc9e7f08b4d2f,true,687bc9e7f08b4d2f,2026-05-09T11:22:25+00:00,false
/cloud/managed-postgres/quickstart,docs/cloud/managed-postgres/quickstart.md,products/managed-postgres/quickstart.mdx,https://clickhouse.com/docs/cloud/managed-postgres/quickstart,https://private-7c7dfe99.mintlify.app/products/managed-postgres/quickstart,matched,26daa2bbb52b818d,true,26daa2bbb52b818d,2026-05-08T09:09:20+00:00,false
/cloud/managed-postgres/read-replicas,docs/cloud/managed-postgres/read-replicas.md,products/managed-postgres/read-replicas.mdx,https://clickhouse.com/docs/cloud/managed-postgres/read-replicas,https://private-7c7dfe99.mintlify.app/products/managed-postgres/read-replicas,matched,06b6ccad93cdbabc,true,06b6ccad93cdbabc,2026-05-08T09:09:20+00:00,false
/cloud/managed-postgres/scaling,docs/cloud/managed-postgres/scaling.md,products/managed-postgres/scaling.mdx,https://clickhouse.com/docs/cloud/managed-postgres/scaling,https://private-7c7dfe99.mintlify.app/products/managed-postgres/scaling,matched,bfa696c72cc8966f,true,bfa696c72cc8966f,2026-05-08T09:09:20+00:00,false
/cloud/managed-postgres/security,docs/cloud/managed-postgres/security.md,products/managed-postgres/security.mdx,https://clickhouse.com/docs/cloud/managed-postgres/security,https://private-7c7dfe99.mintlify.app/products/managed-postgres/security,matched,c90765de4139cbbd,true,c90765de4139cbbd,2026-05-08T09:09:20+00:00,false
/cloud/managed-postgres/settings,docs/cloud/managed-postgres/settings.md,products/managed-postgres/settings.mdx,https://clickhouse.com/docs/cloud/managed-postgres/settings,https://private-7c7dfe99.mintlify.app/products/managed-postgres/settings,matched,1f0c93033fc8d8a8,true,1f0c93033fc8d8a8,2026-05-08T09:09:20+00:00,false
/cloud/managed-postgres/upgrades,docs/cloud/managed-postgres/upgrades.md,products/managed-postgres/upgrades.mdx,https://clickhouse.com/docs/cloud/managed-postgres/upgrades,https://private-7c7dfe99.mintlify.app/products/managed-postgres/upgrades,matched,b445eca1bc80cddd,true,b445eca1bc80cddd,2026-05-08T09:09:20+00:00,false
/cloud/marketplace/marketplace-billing,docs/cloud/reference/03_billing/02_marketplace/overview.md,products/cloud/reference/billing/marketplace/overview.mdx,https://clickhouse.com/docs/cloud/marketplace/marketplace-billing,https://private-7c7dfe99.mintlify.app/products/cloud/reference/billing/marketplace/overview,matched,81c464817cd52ea7,true,81c464817cd52ea7,2026-05-08T09:09:20+00:00,false
/cloud/migrate/upload-a-csv-file,docs/cloud/onboard/02_migrate/01_migration_guides/08_other_methods/04_upload-a-csv-file.md,products/cloud/guides/migration/upload-a-csv-file.mdx,https://clickhouse.com/docs/cloud/migrate/upload-a-csv-file,https://private-7c7dfe99.mintlify.app/products/cloud/guides/migration/upload-a-csv-file,matched,4a099f2b522ce3e4,true,4a099f2b522ce3e4,2026-05-08T09:09:20+00:00,false
/cloud/migration/clickhouse-local,docs/cloud/onboard/02_migrate/01_migration_guides/08_other_methods/01_clickhouse-local-etl.md,get-started/setup/migration-guides/other-methods/clickhouse-local-etl.mdx,https://clickhouse.com/docs/cloud/migration/clickhouse-local,https://private-7c7dfe99.mintlify.app/get-started/setup/migration-guides/other-methods/clickhouse-local-etl,matched,7a9bbf05765000c1,true,7a9bbf05765000c1,2026-05-08T11:18:28+00:00,false
/cloud/migration/clickhouse-to-cloud,docs/cloud/onboard/02_migrate/01_migration_guides/07_OSS_to_Cloud/01_clickhouse-to-cloud_with_remotesecure.md,get-started/setup/migration-guides/oss-to-cloud/clickhouse-to-cloud.mdx,https://clickhouse.com/docs/cloud/migration/clickhouse-to-cloud,https://private-7c7dfe99.mintlify.app/get-started/setup/migration-guides/oss-to-cloud/clickhouse-to-cloud,matched,7ca206c1079979e2,true,7ca206c1079979e2,2026-05-08T11:33:34+00:00,false
/cloud/migration/etl-tool-to-clickhouse,docs/cloud/onboard/02_migrate/01_migration_guides/08_other_methods/02_etl-tool-to-clickhouse.md,get-started/setup/migration-guides/other-methods/etl-tool-to-clickhouse.mdx,https://clickhouse.com/docs/cloud/migration/etl-tool-to-clickhouse,https://private-7c7dfe99.mintlify.app/get-started/setup/migration-guides/other-methods/etl-tool-to-clickhouse,matched,14da5879ab135d65,true,14da5879ab135d65,2026-05-08T09:09:20+00:00,false
/cloud/migration/oss-to-cloud-backup-restore,docs/cloud/onboard/02_migrate/01_migration_guides/07_OSS_to_Cloud/02_oss_to_cloud_backups.md,products/cloud/guides/migration/oss-to-cloud-backup-restore.mdx,https://clickhouse.com/docs/cloud/migration/oss-to-cloud-backup-restore,https://private-7c7dfe99.mintlify.app/products/cloud/guides/migration/oss-to-cloud-backup-restore,matched,f169deff08e010e3,true,f169deff08e010e3,2026-05-08T09:09:20+00:00,false
/cloud/monitoring,docs/cloud/features/08_monitoring/overview.md,products/cloud/features/monitoring/overview.mdx,https://clickhouse.com/docs/cloud/monitoring,https://private-7c7dfe99.mintlify.app/products/cloud/features/monitoring/overview,matched,895bd5a08d387c60,true,895bd5a08d387c60,2026-05-07T14:49:41+00:00,false
/cloud/monitoring/cloud-console,docs/cloud/features/08_monitoring/cloud-console.md,products/cloud/features/monitoring/cloud-console.mdx,https://clickhouse.com/docs/cloud/monitoring/cloud-console,https://private-7c7dfe99.mintlify.app/products/cloud/features/monitoring/cloud-console,matched,c9a31fe3279cbef4,true,c9a31fe3279cbef4,2026-05-08T09:09:20+00:00,false
/cloud/monitoring/integrations,docs/cloud/features/08_monitoring/integrations.md,products/cloud/features/monitoring/integrations.mdx,https://clickhouse.com/docs/cloud/monitoring/integrations,https://private-7c7dfe99.mintlify.app/products/cloud/features/monitoring/integrations,matched,46e180d61e2fed9f,true,46e180d61e2fed9f,2026-05-09T10:10:14+00:00,false
/cloud/monitoring/system-tables,docs/cloud/features/08_monitoring/system-tables.md,products/cloud/features/monitoring/system-tables.mdx,https://clickhouse.com/docs/cloud/monitoring/system-tables,https://private-7c7dfe99.mintlify.app/products/cloud/features/monitoring/system-tables,matched,c0b9697e8ad44e0d,true,c0b9697e8ad44e0d,2026-05-08T09:09:20+00:00,false
/cloud/notifications,docs/cloud/features/08_monitoring/cloud-notifications.md,products/cloud/features/monitoring/notifications.mdx,https://clickhouse.com/docs/cloud/notifications,https://private-7c7dfe99.mintlify.app/products/cloud/features/monitoring/notifications,matched,99b276dc1a14093b,true,99b276dc1a14093b,2026-05-08T09:09:20+00:00,false
/cloud/overview,docs/cloud/onboard/01_discover/01_what_is.md,products/cloud/getting-started/intro.mdx,https://clickhouse.com/docs/cloud/overview,https://private-7c7dfe99.mintlify.app/products/cloud/getting-started/intro,matched,6a989c83073b9a92,true,6a989c83073b9a92,2026-05-08T09:09:20+00:00,false
/cloud/reference,docs/cloud/reference/index.md,products/cloud/reference/index.mdx,https://clickhouse.com/docs/cloud/reference,https://private-7c7dfe99.mintlify.app/products/cloud/reference,matched,292f22bc13c3bd83,true,292f22bc13c3bd83,2026-05-08T09:09:20+00:00,false
/cloud/reference/architecture,docs/cloud/reference/02_architecture.md,products/cloud/reference/architecture.mdx,https://clickhouse.com/docs/cloud/reference/architecture,https://private-7c7dfe99.mintlify.app/products/cloud/reference/architecture,matched,f288030a7ccc04fa,true,f288030a7ccc04fa,2026-05-08T09:09:20+00:00,false
/cloud/reference/billing/clickpipes,docs/cloud/reference/03_billing/03_clickpipes/index.md,products/cloud/reference/billing/clickpipes/index.mdx,https://clickhouse.com/docs/cloud/reference/billing/clickpipes,https://private-7c7dfe99.mintlify.app/products/cloud/reference/billing/clickpipes,matched,f38bca2728a4ec18,true,f38bca2728a4ec18,2026-05-07T14:49:41+00:00,false
/cloud/reference/billing/clickpipes/postgres-cdc,docs/cloud/reference/03_billing/03_clickpipes/clickpipes_for_cdc.md,products/cloud/reference/billing/clickpipes/clickpipes-for-cdc.mdx,https://clickhouse.com/docs/cloud/reference/billing/clickpipes/postgres-cdc,https://private-7c7dfe99.mintlify.app/products/cloud/reference/billing/clickpipes/clickpipes-for-cdc,matched,1ac8e17640392095,true,1ac8e17640392095,2026-05-08T09:09:20+00:00,false
/cloud/reference/billing/clickpipes/streaming-and-object-storage,docs/cloud/reference/03_billing/03_clickpipes/clickpipes_for_streaming_and_object_storage.md,products/cloud/reference/billing/clickpipes/clickpipes-for-streaming-and-object-storage.mdx,https://clickhouse.com/docs/cloud/reference/billing/clickpipes/streaming-and-object-storage,https://private-7c7dfe99.mintlify.app/products/cloud/reference/billing/clickpipes/clickpipes-for-streaming-and-object-storage,matched,f1b629a47a4e799b,true,f1b629a47a4e799b,2026-05-09T09:39:38+00:00,false
/cloud/reference/byoc/architecture,docs/cloud/guides/infrastructure/01_deployment_options/byoc/02_architecture.md,products/cloud/guides/infrastructure/deployment-options/byoc/architecture.mdx | products/bring-your-own-cloud/overview/architecture.mdx,https://clickhouse.com/docs/cloud/reference/byoc/architecture,,ambiguous,a0472008166c0a9f,true,a0472008166c0a9f,2026-05-08T19:29:49+00:00,false
/cloud/reference/byoc/configurations,docs/cloud/guides/infrastructure/01_deployment_options/byoc/05_configuration.md,products/bring-your-own-cloud/configuration/configurations.mdx,https://clickhouse.com/docs/cloud/reference/byoc/configurations,https://private-7c7dfe99.mintlify.app/products/bring-your-own-cloud/configuration/configurations,matched,0d8106d1a164c2be,true,0d8106d1a164c2be,2026-05-08T09:09:20+00:00,false
/cloud/reference/byoc/connect,docs/cloud/guides/infrastructure/01_deployment_options/byoc/04_connectivity.md,products/bring-your-own-cloud/configuration/connect.mdx,https://clickhouse.com/docs/cloud/reference/byoc/connect,https://private-7c7dfe99.mintlify.app/products/bring-your-own-cloud/configuration/connect,matched,008b9d9d44bae9d0,true,008b9d9d44bae9d0,2026-05-08T09:09:20+00:00,false
/cloud/reference/byoc/observability,docs/cloud/guides/infrastructure/01_deployment_options/byoc/06_observability.md,products/cloud/guides/infrastructure/deployment-options/byoc/observability/aws.mdx | products/bring-your-own-cloud/reference/observability-aws.mdx,https://clickhouse.com/docs/cloud/reference/byoc/observability,,ambiguous,6d12761af5316c80,true,6d12761af5316c80,2026-05-08T19:29:49+00:00,false
/cloud/reference/byoc/onboarding/azure-private-preview,docs/cloud/guides/infrastructure/01_deployment_options/byoc/03_onboarding/05_azure_private_preview.md,products/bring-your-own-cloud/onboarding/azure-private-preview.mdx,https://clickhouse.com/docs/cloud/reference/byoc/onboarding/azure-private-preview,https://private-7c7dfe99.mintlify.app/products/bring-your-own-cloud/onboarding/azure-private-preview,matched,b2cf01c8dc7cb2a0,true,b2cf01c8dc7cb2a0,2026-05-09T10:08:44+00:00,false
/cloud/reference/byoc/onboarding/customization-aws,docs/cloud/guides/infrastructure/01_deployment_options/byoc/03_onboarding/02_customization/01_aws.md,products/bring-your-own-cloud/onboarding/customization-aws.mdx,https://clickhouse.com/docs/cloud/reference/byoc/onboarding/customization-aws,https://private-7c7dfe99.mintlify.app/products/bring-your-own-cloud/onboarding/customization-aws,matched,8133f4b16d870e30,true,8133f4b16d870e30,2026-05-08T09:09:20+00:00,false
/cloud/reference/byoc/onboarding/customization-gcp,docs/cloud/guides/infrastructure/01_deployment_options/byoc/03_onboarding/02_customization/02_gcp.md,products/bring-your-own-cloud/onboarding/customization-gcp.mdx,https://clickhouse.com/docs/cloud/reference/byoc/onboarding/customization-gcp,https://private-7c7dfe99.mintlify.app/products/bring-your-own-cloud/onboarding/customization-gcp,matched,932fa029c68397ba,true,932fa029c68397ba,2026-05-07T14:49:41+00:00,false
/cloud/reference/byoc/onboarding/network,docs/cloud/guides/infrastructure/01_deployment_options/byoc/03_onboarding/03_network_setup/index.md,products/bring-your-own-cloud/onboarding/network.mdx,https://clickhouse.com/docs/cloud/reference/byoc/onboarding/network,https://private-7c7dfe99.mintlify.app/products/bring-your-own-cloud/onboarding/network,matched,ed28ea45f8963c71,true,ed28ea45f8963c71,2026-05-07T14:49:41+00:00,false
/cloud/reference/byoc/onboarding/network-aws,docs/cloud/guides/infrastructure/01_deployment_options/byoc/03_onboarding/03_network_setup/01_aws.md,products/bring-your-own-cloud/onboarding/network-aws.mdx,https://clickhouse.com/docs/cloud/reference/byoc/onboarding/network-aws,https://private-7c7dfe99.mintlify.app/products/bring-your-own-cloud/onboarding/network-aws,matched,20e1f86cb2bc1f32,true,20e1f86cb2bc1f32,2026-05-08T09:09:20+00:00,false
/cloud/reference/byoc/onboarding/network-gcp,docs/cloud/guides/infrastructure/01_deployment_options/byoc/03_onboarding/03_network_setup/02_gcp.md,products/bring-your-own-cloud/onboarding/network-gcp.mdx,https://clickhouse.com/docs/cloud/reference/byoc/onboarding/network-gcp,https://private-7c7dfe99.mintlify.app/products/bring-your-own-cloud/onboarding/network-gcp,matched,791ae3e21cbbca61,true,791ae3e21cbbca61,2026-05-08T09:09:20+00:00,false
/cloud/reference/byoc/onboarding/new_region,docs/cloud/guides/infrastructure/01_deployment_options/byoc/03_onboarding/04_setup_a_new_region.md,products/bring-your-own-cloud/onboarding/new-region.mdx,https://clickhouse.com/docs/cloud/reference/byoc/onboarding/new_region,https://private-7c7dfe99.mintlify.app/products/bring-your-own-cloud/onboarding/new-region,matched,ec918ef1a8716552,true,ec918ef1a8716552,2026-05-08T09:09:20+00:00,false
/cloud/reference/byoc/onboarding/standard,docs/cloud/guides/infrastructure/01_deployment_options/byoc/03_onboarding/01_standard.md,products/bring-your-own-cloud/onboarding/standard.mdx,https://clickhouse.com/docs/cloud/reference/byoc/onboarding/standard,https://private-7c7dfe99.mintlify.app/products/bring-your-own-cloud/onboarding/standard,matched,c940c5d7184511d9,true,c940c5d7184511d9,2026-05-08T09:09:20+00:00,false
/cloud/reference/byoc/operations,docs/cloud/guides/infrastructure/01_deployment_options/byoc/07_operations.md,products/bring-your-own-cloud/configuration/operations.mdx,https://clickhouse.com/docs/cloud/reference/byoc/operations,https://private-7c7dfe99.mintlify.app/products/bring-your-own-cloud/configuration/operations,matched,c3c632b447b4e26d,true,c3c632b447b4e26d,2026-05-08T09:09:20+00:00,false
/cloud/reference/byoc/overview,docs/cloud/guides/infrastructure/01_deployment_options/byoc/01_overview.md,products/cloud/guides/infrastructure/deployment-options/byoc/overview.mdx,https://clickhouse.com/docs/cloud/reference/byoc/overview,https://private-7c7dfe99.mintlify.app/products/cloud/guides/infrastructure/deployment-options/byoc/overview,matched,57a2fa2d3ee4205f,true,57a2fa2d3ee4205f,2026-05-09T10:08:44+00:00,false
/cloud/reference/byoc/reference/faq,docs/cloud/guides/infrastructure/01_deployment_options/byoc/08_reference/01_faq.md,products/bring-your-own-cloud/reference/faq.mdx,https://clickhouse.com/docs/cloud/reference/byoc/reference/faq,https://private-7c7dfe99.mintlify.app/products/bring-your-own-cloud/reference/faq,matched,a1d10da01c215d70,true,a1d10da01c215d70,2026-05-08T09:09:20+00:00,false
/cloud/reference/byoc/reference/network_security,docs/cloud/guides/infrastructure/01_deployment_options/byoc/08_reference/03_network_security.md,products/bring-your-own-cloud/reference/network-security.mdx,https://clickhouse.com/docs/cloud/reference/byoc/reference/network_security,https://private-7c7dfe99.mintlify.app/products/bring-your-own-cloud/reference/network-security,matched,6b541efa71e4c920,true,6b541efa71e4c920,2026-05-08T09:09:20+00:00,false
/cloud/reference/byoc/reference/privilege,docs/cloud/guides/infrastructure/01_deployment_options/byoc/08_reference/02_priviledge.md,products/bring-your-own-cloud/reference/privilege.mdx,https://clickhouse.com/docs/cloud/reference/byoc/reference/privilege,https://private-7c7dfe99.mintlify.app/products/bring-your-own-cloud/reference/privilege,matched,c79247efbd1ca8bf,true,c79247efbd1ca8bf,2026-05-08T09:09:20+00:00,false
/cloud/reference/changelogs,docs/cloud/reference/01_changelog/index.md,resources/changelogs/cloud/index.mdx,https://clickhouse.com/docs/cloud/reference/changelogs,https://private-7c7dfe99.mintlify.app/resources/changelogs/cloud,matched,d30b29b61d1b4fb2,true,d30b29b61d1b4fb2,2026-05-07T14:49:41+00:00,false
/cloud/reference/changelogs/release-notes,docs/cloud/reference/01_changelog/02_release_notes/index.md,resources/changelogs/cloud/release-notes-index.mdx,https://clickhouse.com/docs/cloud/reference/changelogs/release-notes,https://private-7c7dfe99.mintlify.app/resources/changelogs/cloud/release-notes-index,matched,da121d0b81c50952,true,da121d0b81c50952,2026-05-08T21:00:51+00:00,false
/cloud/reference/shared-catalog,docs/cloud/features/05_infrastructure/shared-catalog.md,products/cloud/features/infrastructure/shared-catalog.mdx,https://clickhouse.com/docs/cloud/reference/shared-catalog,https://private-7c7dfe99.mintlify.app/products/cloud/features/infrastructure/shared-catalog,matched,49be655a5ffb136b,true,49be655a5ffb136b,2026-05-08T09:09:20+00:00,false
/cloud/reference/shared-merge-tree,docs/cloud/features/05_infrastructure/shared-merge-tree.md,products/cloud/features/infrastructure/shared-merge-tree.mdx,https://clickhouse.com/docs/cloud/reference/shared-merge-tree,https://private-7c7dfe99.mintlify.app/products/cloud/features/infrastructure/shared-merge-tree,matched,c827eb762dcd0803,true,c827eb762dcd0803,2026-05-08T09:09:20+00:00,false
/cloud/reference/supported-regions,docs/cloud/reference/05_supported-regions.md,products/cloud/reference/supported-regions.mdx,https://clickhouse.com/docs/cloud/reference/supported-regions,https://private-7c7dfe99.mintlify.app/products/cloud/reference/supported-regions,matched,60f944a974763ca2,true,929f9cd67500707a,2026-05-08T19:23:12+00:00,false
/cloud/reference/warehouses,docs/cloud/features/05_infrastructure/warehouses.md,products/cloud/features/infrastructure/warehouses.mdx,https://clickhouse.com/docs/cloud/reference/warehouses,https://private-7c7dfe99.mintlify.app/products/cloud/features/infrastructure/warehouses,matched,d1f910fe58908f6e,true,d1f910fe58908f6e,2026-05-08T09:09:20+00:00,false
/cloud/release-status,docs/cloud/reference/01_changelog/02_release_status.md,resources/changelogs/cloud/release-status.mdx,https://clickhouse.com/docs/cloud/release-status,https://private-7c7dfe99.mintlify.app/resources/changelogs/cloud/release-status,matched,7a6a53150ca43ae2,true,7a6a53150ca43ae2,2026-05-08T18:58:07+00:00,false
/cloud/security,docs/cloud/features/07_security.md,products/cloud/features/security.mdx,https://clickhouse.com/docs/cloud/security,https://private-7c7dfe99.mintlify.app/products/cloud/features/security,matched,3cbcbe09143ba2ad,true,3cbcbe09143ba2ad,2026-05-08T09:09:20+00:00,false
/cloud/security/ai-compliance,docs/cloud/reference/09_security/03_compliance/02_ai-compliance.md,products/cloud/reference/security/ai-compliance.mdx,https://clickhouse.com/docs/cloud/security/ai-compliance,https://private-7c7dfe99.mintlify.app/products/cloud/reference/security/ai-compliance,matched,ff5494ac2cff0726,true,ff5494ac2cff0726,2026-05-08T09:09:20+00:00,false
/cloud/security/audit-logging,docs/cloud/reference/09_security/02_audit-logging.md,products/cloud/reference/security/audit-logging.mdx,https://clickhouse.com/docs/cloud/security/audit-logging,https://private-7c7dfe99.mintlify.app/products/cloud/reference/security/audit-logging,matched,e8f70f164f2c79a0,true,e8f70f164f2c79a0,2026-05-08T09:09:20+00:00,false
/cloud/security/audit-logging/byoc-security-playbook,docs/cloud/guides/security/05_audit_logging/03_byoc-security-playbook.md,products/cloud/guides/security/audit-logging/byoc-security-playbook.mdx,https://clickhouse.com/docs/cloud/security/audit-logging/byoc-security-playbook,https://private-7c7dfe99.mintlify.app/products/cloud/guides/security/audit-logging/byoc-security-playbook,matched,6bea681f99a20804,true,6bea681f99a20804,2026-05-08T09:09:20+00:00,false
/cloud/security/audit-logging/console-audit-log,docs/cloud/guides/security/05_audit_logging/01_console-audit-log.md,products/cloud/guides/security/audit-logging/console-audit-log.mdx,https://clickhouse.com/docs/cloud/security/audit-logging/console-audit-log,https://private-7c7dfe99.mintlify.app/products/cloud/guides/security/audit-logging/console-audit-log,matched,2cbc552446620b24,true,2cbc552446620b24,2026-05-09T10:10:14+00:00,false
/cloud/security/audit-logging/database-audit-log,docs/cloud/guides/security/05_audit_logging/02_database-audit-log.md,products/cloud/guides/security/audit-logging/database-audit-log.mdx,https://clickhouse.com/docs/cloud/security/audit-logging/database-audit-log,https://private-7c7dfe99.mintlify.app/products/cloud/guides/security/audit-logging/database-audit-log,matched,1209f1c828ccbdcd,true,1209f1c828ccbdcd,2026-05-08T09:09:20+00:00,false
/cloud/security/audit_logging,docs/cloud/guides/security/05_audit_logging/index.md,products/cloud/guides/security/audit-logging/index.mdx,https://clickhouse.com/docs/cloud/security/audit_logging,https://private-7c7dfe99.mintlify.app/products/cloud/guides/security/audit-logging,matched,d065a9f4fd510c23,true,d065a9f4fd510c23,2026-05-08T09:09:20+00:00,false
/cloud/security/azure-privatelink,docs/cloud/guides/security/02_connectivity/private_networking/04_azure-privatelink.md,products/cloud/guides/security/connectivity/private-networking/azure-privatelink.mdx,https://clickhouse.com/docs/cloud/security/azure-privatelink,https://private-7c7dfe99.mintlify.app/products/cloud/guides/security/connectivity/private-networking/azure-privatelink,matched,5b724c7950130db3,true,5b724c7950130db3,2026-05-08T09:09:20+00:00,false
/cloud/security/cloud_access_management,docs/cloud/guides/security/01_cloud_access_management/index.md,products/cloud/guides/security/cloud-access-management/index.mdx,https://clickhouse.com/docs/cloud/security/cloud_access_management,https://private-7c7dfe99.mintlify.app/products/cloud/guides/security/cloud-access-management,matched,ed7e9fe20cdf9e7a,true,ed7e9fe20cdf9e7a,2026-05-08T09:09:20+00:00,false
/cloud/security/cmek,docs/cloud/guides/security/04_cmek.md,products/cloud/guides/security/cmek.mdx,https://clickhouse.com/docs/cloud/security/cmek,https://private-7c7dfe99.mintlify.app/products/cloud/guides/security/cmek,matched,a7409065d2991abd,true,a7409065d2991abd,2026-05-08T09:09:20+00:00,false
/cloud/security/cmek-migration,docs/cloud/guides/security/05_cmek_migration.md,products/cloud/guides/security/cmek-migration.mdx,https://clickhouse.com/docs/cloud/security/cmek-migration,https://private-7c7dfe99.mintlify.app/products/cloud/guides/security/cmek-migration,matched,7a7c04c3898e7261,true,7a7c04c3898e7261,2026-05-08T09:09:20+00:00,false
/cloud/security/common-access-management-queries,docs/cloud/guides/security/01_cloud_access_management/09_common-access-management-queries.md,products/cloud/guides/security/cloud-access-management/common-access-management-queries.mdx,https://clickhouse.com/docs/cloud/security/common-access-management-queries,https://private-7c7dfe99.mintlify.app/products/cloud/guides/security/cloud-access-management/common-access-management-queries,matched,e2eae9bc919bb02c,true,e2eae9bc919bb02c,2026-05-08T09:09:20+00:00,false
/cloud/security/compliance-overview,docs/cloud/reference/09_security/03_compliance/01_compliance-overview.md,products/cloud/reference/security/compliance-overview.mdx,https://clickhouse.com/docs/cloud/security/compliance-overview,https://private-7c7dfe99.mintlify.app/products/cloud/reference/security/compliance-overview,matched,7a73b3d4bdb8f3dd,true,7a73b3d4bdb8f3dd,2026-05-08T09:09:20+00:00,false
/cloud/security/compliance/hipaa-onboarding,docs/cloud/guides/security/06_compliance/01_hipaa-onboarding.md,products/cloud/guides/security/compliance/hipaa-onboarding.mdx,https://clickhouse.com/docs/cloud/security/compliance/hipaa-onboarding,https://private-7c7dfe99.mintlify.app/products/cloud/guides/security/compliance/hipaa-onboarding,matched,c8d09ad79e54ea9e,true,c8d09ad79e54ea9e,2026-05-08T09:09:20+00:00,false
/cloud/security/compliance/pci-onboarding,docs/cloud/guides/security/06_compliance/02_pci-onboarding.md,products/cloud/guides/security/compliance/pci-onboarding.mdx,https://clickhouse.com/docs/cloud/security/compliance/pci-onboarding,https://private-7c7dfe99.mintlify.app/products/cloud/guides/security/compliance/pci-onboarding,matched,aad4076142416380,true,aad4076142416380,2026-05-08T09:09:20+00:00,false
/cloud/security/connectivity/private-networking,docs/cloud/guides/security/02_connectivity/private_networking/index.md,products/cloud/guides/security/connectivity/private-networking/index.mdx,https://clickhouse.com/docs/cloud/security/connectivity/private-networking,https://private-7c7dfe99.mintlify.app/products/cloud/guides/security/connectivity/private-networking,matched,7a4af08a1b17f2a8,true,7a4af08a1b17f2a8,2026-05-07T14:49:41+00:00,false
/cloud/security/console-roles,docs/cloud/reference/09_security/01_console-roles.md,products/cloud/reference/security/console-roles.mdx,https://clickhouse.com/docs/cloud/security/console-roles,https://private-7c7dfe99.mintlify.app/products/cloud/reference/security/console-roles,matched,27c50d3a9f2b105e,true,27c50d3a9f2b105e,2026-05-08T09:09:20+00:00,false
/cloud/security/manage-cloud-users,docs/cloud/guides/security/01_cloud_access_management/02_manage-cloud-users.md,products/cloud/guides/security/cloud-access-management/manage-cloud-users.mdx,https://clickhouse.com/docs/cloud/security/manage-cloud-users,https://private-7c7dfe99.mintlify.app/products/cloud/guides/security/cloud-access-management/manage-cloud-users,matched,e6b3aabbe65fc08e,true,e6b3aabbe65fc08e,2026-05-08T09:09:20+00:00,false
/cloud/security/manage-database-service-accounts,docs/cloud/guides/security/01_cloud_access_management/06_manage-database-service-accounts.md,products/cloud/guides/security/cloud-access-management/manage-database-service-accounts.mdx,https://clickhouse.com/docs/cloud/security/manage-database-service-accounts,https://private-7c7dfe99.mintlify.app/products/cloud/guides/security/cloud-access-management/manage-database-service-accounts,matched,0f8cd414ba5520eb,true,0f8cd414ba5520eb,2026-05-07T14:49:41+00:00,false
/cloud/security/manage-database-users,docs/cloud/guides/security/01_cloud_access_management/05_manage-database-users.md,products/cloud/guides/security/cloud-access-management/manage-database-users.mdx,https://clickhouse.com/docs/cloud/security/manage-database-users,https://private-7c7dfe99.mintlify.app/products/cloud/guides/security/cloud-access-management/manage-database-users,matched,46e9bb85c6eacb4b,true,46e9bb85c6eacb4b,2026-05-08T09:09:20+00:00,false
/cloud/security/manage-my-account,docs/cloud/guides/security/01_cloud_access_management/01_manage-my-account.md,products/cloud/guides/security/cloud-access-management/manage-my-account.mdx,https://clickhouse.com/docs/cloud/security/manage-my-account,https://private-7c7dfe99.mintlify.app/products/cloud/guides/security/cloud-access-management/manage-my-account,matched,cf46ac1d8a096f2d,true,cf46ac1d8a096f2d,2026-05-08T09:09:20+00:00,false
/cloud/security/saml-removal,docs/cloud/guides/security/01_cloud_access_management/08_saml-sso-removal.md,products/cloud/guides/security/saml-sso-removal.mdx,https://clickhouse.com/docs/cloud/security/saml-removal,https://private-7c7dfe99.mintlify.app/products/cloud/guides/security/saml-sso-removal,matched,1fe4b8c64e0c64cc,true,1fe4b8c64e0c64cc,2026-05-08T09:09:20+00:00,false
/cloud/security/saml-setup,docs/cloud/guides/security/01_cloud_access_management/07_saml-sso-setup.md,products/cloud/guides/security/cloud-access-management/saml-sso-setup.mdx,https://clickhouse.com/docs/cloud/security/saml-setup,https://private-7c7dfe99.mintlify.app/products/cloud/guides/security/cloud-access-management/saml-sso-setup,matched,9376958e592d7a92,true,9376958e592d7a92,2026-05-08T09:09:20+00:00,false
/cloud/security/setting-ip-filters,docs/cloud/guides/security/02_connectivity/01_setting-ip-filters.md,products/cloud/guides/security/connectivity/setting-ip-filters.mdx,https://clickhouse.com/docs/cloud/security/setting-ip-filters,https://private-7c7dfe99.mintlify.app/products/cloud/guides/security/connectivity/setting-ip-filters,matched,7af99c81faa1697d,true,7af99c81faa1697d,2026-05-08T09:09:20+00:00,false
/cloud/support,docs/cloud/features/11_support.md,products/cloud/features/support.mdx,https://clickhouse.com/docs/cloud/support,https://private-7c7dfe99.mintlify.app/products/cloud/features/support,matched,ed51d6c3026594d0,true,ed51d6c3026594d0,2026-05-08T11:33:34+00:00,false
/community-wisdom/cost-optimization,docs/tips-and-tricks/cost-optimization.md,resources/support-center/tips-and-tricks/cost-optimization.mdx,https://clickhouse.com/docs/community-wisdom/cost-optimization,https://private-7c7dfe99.mintlify.app/resources/support-center/tips-and-tricks/cost-optimization,matched,feb25bfa28d0e460,true,feb25bfa28d0e460,2026-05-09T09:39:38+00:00,false
/community-wisdom/creative-use-cases,docs/tips-and-tricks/success-stories.md,resources/support-center/tips-and-tricks/success-stories.mdx,https://clickhouse.com/docs/community-wisdom/creative-use-cases,https://private-7c7dfe99.mintlify.app/resources/support-center/tips-and-tricks/success-stories,matched,d49cdc866db0541e,true,d49cdc866db0541e,2026-05-09T09:39:38+00:00,false
/community-wisdom/debugging-insights,docs/tips-and-tricks/debugging-insights.md,resources/support-center/tips-and-tricks/debugging-insights.mdx,https://clickhouse.com/docs/community-wisdom/debugging-insights,https://private-7c7dfe99.mintlify.app/resources/support-center/tips-and-tricks/debugging-insights,matched,4338ba3267281111,true,4338ba3267281111,2026-05-09T09:39:38+00:00,false
/community-wisdom/performance-optimization,docs/tips-and-tricks/performance-optimization.md,resources/support-center/tips-and-tricks/performance-optimization.mdx,https://clickhouse.com/docs/community-wisdom/performance-optimization,https://private-7c7dfe99.mintlify.app/resources/support-center/tips-and-tricks/performance-optimization,matched,076bcd32f1cacb3e,true,076bcd32f1cacb3e,2026-05-09T09:39:38+00:00,false
/concepts,docs/concepts/index.md,concepts/index.mdx | products/cloud/concepts.mdx,https://clickhouse.com/docs/concepts,,ambiguous,906c00a6ef80e771,true,906c00a6ef80e771,2026-05-08T15:29:53+00:00,false
/concepts/faq,docs/faq/index.md,resources/support-center/knowledge-base/general-faqs/faq-index.mdx,https://clickhouse.com/docs/concepts/faq,https://private-7c7dfe99.mintlify.app/resources/support-center/knowledge-base/general-faqs/faq-index,matched,5433c29db7b36993,true,5433c29db7b36993,2026-05-08T15:12:29+00:00,false
/concepts/glossary,docs/concepts/glossary.md,concepts/core-concepts/glossary.mdx,https://clickhouse.com/docs/concepts/glossary,https://private-7c7dfe99.mintlify.app/concepts/core-concepts/glossary,matched,a4b542589636426e,true,a4b542589636426e,2026-05-08T20:59:47+00:00,false
/concepts/olap,docs/concepts/olap.md,get-started/about/olap.mdx,https://clickhouse.com/docs/concepts/olap,https://private-7c7dfe99.mintlify.app/get-started/about/olap,matched,2b4c6a1cb3cfce2a,true,2b4c6a1cb3cfce2a,2026-05-08T09:09:20+00:00,false
/concepts/why-clickhouse-is-so-fast,docs/concepts/why-clickhouse-is-so-fast.mdx,get-started/about/why-clickhouse-is-so-fast.mdx,https://clickhouse.com/docs/concepts/why-clickhouse-is-so-fast,https://private-7c7dfe99.mintlify.app/get-started/about/why-clickhouse-is-so-fast,matched,7c7ba57b3b08ab49,true,7c7ba57b3b08ab49,2026-05-08T12:19:52+00:00,false
/data-compression/compression-in-clickhouse,docs/data-compression/compression-in-clickhouse.md,guides/cloud-oss/data-modelling/compression/compression-in-clickhouse.mdx,https://clickhouse.com/docs/data-compression/compression-in-clickhouse,https://private-7c7dfe99.mintlify.app/guides/cloud-oss/data-modelling/compression/compression-in-clickhouse,matched,b6b78bcb98be9fdd,true,b6b78bcb98be9fdd,2026-05-08T09:09:20+00:00,false
/data-compression/compression-modes,docs/data-compression/compression-modes.md,guides/cloud-oss/data-modelling/compression/compression-modes.mdx,https://clickhouse.com/docs/data-compression/compression-modes,https://private-7c7dfe99.mintlify.app/guides/cloud-oss/data-modelling/compression/compression-modes,matched,74601704fee4d567,true,74601704fee4d567,2026-05-08T09:09:20+00:00,false
/data-modeling/backfilling,docs/data-modeling/backfilling.md,guides/cloud-oss/data-modelling/backfilling.mdx,https://clickhouse.com/docs/data-modeling/backfilling,https://private-7c7dfe99.mintlify.app/guides/cloud-oss/data-modelling/backfilling,matched,4bd9d1a9edbd3963,true,4bd9d1a9edbd3963,2026-05-08T18:41:21+00:00,false
/data-modeling/denormalization,docs/data-modeling/denormalization.md,guides/cloud-oss/data-modelling/denormalization.mdx,https://clickhouse.com/docs/data-modeling/denormalization,https://private-7c7dfe99.mintlify.app/guides/cloud-oss/data-modelling/denormalization,matched,671e79f9ab1f6888,true,671e79f9ab1f6888,2026-05-08T09:09:20+00:00,false
/data-modeling/overview,docs/data-modeling/index.md,guides/cloud-oss/data-modelling/index.mdx,https://clickhouse.com/docs/data-modeling/overview,https://private-7c7dfe99.mintlify.app/guides/cloud-oss/data-modelling,matched,9ab83ff7ede41066,true,9ab83ff7ede41066,2026-05-08T09:09:20+00:00,false
/data-modeling/projections,docs/data-modeling/projections/1_projections.md,concepts/features/projections/projections.mdx,https://clickhouse.com/docs/data-modeling/projections,https://private-7c7dfe99.mintlify.app/concepts/features/projections/projections,matched,9c09ba6f54347fd8,true,9c09ba6f54347fd8,2026-05-08T12:19:52+00:00,false
/data-modeling/schema-design,docs/data-modeling/schema-design.md,guides/cloud-oss/data-modelling/schema-design.mdx,https://clickhouse.com/docs/data-modeling/schema-design,https://private-7c7dfe99.mintlify.app/guides/cloud-oss/data-modelling/schema-design,matched,144200501b2dfb47,true,144200501b2dfb47,2026-05-08T09:09:20+00:00,false
/deletes/overview,docs/managing-data/deleting-data/overview.mdx,concepts/operations/delete/overview.mdx,https://clickhouse.com/docs/deletes/overview,https://private-7c7dfe99.mintlify.app/concepts/operations/delete/overview,matched,cb8acc35f6ceddc7,true,cb8acc35f6ceddc7,2026-05-08T09:09:20+00:00,false
/deployment-guides/index,docs/deployment-guides/index.md,guides/oss/deployment-and-scaling/index.mdx,https://clickhouse.com/docs/deployment-guides/index,https://private-7c7dfe99.mintlify.app/guides/oss/deployment-and-scaling,matched,178654a19a5a12a1,true,178654a19a5a12a1,2026-05-08T09:09:20+00:00,false
/deployment-guides/parallel-replicas,docs/deployment-guides/parallel-replicas.mdx,products/cloud/features/infrastructure/parallel-replicas.mdx,https://clickhouse.com/docs/deployment-guides/parallel-replicas,https://private-7c7dfe99.mintlify.app/products/cloud/features/infrastructure/parallel-replicas,matched,18c05d079bdcf8c5,true,18c05d079bdcf8c5,2026-05-08T09:09:20+00:00,false
/deployment-modes,docs/deployment-modes.md,get-started/about/deployment-modes.mdx,https://clickhouse.com/docs/deployment-modes,https://private-7c7dfe99.mintlify.app/get-started/about/deployment-modes,matched,5e24b41fab85372a,true,5e24b41fab85372a,2026-05-08T12:19:52+00:00,false
/development/,docs/development/index.md,resources/contribute/index.mdx,https://clickhouse.com/docs/development/,https://private-7c7dfe99.mintlify.app/resources/contribute,matched,efa5924dc8213c3f,true,efa5924dc8213c3f,2026-05-08T21:00:51+00:00,false
/development/architecture,docs/development/architecture.md,resources/contribute/architecture.mdx,https://clickhouse.com/docs/development/architecture,https://private-7c7dfe99.mintlify.app/resources/contribute/architecture,matched,c096ac52d9f3230f,true,c096ac52d9f3230f,2026-05-08T09:09:20+00:00,false
/development/backports,docs/development/backports.md,resources/contribute/backports.mdx,https://clickhouse.com/docs/development/backports,https://private-7c7dfe99.mintlify.app/resources/contribute/backports,matched,f6ace53a2009690b,true,f6ace53a2009690b,2026-05-07T14:49:41+00:00,false
/development/build,docs/development/build.md,resources/contribute/build.mdx,https://clickhouse.com/docs/development/build,https://private-7c7dfe99.mintlify.app/resources/contribute/build,matched,dedfb328f44d5208,true,dedfb328f44d5208,2026-05-08T15:04:34+00:00,false
/development/build-cross-arm,docs/development/build-cross-arm.md,resources/contribute/build-cross-arm.mdx,https://clickhouse.com/docs/development/build-cross-arm,https://private-7c7dfe99.mintlify.app/resources/contribute/build-cross-arm,matched,f732d015e8ca7a50,true,f732d015e8ca7a50,2026-05-07T14:49:41+00:00,false
/development/build-cross-loongarch,docs/development/build-cross-loongarch.md,resources/contribute/build-cross-loongarch.mdx,https://clickhouse.com/docs/development/build-cross-loongarch,https://private-7c7dfe99.mintlify.app/resources/contribute/build-cross-loongarch,matched,5efd5807ee1bc81d,true,5efd5807ee1bc81d,2026-05-08T09:09:20+00:00,false
/development/build-cross-osx,docs/development/build-cross-osx.md,resources/contribute/build-cross-osx.mdx,https://clickhouse.com/docs/development/build-cross-osx,https://private-7c7dfe99.mintlify.app/resources/contribute/build-cross-osx,matched,b9271d5ab747e6b1,true,b9271d5ab747e6b1,2026-05-08T09:09:20+00:00,false
/development/build-cross-riscv,docs/development/build-cross-riscv.md,resources/contribute/build-cross-riscv.mdx,https://clickhouse.com/docs/development/build-cross-riscv,https://private-7c7dfe99.mintlify.app/resources/contribute/build-cross-riscv,matched,d8dd9a58920b1224,true,d8dd9a58920b1224,2026-05-08T09:09:20+00:00,false
/development/build-cross-s390x,docs/development/build-cross-s390x.md,resources/contribute/build-cross-s390x.mdx,https://clickhouse.com/docs/development/build-cross-s390x,https://private-7c7dfe99.mintlify.app/resources/contribute/build-cross-s390x,matched,ffc6e2c25867e919,true,ffc6e2c25867e919,2026-05-08T09:09:20+00:00,false
/development/build-e2k,docs/development/build-e2k.md,resources/contribute/build-e2k.mdx,https://clickhouse.com/docs/development/build-e2k,https://private-7c7dfe99.mintlify.app/resources/contribute/build-e2k,matched,e2020e444d6bbcaf,true,e2020e444d6bbcaf,2026-05-08T09:09:20+00:00,false
/development/build-osx,docs/development/build-osx.md,resources/contribute/build-osx.mdx,https://clickhouse.com/docs/development/build-osx,https://private-7c7dfe99.mintlify.app/resources/contribute/build-osx,matched,80e819d492225754,true,80e819d492225754,2026-05-08T15:04:34+00:00,false
/development/continuous-integration,docs/development/continuous-integration.md,resources/contribute/continuous-integration.mdx,https://clickhouse.com/docs/development/continuous-integration,https://private-7c7dfe99.mintlify.app/resources/contribute/continuous-integration,matched,ab7111e34b68332c,true,ab7111e34b68332c,2026-05-08T09:09:20+00:00,false
/development/contrib,docs/development/contrib.md,resources/contribute/contrib.mdx,https://clickhouse.com/docs/development/contrib,https://private-7c7dfe99.mintlify.app/resources/contribute/contrib,matched,c925c5d3c0431c9e,true,c925c5d3c0431c9e,2026-05-08T09:09:20+00:00,false
/development/developer-instruction,docs/development/developer-instruction.md,resources/contribute/developer-instruction.mdx,https://clickhouse.com/docs/development/developer-instruction,https://private-7c7dfe99.mintlify.app/resources/contribute/developer-instruction,matched,4346d6013d3afeec,true,4346d6013d3afeec,2026-05-08T20:05:57+00:00,false
/development/integrating_rust_libraries,docs/development/integrating_rust_libraries.md,resources/contribute/integrating-rust-libraries.mdx,https://clickhouse.com/docs/development/integrating_rust_libraries,https://private-7c7dfe99.mintlify.app/resources/contribute/integrating-rust-libraries,matched,4923fea66c23915a,true,4923fea66c23915a,2026-05-08T09:09:20+00:00,false
/development/style,docs/development/style.md,resources/contribute/style.mdx,https://clickhouse.com/docs/development/style,https://private-7c7dfe99.mintlify.app/resources/contribute/style,matched,49a85cf8c399228a,true,49a85cf8c399228a,2026-05-08T09:09:20+00:00,false
/development/tests,docs/development/tests.md,resources/contribute/tests.mdx,https://clickhouse.com/docs/development/tests,https://private-7c7dfe99.mintlify.app/resources/contribute/tests,matched,ed4b0e086de28595,true,ed4b0e086de28595,2026-05-08T09:09:20+00:00,false
/dictionary,docs/dictionary/index.md,concepts/features/dictionaries/index.mdx,https://clickhouse.com/docs/dictionary,https://private-7c7dfe99.mintlify.app/concepts/features/dictionaries,matched,196c272644d94036,true,196c272644d94036,2026-05-08T09:09:20+00:00,false
/dictionary/best-practices,docs/dictionary/best-practices.md,concepts/features/dictionaries/best-practices.mdx,https://clickhouse.com/docs/dictionary/best-practices,https://private-7c7dfe99.mintlify.app/concepts/features/dictionaries/best-practices,matched,9c1fbd282c73c2ab,true,9c1fbd282c73c2ab,2026-05-07T14:49:41+00:00,false
/engines,docs/engines/index.md,reference/engines/engines.mdx,https://clickhouse.com/docs/engines,https://private-7c7dfe99.mintlify.app/reference/engines/engines,matched,430792450e0e2470,true,430792450e0e2470,2026-05-09T09:39:38+00:00,false
/engines/database-engines/,docs/engines/database-engines/index.md,reference/engines/database-engines/index.mdx,https://clickhouse.com/docs/engines/database-engines/,https://private-7c7dfe99.mintlify.app/reference/engines/database-engines,matched,5176f6e1bd6b25bb,true,5176f6e1bd6b25bb,2026-05-09T09:39:38+00:00,false
/engines/database-engines/atomic,docs/engines/database-engines/atomic.md,reference/engines/database-engines/atomic.mdx,https://clickhouse.com/docs/engines/database-engines/atomic,https://private-7c7dfe99.mintlify.app/reference/engines/database-engines/atomic,matched,b3a0a7a9c4f2e4c5,true,b3a0a7a9c4f2e4c5,2026-05-08T09:09:20+00:00,false
/engines/database-engines/backup,docs/engines/database-engines/backup.md,reference/engines/database-engines/backup.mdx,https://clickhouse.com/docs/engines/database-engines/backup,https://private-7c7dfe99.mintlify.app/reference/engines/database-engines/backup,matched,ba093f0bb10f862c,true,ba093f0bb10f862c,2026-05-07T14:49:41+00:00,false
/engines/database-engines/datalakecatalog,docs/engines/database-engines/datalake.md,reference/engines/database-engines/datalake.mdx,https://clickhouse.com/docs/engines/database-engines/datalakecatalog,https://private-7c7dfe99.mintlify.app/reference/engines/database-engines/datalake,matched,480b7e169ea63bdf,true,480b7e169ea63bdf,2026-05-07T14:49:41+00:00,false
/engines/database-engines/materialized-postgresql,docs/engines/database-engines/materialized-postgresql.md,reference/engines/database-engines/materialized-postgresql.mdx,https://clickhouse.com/docs/engines/database-engines/materialized-postgresql,https://private-7c7dfe99.mintlify.app/reference/engines/database-engines/materialized-postgresql,matched,ed2621c01542cd6c,true,ed2621c01542cd6c,2026-05-08T09:09:20+00:00,false
/engines/database-engines/mysql,docs/engines/database-engines/mysql.md,reference/engines/database-engines/mysql.mdx,https://clickhouse.com/docs/engines/database-engines/mysql,https://private-7c7dfe99.mintlify.app/reference/engines/database-engines/mysql,matched,f78ef201b8464bb6,true,f78ef201b8464bb6,2026-05-08T09:09:20+00:00,false
/engines/database-engines/postgresql,docs/engines/database-engines/postgresql.md,reference/engines/database-engines/postgresql.mdx,https://clickhouse.com/docs/engines/database-engines/postgresql,https://private-7c7dfe99.mintlify.app/reference/engines/database-engines/postgresql,matched,b4c584ccbf84daf8,true,b4c584ccbf84daf8,2026-05-07T14:49:41+00:00,false
/engines/database-engines/replicated,docs/engines/database-engines/replicated.md,reference/engines/database-engines/replicated.mdx,https://clickhouse.com/docs/engines/database-engines/replicated,https://private-7c7dfe99.mintlify.app/reference/engines/database-engines/replicated,matched,809f660de1fea488,true,809f660de1fea488,2026-05-07T14:49:41+00:00,false
/engines/database-engines/shared,docs/engines/database-engines/shared.md,reference/engines/database-engines/shared.mdx,https://clickhouse.com/docs/engines/database-engines/shared,https://private-7c7dfe99.mintlify.app/reference/engines/database-engines/shared,matched,658a06aa55917c46,true,658a06aa55917c46,2026-05-08T09:09:20+00:00,false
/engines/database-engines/sqlite,docs/engines/database-engines/sqlite.md,reference/engines/database-engines/sqlite.mdx,https://clickhouse.com/docs/engines/database-engines/sqlite,https://private-7c7dfe99.mintlify.app/reference/engines/database-engines/sqlite,matched,2d389211d0f5d36a,true,2d389211d0f5d36a,2026-05-07T14:49:41+00:00,false
/engines/table-engines/,docs/engines/table-engines/index.md,reference/engines/table-engines/index.mdx,https://clickhouse.com/docs/engines/table-engines/,https://private-7c7dfe99.mintlify.app/reference/engines/table-engines,matched,4ced947fe881a2f4,true,4ced947fe881a2f4,2026-05-09T09:39:38+00:00,false
/engines/table-engines/integrations/,docs/engines/table-engines/integrations/index.md,reference/engines/table-engines/integrations/index.mdx,https://clickhouse.com/docs/engines/table-engines/integrations/,https://private-7c7dfe99.mintlify.app/reference/engines/table-engines/integrations,matched,9060f798c8114950,true,9060f798c8114950,2026-05-08T20:59:51+00:00,false
/engines/table-engines/integrations/ExternalDistributed,docs/engines/table-engines/integrations/ExternalDistributed.md,reference/engines/table-engines/integrations/ExternalDistributed.mdx,https://clickhouse.com/docs/engines/table-engines/integrations/ExternalDistributed,https://private-7c7dfe99.mintlify.app/reference/engines/table-engines/integrations/ExternalDistributed,matched,1cdbef1a85ce5ee8,true,1cdbef1a85ce5ee8,2026-05-09T09:39:38+00:00,false
/engines/table-engines/integrations/arrowflight,docs/engines/table-engines/integrations/arrowflight.md,reference/engines/table-engines/integrations/arrowflight.mdx,https://clickhouse.com/docs/engines/table-engines/integrations/arrowflight,https://private-7c7dfe99.mintlify.app/reference/engines/table-engines/integrations/arrowflight,matched,5d542d21d2aeff74,true,5d542d21d2aeff74,2026-05-07T14:49:41+00:00,false
/engines/table-engines/integrations/azure-queue,docs/engines/table-engines/integrations/azure-queue.md,reference/engines/table-engines/integrations/azure-queue.mdx,https://clickhouse.com/docs/engines/table-engines/integrations/azure-queue,https://private-7c7dfe99.mintlify.app/reference/engines/table-engines/integrations/azure-queue,matched,5e0eeeeaa692b51f,true,5e0eeeeaa692b51f,2026-05-09T09:39:38+00:00,false
/engines/table-engines/integrations/azureBlobStorage,docs/engines/table-engines/integrations/azureBlobStorage.md,reference/engines/table-engines/integrations/azureBlobStorage.mdx,https://clickhouse.com/docs/engines/table-engines/integrations/azureBlobStorage,https://private-7c7dfe99.mintlify.app/reference/engines/table-engines/integrations/azureBlobStorage,matched,50e422154e7d9340,true,50e422154e7d9340,2026-05-08T13:01:57+00:00,false
/engines/table-engines/integrations/deltalake,docs/engines/table-engines/integrations/deltalake.md,reference/engines/table-engines/integrations/deltalake.mdx,https://clickhouse.com/docs/engines/table-engines/integrations/deltalake,https://private-7c7dfe99.mintlify.app/reference/engines/table-engines/integrations/deltalake,matched,b8b8fa26d495fc42,true,b8b8fa26d495fc42,2026-05-08T09:09:20+00:00,false
/engines/table-engines/integrations/embedded-rocksdb,docs/engines/table-engines/integrations/embedded-rocksdb.md,reference/engines/table-engines/integrations/embedded-rocksdb.mdx,https://clickhouse.com/docs/engines/table-engines/integrations/embedded-rocksdb,https://private-7c7dfe99.mintlify.app/reference/engines/table-engines/integrations/embedded-rocksdb,matched,3106e22f04396e24,true,3106e22f04396e24,2026-05-08T09:09:20+00:00,false
/engines/table-engines/integrations/hdfs,docs/engines/table-engines/integrations/hdfs.md,reference/engines/table-engines/integrations/hdfs.mdx,https://clickhouse.com/docs/engines/table-engines/integrations/hdfs,https://private-7c7dfe99.mintlify.app/reference/engines/table-engines/integrations/hdfs,matched,6d8963200cc850f4,true,6d8963200cc850f4,2026-05-09T11:14:51+00:00,false
/engines/table-engines/integrations/hive,docs/engines/table-engines/integrations/hive.md,reference/engines/table-engines/integrations/hive.mdx,https://clickhouse.com/docs/engines/table-engines/integrations/hive,https://private-7c7dfe99.mintlify.app/reference/engines/table-engines/integrations/hive,matched,1bd7f94ef79ae4a2,true,1bd7f94ef79ae4a2,2026-05-08T09:09:20+00:00,false
/engines/table-engines/integrations/hudi,docs/engines/table-engines/integrations/hudi.md,reference/engines/table-engines/integrations/hudi.mdx,https://clickhouse.com/docs/engines/table-engines/integrations/hudi,https://private-7c7dfe99.mintlify.app/reference/engines/table-engines/integrations/hudi,matched,51667b6a4e3d68fa,true,51667b6a4e3d68fa,2026-05-07T14:49:41+00:00,false
/engines/table-engines/integrations/iceberg,docs/engines/table-engines/integrations/iceberg.md,reference/engines/table-engines/integrations/iceberg.mdx,https://clickhouse.com/docs/engines/table-engines/integrations/iceberg,https://private-7c7dfe99.mintlify.app/reference/engines/table-engines/integrations/iceberg,matched,7d0ad608a1df5e6a,true,7d0ad608a1df5e6a,2026-05-08T09:09:20+00:00,false
/engines/table-engines/integrations/jdbc,docs/engines/table-engines/integrations/jdbc.md,reference/engines/table-engines/integrations/jdbc.mdx,https://clickhouse.com/docs/engines/table-engines/integrations/jdbc,https://private-7c7dfe99.mintlify.app/reference/engines/table-engines/integrations/jdbc,matched,665e7928e61709a3,true,665e7928e61709a3,2026-05-08T09:51:10+00:00,false
/engines/table-engines/integrations/kafka,docs/engines/table-engines/integrations/kafka.md,reference/engines/table-engines/integrations/kafka.mdx,https://clickhouse.com/docs/engines/table-engines/integrations/kafka,https://private-7c7dfe99.mintlify.app/reference/engines/table-engines/integrations/kafka,matched,7721cad2ecc16624,true,7721cad2ecc16624,2026-05-09T09:39:38+00:00,false
/engines/table-engines/integrations/materialized-postgresql,docs/engines/table-engines/integrations/materialized-postgresql.md,reference/engines/table-engines/integrations/materialized-postgresql.mdx,https://clickhouse.com/docs/engines/table-engines/integrations/materialized-postgresql,https://private-7c7dfe99.mintlify.app/reference/engines/table-engines/integrations/materialized-postgresql,matched,874433a820ac2a17,true,874433a820ac2a17,2026-05-08T09:09:20+00:00,false
/engines/table-engines/integrations/mongodb,docs/engines/table-engines/integrations/mongodb.md,reference/engines/table-engines/integrations/mongodb.mdx,https://clickhouse.com/docs/engines/table-engines/integrations/mongodb,https://private-7c7dfe99.mintlify.app/reference/engines/table-engines/integrations/mongodb,matched,c3b3c36e1615ad52,true,c3b3c36e1615ad52,2026-05-08T09:09:20+00:00,false
/engines/table-engines/integrations/mysql,docs/engines/table-engines/integrations/mysql.md,reference/engines/table-engines/integrations/mysql.mdx,https://clickhouse.com/docs/engines/table-engines/integrations/mysql,https://private-7c7dfe99.mintlify.app/reference/engines/table-engines/integrations/mysql,matched,4d4563d868c683fc,true,4d4563d868c683fc,2026-05-07T14:49:41+00:00,false
/engines/table-engines/integrations/nats,docs/engines/table-engines/integrations/nats.md,reference/engines/table-engines/integrations/nats.mdx,https://clickhouse.com/docs/engines/table-engines/integrations/nats,https://private-7c7dfe99.mintlify.app/reference/engines/table-engines/integrations/nats,matched,8bb0a19905dc45e2,true,8bb0a19905dc45e2,2026-05-08T13:01:57+00:00,false
/engines/table-engines/integrations/odbc,docs/engines/table-engines/integrations/odbc.md,reference/engines/table-engines/integrations/odbc.mdx,https://clickhouse.com/docs/engines/table-engines/integrations/odbc,https://private-7c7dfe99.mintlify.app/reference/engines/table-engines/integrations/odbc,matched,5c02dfc903a8407f,true,5c02dfc903a8407f,2026-05-08T16:55:46+00:00,false
/engines/table-engines/integrations/paimon,docs/engines/table-engines/integrations/paimon.md,reference/engines/table-engines/integrations/paimon.mdx,https://clickhouse.com/docs/engines/table-engines/integrations/paimon,https://private-7c7dfe99.mintlify.app/reference/engines/table-engines/integrations/paimon,matched,5d88fc011ba2121a,true,5d88fc011ba2121a,2026-05-08T14:01:22+00:00,false
/engines/table-engines/integrations/postgresql,docs/engines/table-engines/integrations/postgresql.md,reference/engines/table-engines/integrations/postgresql.mdx,https://clickhouse.com/docs/engines/table-engines/integrations/postgresql,https://private-7c7dfe99.mintlify.app/reference/engines/table-engines/integrations/postgresql,matched,89a799e8c3e5bd3a,true,89a799e8c3e5bd3a,2026-05-09T09:39:38+00:00,false
/engines/table-engines/integrations/rabbitmq,docs/engines/table-engines/integrations/rabbitmq.md,reference/engines/table-engines/integrations/rabbitmq.mdx,https://clickhouse.com/docs/engines/table-engines/integrations/rabbitmq,https://private-7c7dfe99.mintlify.app/reference/engines/table-engines/integrations/rabbitmq,matched,e46974cd333ca66c,true,e46974cd333ca66c,2026-05-08T13:01:57+00:00,false
/engines/table-engines/integrations/redis,docs/engines/table-engines/integrations/redis.md,reference/engines/table-engines/integrations/redis.mdx,https://clickhouse.com/docs/engines/table-engines/integrations/redis,https://private-7c7dfe99.mintlify.app/reference/engines/table-engines/integrations/redis,matched,66256e49527646d9,true,66256e49527646d9,2026-05-08T09:09:20+00:00,false
/engines/table-engines/integrations/s3,docs/engines/table-engines/integrations/s3.md,reference/engines/table-engines/integrations/s3.mdx,https://clickhouse.com/docs/engines/table-engines/integrations/s3,https://private-7c7dfe99.mintlify.app/reference/engines/table-engines/integrations/s3,matched,d9f34d3172ce3120,true,d9f34d3172ce3120,2026-05-09T11:14:51+00:00,false
/engines/table-engines/integrations/s3queue,docs/engines/table-engines/integrations/s3queue.md,reference/engines/table-engines/integrations/s3queue.mdx,https://clickhouse.com/docs/engines/table-engines/integrations/s3queue,https://private-7c7dfe99.mintlify.app/reference/engines/table-engines/integrations/s3queue,matched,2c4f536280177413,true,2c4f536280177413,2026-05-09T09:39:38+00:00,false
/engines/table-engines/integrations/sqlite,docs/engines/table-engines/integrations/sqlite.md,reference/engines/table-engines/integrations/sqlite.mdx,https://clickhouse.com/docs/engines/table-engines/integrations/sqlite,https://private-7c7dfe99.mintlify.app/reference/engines/table-engines/integrations/sqlite,matched,7c57bc57ee3573e4,true,7c57bc57ee3573e4,2026-05-09T09:39:38+00:00,false
/engines/table-engines/integrations/ytsaurus,docs/engines/table-engines/integrations/ytsaurus.md,reference/engines/table-engines/integrations/ytsaurus.mdx,https://clickhouse.com/docs/engines/table-engines/integrations/ytsaurus,https://private-7c7dfe99.mintlify.app/reference/engines/table-engines/integrations/ytsaurus,matched,8b424c806172df36,true,8b424c806172df36,2026-05-08T09:09:20+00:00,false
/engines/table-engines/log-family/,docs/engines/table-engines/log-family/index.md,reference/engines/table-engines/log-family/index.mdx,https://clickhouse.com/docs/engines/table-engines/log-family/,https://private-7c7dfe99.mintlify.app/reference/engines/table-engines/log-family,matched,526635ff55be8133,true,526635ff55be8133,2026-05-08T09:09:20+00:00,false
/engines/table-engines/log-family/log,docs/engines/table-engines/log-family/log.md,reference/engines/table-engines/log-family/log.mdx,https://clickhouse.com/docs/engines/table-engines/log-family/log,https://private-7c7dfe99.mintlify.app/reference/engines/table-engines/log-family/log,matched,589fc5521d34b691,true,589fc5521d34b691,2026-05-08T09:09:20+00:00,false
/engines/table-engines/log-family/stripelog,docs/engines/table-engines/log-family/stripelog.md,reference/engines/table-engines/log-family/stripelog.mdx,https://clickhouse.com/docs/engines/table-engines/log-family/stripelog,https://private-7c7dfe99.mintlify.app/reference/engines/table-engines/log-family/stripelog,matched,85317ab67c211854,true,85317ab67c211854,2026-05-08T09:09:20+00:00,false
/engines/table-engines/log-family/tinylog,docs/engines/table-engines/log-family/tinylog.md,reference/engines/table-engines/log-family/tinylog.mdx,https://clickhouse.com/docs/engines/table-engines/log-family/tinylog,https://private-7c7dfe99.mintlify.app/reference/engines/table-engines/log-family/tinylog,matched,6aca92cecd7097cb,true,6aca92cecd7097cb,2026-05-08T09:09:20+00:00,false
/engines/table-engines/mergetree-family/,docs/engines/table-engines/mergetree-family/index.md,reference/engines/table-engines/mergetree-family/index.mdx,https://clickhouse.com/docs/engines/table-engines/mergetree-family/,https://private-7c7dfe99.mintlify.app/reference/engines/table-engines/mergetree-family,matched,08412048657c96a9,true,08412048657c96a9,2026-05-08T20:59:51+00:00,false
/engines/table-engines/mergetree-family/aggregatingmergetree,docs/engines/table-engines/mergetree-family/aggregatingmergetree.md,reference/engines/table-engines/mergetree-family/aggregatingmergetree.mdx,https://clickhouse.com/docs/engines/table-engines/mergetree-family/aggregatingmergetree,https://private-7c7dfe99.mintlify.app/reference/engines/table-engines/mergetree-family/aggregatingmergetree,matched,c00fec44d98d20ec,true,c00fec44d98d20ec,2026-05-08T12:19:52+00:00,false
/engines/table-engines/mergetree-family/annindexes,docs/engines/table-engines/mergetree-family/annindexes.md,reference/engines/table-engines/mergetree-family/annindexes.mdx,https://clickhouse.com/docs/engines/table-engines/mergetree-family/annindexes,https://private-7c7dfe99.mintlify.app/reference/engines/table-engines/mergetree-family/annindexes,matched,260191ffb133faaa,true,260191ffb133faaa,2026-05-09T10:26:34+00:00,false
/engines/table-engines/mergetree-family/coalescingmergetree,docs/engines/table-engines/mergetree-family/coalescingmergetree.md,reference/engines/table-engines/mergetree-family/coalescingmergetree.mdx,https://clickhouse.com/docs/engines/table-engines/mergetree-family/coalescingmergetree,https://private-7c7dfe99.mintlify.app/reference/engines/table-engines/mergetree-family/coalescingmergetree,matched,f14b1307c493266d,true,f14b1307c493266d,2026-05-08T09:09:20+00:00,false
/engines/table-engines/mergetree-family/collapsingmergetree,docs/engines/table-engines/mergetree-family/collapsingmergetree.md,reference/engines/table-engines/mergetree-family/collapsingmergetree.mdx,https://clickhouse.com/docs/engines/table-engines/mergetree-family/collapsingmergetree,https://private-7c7dfe99.mintlify.app/reference/engines/table-engines/mergetree-family/collapsingmergetree,matched,cca901fd78a63bb4,true,cca901fd78a63bb4,2026-05-08T09:09:20+00:00,false
/engines/table-engines/mergetree-family/custom-partitioning-key,docs/engines/table-engines/mergetree-family/custom-partitioning-key.md,reference/engines/table-engines/mergetree-family/custom-partitioning-key.mdx,https://clickhouse.com/docs/engines/table-engines/mergetree-family/custom-partitioning-key,https://private-7c7dfe99.mintlify.app/reference/engines/table-engines/mergetree-family/custom-partitioning-key,matched,0210849faec51fc7,true,0210849faec51fc7,2026-05-08T09:09:20+00:00,false
/engines/table-engines/mergetree-family/graphitemergetree,docs/engines/table-engines/mergetree-family/graphitemergetree.md,reference/engines/table-engines/mergetree-family/graphitemergetree.mdx,https://clickhouse.com/docs/engines/table-engines/mergetree-family/graphitemergetree,https://private-7c7dfe99.mintlify.app/reference/engines/table-engines/mergetree-family/graphitemergetree,matched,9c431dd0d8265db2,true,9c431dd0d8265db2,2026-05-08T09:09:20+00:00,false
/engines/table-engines/mergetree-family/mergetree,docs/engines/table-engines/mergetree-family/mergetree.md,reference/engines/table-engines/mergetree-family/mergetree.mdx,https://clickhouse.com/docs/engines/table-engines/mergetree-family/mergetree,https://private-7c7dfe99.mintlify.app/reference/engines/table-engines/mergetree-family/mergetree,matched,6ed113dcfe0147ad,true,6ed113dcfe0147ad,2026-05-09T10:03:34+00:00,false
/engines/table-engines/mergetree-family/replacingmergetree,docs/engines/table-engines/mergetree-family/replacingmergetree.md,reference/engines/table-engines/mergetree-family/replacingmergetree.mdx,https://clickhouse.com/docs/engines/table-engines/mergetree-family/replacingmergetree,https://private-7c7dfe99.mintlify.app/reference/engines/table-engines/mergetree-family/replacingmergetree,matched,ced484d2a382f865,true,ced484d2a382f865,2026-05-08T09:09:20+00:00,false
/engines/table-engines/mergetree-family/replication,docs/engines/table-engines/mergetree-family/replication.md,reference/engines/table-engines/mergetree-family/replication.mdx,https://clickhouse.com/docs/engines/table-engines/mergetree-family/replication,https://private-7c7dfe99.mintlify.app/reference/engines/table-engines/mergetree-family/replication,matched,3b16d689fbde73f9,true,3b16d689fbde73f9,2026-05-08T09:09:20+00:00,false
/engines/table-engines/mergetree-family/summingmergetree,docs/engines/table-engines/mergetree-family/summingmergetree.md,reference/engines/table-engines/mergetree-family/summingmergetree.mdx,https://clickhouse.com/docs/engines/table-engines/mergetree-family/summingmergetree,https://private-7c7dfe99.mintlify.app/reference/engines/table-engines/mergetree-family/summingmergetree,matched,987b8b83f4fb4b6c,true,987b8b83f4fb4b6c,2026-05-08T09:09:20+00:00,false
/engines/table-engines/mergetree-family/textindexes,docs/engines/table-engines/mergetree-family/textindexes.md,reference/engines/table-engines/mergetree-family/textindexes.mdx,https://clickhouse.com/docs/engines/table-engines/mergetree-family/textindexes,https://private-7c7dfe99.mintlify.app/reference/engines/table-engines/mergetree-family/textindexes,matched,890c0f262b17d576,true,890c0f262b17d576,2026-05-09T10:26:34+00:00,false
/engines/table-engines/mergetree-family/versionedcollapsingmergetree,docs/engines/table-engines/mergetree-family/versionedcollapsingmergetree.md,reference/engines/table-engines/mergetree-family/versionedcollapsingmergetree.mdx,https://clickhouse.com/docs/engines/table-engines/mergetree-family/versionedcollapsingmergetree,https://private-7c7dfe99.mintlify.app/reference/engines/table-engines/mergetree-family/versionedcollapsingmergetree,matched,5172acba2103f957,true,5172acba2103f957,2026-05-08T09:09:20+00:00,false
/engines/table-engines/special/,docs/engines/table-engines/special/index.md,reference/engines/table-engines/special/index.mdx,https://clickhouse.com/docs/engines/table-engines/special/,https://private-7c7dfe99.mintlify.app/reference/engines/table-engines/special,matched,2020a467b74c2031,true,2020a467b74c2031,2026-05-09T09:39:38+00:00,false
/engines/table-engines/special/alias,docs/engines/table-engines/special/alias.md,reference/engines/table-engines/special/alias.mdx,https://clickhouse.com/docs/engines/table-engines/special/alias,https://private-7c7dfe99.mintlify.app/reference/engines/table-engines/special/alias,matched,1207ea39bd43915c,true,1207ea39bd43915c,2026-05-08T09:09:20+00:00,false
/engines/table-engines/special/buffer,docs/engines/table-engines/special/buffer.md,reference/engines/table-engines/special/buffer.mdx,https://clickhouse.com/docs/engines/table-engines/special/buffer,https://private-7c7dfe99.mintlify.app/reference/engines/table-engines/special/buffer,matched,4e8ed6a1feb2aa52,true,4e8ed6a1feb2aa52,2026-05-08T09:09:20+00:00,false
/engines/table-engines/special/dictionary,docs/engines/table-engines/special/dictionary.md,reference/engines/table-engines/special/dictionary.mdx,https://clickhouse.com/docs/engines/table-engines/special/dictionary,https://private-7c7dfe99.mintlify.app/reference/engines/table-engines/special/dictionary,matched,78aff0314982d70b,true,78aff0314982d70b,2026-05-07T14:49:41+00:00,false
/engines/table-engines/special/distributed,docs/engines/table-engines/special/distributed.md,reference/engines/table-engines/special/distributed.mdx,https://clickhouse.com/docs/engines/table-engines/special/distributed,https://private-7c7dfe99.mintlify.app/reference/engines/table-engines/special/distributed,matched,144e0319e32e38db,true,144e0319e32e38db,2026-05-09T10:26:02+00:00,false
/engines/table-engines/special/executable,docs/engines/table-engines/special/executable.md,reference/engines/table-engines/special/executable.mdx,https://clickhouse.com/docs/engines/table-engines/special/executable,https://private-7c7dfe99.mintlify.app/reference/engines/table-engines/special/executable,matched,abf73ca14dd6fa74,true,abf73ca14dd6fa74,2026-05-07T14:49:41+00:00,false
/engines/table-engines/special/external-data,docs/engines/table-engines/special/external-data.md,reference/engines/table-engines/special/external-data.mdx,https://clickhouse.com/docs/engines/table-engines/special/external-data,https://private-7c7dfe99.mintlify.app/reference/engines/table-engines/special/external-data,matched,b8b48f150dd2033f,true,b8b48f150dd2033f,2026-05-07T14:49:41+00:00,false
/engines/table-engines/special/file,docs/engines/table-engines/special/file.md,reference/engines/table-engines/special/file.mdx,https://clickhouse.com/docs/engines/table-engines/special/file,https://private-7c7dfe99.mintlify.app/reference/engines/table-engines/special/file,matched,e0c19959bdee8150,true,e0c19959bdee8150,2026-05-08T13:01:57+00:00,false
/engines/table-engines/special/filelog,docs/engines/table-engines/special/filelog.md,reference/engines/table-engines/special/filelog.mdx,https://clickhouse.com/docs/engines/table-engines/special/filelog,https://private-7c7dfe99.mintlify.app/reference/engines/table-engines/special/filelog,matched,aa0583b1c517ae46,true,aa0583b1c517ae46,2026-05-07T14:49:41+00:00,false
/engines/table-engines/special/generate,docs/engines/table-engines/special/generate.md,reference/engines/table-engines/special/generate.mdx,https://clickhouse.com/docs/engines/table-engines/special/generate,https://private-7c7dfe99.mintlify.app/reference/engines/table-engines/special/generate,matched,848b4e2ed1094aee,true,848b4e2ed1094aee,2026-05-07T14:49:41+00:00,false
/engines/table-engines/special/join,docs/engines/table-engines/special/join.md,reference/engines/table-engines/special/join.mdx,https://clickhouse.com/docs/engines/table-engines/special/join,https://private-7c7dfe99.mintlify.app/reference/engines/table-engines/special/join,matched,3c0a49ce0175e9ff,true,3c0a49ce0175e9ff,2026-05-08T09:09:20+00:00,false
/engines/table-engines/special/keeper-map,docs/engines/table-engines/special/keepermap.md,reference/engines/table-engines/special/keepermap.mdx,https://clickhouse.com/docs/engines/table-engines/special/keeper-map,https://private-7c7dfe99.mintlify.app/reference/engines/table-engines/special/keepermap,matched,ad02c360d5787e1c,true,ad02c360d5787e1c,2026-05-07T14:49:41+00:00,false
/engines/table-engines/special/memory,docs/engines/table-engines/special/memory.md,reference/engines/table-engines/special/memory.mdx,https://clickhouse.com/docs/engines/table-engines/special/memory,https://private-7c7dfe99.mintlify.app/reference/engines/table-engines/special/memory,matched,dbd1ac438ab55afc,true,dbd1ac438ab55afc,2026-05-08T09:09:20+00:00,false
/engines/table-engines/special/merge,docs/engines/table-engines/special/merge.md,reference/engines/table-engines/special/merge.mdx,https://clickhouse.com/docs/engines/table-engines/special/merge,https://private-7c7dfe99.mintlify.app/reference/engines/table-engines/special/merge,matched,f3fd1aa8bafa81bb,true,f3fd1aa8bafa81bb,2026-05-09T09:39:38+00:00,false
/engines/table-engines/special/null,docs/engines/table-engines/special/null.md,reference/engines/table-engines/special/null.mdx,https://clickhouse.com/docs/engines/table-engines/special/null,https://private-7c7dfe99.mintlify.app/reference/engines/table-engines/special/null,matched,32a464d65d3033a6,true,32a464d65d3033a6,2026-05-07T14:49:41+00:00,false
/engines/table-engines/special/set,docs/engines/table-engines/special/set.md,reference/engines/table-engines/special/set.mdx,https://clickhouse.com/docs/engines/table-engines/special/set,https://private-7c7dfe99.mintlify.app/reference/engines/table-engines/special/set,matched,558092fa5958f7bf,true,558092fa5958f7bf,2026-05-08T09:09:20+00:00,false
/engines/table-engines/special/time_series,docs/engines/table-engines/integrations/time-series.md,reference/engines/table-engines/integrations/time-series.mdx,https://clickhouse.com/docs/engines/table-engines/special/time_series,https://private-7c7dfe99.mintlify.app/reference/engines/table-engines/integrations/time-series,matched,c58648934ce9b098,true,c58648934ce9b098,2026-05-08T09:09:20+00:00,false
/engines/table-engines/special/url,docs/engines/table-engines/special/url.md,reference/engines/table-engines/special/url.mdx,https://clickhouse.com/docs/engines/table-engines/special/url,https://private-7c7dfe99.mintlify.app/reference/engines/table-engines/special/url,matched,bc920ce850144c47,true,bc920ce850144c47,2026-05-08T13:01:57+00:00,false
/engines/table-engines/special/view,docs/engines/table-engines/special/view.md,reference/engines/table-engines/special/view.mdx,https://clickhouse.com/docs/engines/table-engines/special/view,https://private-7c7dfe99.mintlify.app/reference/engines/table-engines/special/view,matched,547949490f707e9c,true,547949490f707e9c,2026-05-07T14:49:41+00:00,false
/engines/table-functions/executable,docs/sql-reference/table-functions/executable.md,reference/functions/table-functions/executable.mdx,https://clickhouse.com/docs/engines/table-functions/executable,https://private-7c7dfe99.mintlify.app/reference/functions/table-functions/executable,matched,c1ce68737a5260a7,true,c1ce68737a5260a7,2026-05-08T09:09:20+00:00,false
/examples/aggregate-function-combinators/anyIf,docs/guides/examples/aggregate_function_combinators/anyIf.md,guides/cloud-oss/examples/aggregate-function-combinators/anyIf.mdx,https://clickhouse.com/docs/examples/aggregate-function-combinators/anyIf,https://private-7c7dfe99.mintlify.app/guides/cloud-oss/examples/aggregate-function-combinators/anyIf,matched,3069fe2c05efa169,true,3069fe2c05efa169,2026-05-08T09:09:20+00:00,false
/examples/aggregate-function-combinators/argMaxIf,docs/guides/examples/aggregate_function_combinators/argMaxIf.md,guides/cloud-oss/examples/aggregate-function-combinators/argMaxIf.mdx,https://clickhouse.com/docs/examples/aggregate-function-combinators/argMaxIf,https://private-7c7dfe99.mintlify.app/guides/cloud-oss/examples/aggregate-function-combinators/argMaxIf,matched,ff718abf7b9337cb,true,ff718abf7b9337cb,2026-05-08T09:09:20+00:00,false
/examples/aggregate-function-combinators/argMinIf,docs/guides/examples/aggregate_function_combinators/argMinIf.md,guides/cloud-oss/examples/aggregate-function-combinators/argMinIf.mdx,https://clickhouse.com/docs/examples/aggregate-function-combinators/argMinIf,https://private-7c7dfe99.mintlify.app/guides/cloud-oss/examples/aggregate-function-combinators/argMinIf,matched,dd814b6fe2f84ddb,true,dd814b6fe2f84ddb,2026-05-08T09:09:20+00:00,false
/examples/aggregate-function-combinators/avgIf,docs/guides/examples/aggregate_function_combinators/avgIf.md,guides/cloud-oss/examples/aggregate-function-combinators/avgIf.mdx,https://clickhouse.com/docs/examples/aggregate-function-combinators/avgIf,https://private-7c7dfe99.mintlify.app/guides/cloud-oss/examples/aggregate-function-combinators/avgIf,matched,829011768c64a53e,true,829011768c64a53e,2026-05-08T09:09:20+00:00,false
/examples/aggregate-function-combinators/avgMap,docs/guides/examples/aggregate_function_combinators/avgMap.md,guides/cloud-oss/examples/aggregate-function-combinators/avgMap.mdx,https://clickhouse.com/docs/examples/aggregate-function-combinators/avgMap,https://private-7c7dfe99.mintlify.app/guides/cloud-oss/examples/aggregate-function-combinators/avgMap,matched,cb918e6beae0037d,true,cb918e6beae0037d,2026-05-08T09:09:20+00:00,false
/examples/aggregate-function-combinators/avgMerge,docs/guides/examples/aggregate_function_combinators/avgMerge.md,guides/cloud-oss/examples/aggregate-function-combinators/avgMerge.mdx,https://clickhouse.com/docs/examples/aggregate-function-combinators/avgMerge,https://private-7c7dfe99.mintlify.app/guides/cloud-oss/examples/aggregate-function-combinators/avgMerge,matched,083150d2c3def0d0,true,083150d2c3def0d0,2026-05-08T09:09:20+00:00,false
/examples/aggregate-function-combinators/avgMergeState,docs/guides/examples/aggregate_function_combinators/avgMergeState.md,guides/cloud-oss/examples/aggregate-function-combinators/avgMergeState.mdx,https://clickhouse.com/docs/examples/aggregate-function-combinators/avgMergeState,https://private-7c7dfe99.mintlify.app/guides/cloud-oss/examples/aggregate-function-combinators/avgMergeState,matched,49a5dd5634212d81,true,49a5dd5634212d81,2026-05-08T09:09:20+00:00,false
/examples/aggregate-function-combinators/avgResample,docs/guides/examples/aggregate_function_combinators/avgResample.md,guides/cloud-oss/examples/aggregate-function-combinators/avgResample.mdx,https://clickhouse.com/docs/examples/aggregate-function-combinators/avgResample,https://private-7c7dfe99.mintlify.app/guides/cloud-oss/examples/aggregate-function-combinators/avgResample,matched,97c6b3e272815f6b,true,97c6b3e272815f6b,2026-05-08T09:09:20+00:00,false
/examples/aggregate-function-combinators/avgState,docs/guides/examples/aggregate_function_combinators/avgState.md,guides/cloud-oss/examples/aggregate-function-combinators/avgState.mdx,https://clickhouse.com/docs/examples/aggregate-function-combinators/avgState,https://private-7c7dfe99.mintlify.app/guides/cloud-oss/examples/aggregate-function-combinators/avgState,matched,b02dd95ce2017cb8,true,b02dd95ce2017cb8,2026-05-08T09:09:20+00:00,false
/examples/aggregate-function-combinators/countIf,docs/guides/examples/aggregate_function_combinators/countIf.md,guides/cloud-oss/examples/aggregate-function-combinators/countIf.mdx,https://clickhouse.com/docs/examples/aggregate-function-combinators/countIf,https://private-7c7dfe99.mintlify.app/guides/cloud-oss/examples/aggregate-function-combinators/countIf,matched,736a937522b46077,true,736a937522b46077,2026-05-08T09:09:20+00:00,false
/examples/aggregate-function-combinators/countResample,docs/guides/examples/aggregate_function_combinators/countResample.md,guides/cloud-oss/examples/aggregate-function-combinators/countResample.mdx,https://clickhouse.com/docs/examples/aggregate-function-combinators/countResample,https://private-7c7dfe99.mintlify.app/guides/cloud-oss/examples/aggregate-function-combinators/countResample,matched,a3d661f00c76cbeb,true,a3d661f00c76cbeb,2026-05-08T09:09:20+00:00,false
/examples/aggregate-function-combinators/groupArrayDistinct,docs/guides/examples/aggregate_function_combinators/groupArrayDistinct.md,guides/cloud-oss/examples/aggregate-function-combinators/groupArrayDistinct.mdx,https://clickhouse.com/docs/examples/aggregate-function-combinators/groupArrayDistinct,https://private-7c7dfe99.mintlify.app/guides/cloud-oss/examples/aggregate-function-combinators/groupArrayDistinct,matched,36f5cb32c3341f1b,true,36f5cb32c3341f1b,2026-05-08T09:09:20+00:00,false
/examples/aggregate-function-combinators/groupArrayResample,docs/guides/examples/aggregate_function_combinators/groupArrayResample.md,guides/cloud-oss/examples/aggregate-function-combinators/groupArrayResample.mdx,https://clickhouse.com/docs/examples/aggregate-function-combinators/groupArrayResample,https://private-7c7dfe99.mintlify.app/guides/cloud-oss/examples/aggregate-function-combinators/groupArrayResample,matched,94a465a749cb7169,true,94a465a749cb7169,2026-05-08T09:09:20+00:00,false
/examples/aggregate-function-combinators/maxMap,docs/guides/examples/aggregate_function_combinators/maxMap.md,guides/cloud-oss/examples/aggregate-function-combinators/maxMap.mdx,https://clickhouse.com/docs/examples/aggregate-function-combinators/maxMap,https://private-7c7dfe99.mintlify.app/guides/cloud-oss/examples/aggregate-function-combinators/maxMap,matched,19016d829f5e99e6,true,19016d829f5e99e6,2026-05-08T09:09:20+00:00,false
/examples/aggregate-function-combinators/maxSimpleState,docs/guides/examples/aggregate_function_combinators/maxSimpleState.md,guides/cloud-oss/examples/aggregate-function-combinators/maxSimpleState.mdx,https://clickhouse.com/docs/examples/aggregate-function-combinators/maxSimpleState,https://private-7c7dfe99.mintlify.app/guides/cloud-oss/examples/aggregate-function-combinators/maxSimpleState,matched,aaedfcb72829b833,true,aaedfcb72829b833,2026-05-08T09:09:20+00:00,false
/examples/aggregate-function-combinators/minMap,docs/guides/examples/aggregate_function_combinators/minMap.md,guides/cloud-oss/examples/aggregate-function-combinators/minMap.mdx,https://clickhouse.com/docs/examples/aggregate-function-combinators/minMap,https://private-7c7dfe99.mintlify.app/guides/cloud-oss/examples/aggregate-function-combinators/minMap,matched,b13b825cf2778379,true,b13b825cf2778379,2026-05-08T09:09:20+00:00,false
/examples/aggregate-function-combinators/minSimpleState,docs/guides/examples/aggregate_function_combinators/minSimpleState.md,guides/cloud-oss/examples/aggregate-function-combinators/minSimpleState.mdx,https://clickhouse.com/docs/examples/aggregate-function-combinators/minSimpleState,https://private-7c7dfe99.mintlify.app/guides/cloud-oss/examples/aggregate-function-combinators/minSimpleState,matched,c4ec31a681b1c37d,true,c4ec31a681b1c37d,2026-05-08T09:09:20+00:00,false
/examples/aggregate-function-combinators/quantilesTimingArrayIf,docs/guides/examples/aggregate_function_combinators/quantilesTimingArrayIf.md,guides/cloud-oss/examples/aggregate-function-combinators/quantilesTimingArrayIf.mdx,https://clickhouse.com/docs/examples/aggregate-function-combinators/quantilesTimingArrayIf,https://private-7c7dfe99.mintlify.app/guides/cloud-oss/examples/aggregate-function-combinators/quantilesTimingArrayIf,matched,06b38fbd47e3352d,true,06b38fbd47e3352d,2026-05-08T09:09:20+00:00,false
/examples/aggregate-function-combinators/quantilesTimingIf,docs/guides/examples/aggregate_function_combinators/quantilesTimingIf.md,guides/cloud-oss/examples/aggregate-function-combinators/quantilesTimingIf.mdx,https://clickhouse.com/docs/examples/aggregate-function-combinators/quantilesTimingIf,https://private-7c7dfe99.mintlify.app/guides/cloud-oss/examples/aggregate-function-combinators/quantilesTimingIf,matched,b2b7e44dfa845b68,true,b2b7e44dfa845b68,2026-05-08T09:09:20+00:00,false
/examples/aggregate-function-combinators/sumArray,docs/guides/examples/aggregate_function_combinators/sumArray.md,guides/cloud-oss/examples/aggregate-function-combinators/sumArray.mdx,https://clickhouse.com/docs/examples/aggregate-function-combinators/sumArray,https://private-7c7dfe99.mintlify.app/guides/cloud-oss/examples/aggregate-function-combinators/sumArray,matched,abf20812398c31c2,true,abf20812398c31c2,2026-05-08T09:09:20+00:00,false
/examples/aggregate-function-combinators/sumForEach,docs/guides/examples/aggregate_function_combinators/sumForEach.md,guides/cloud-oss/examples/aggregate-function-combinators/sumForEach.mdx,https://clickhouse.com/docs/examples/aggregate-function-combinators/sumForEach,https://private-7c7dfe99.mintlify.app/guides/cloud-oss/examples/aggregate-function-combinators/sumForEach,matched,f97238d94d5bdc95,true,f97238d94d5bdc95,2026-05-08T09:09:20+00:00,false
/examples/aggregate-function-combinators/sumIf,docs/guides/examples/aggregate_function_combinators/sumIf.md,guides/cloud-oss/examples/aggregate-function-combinators/sumIf.mdx,https://clickhouse.com/docs/examples/aggregate-function-combinators/sumIf,https://private-7c7dfe99.mintlify.app/guides/cloud-oss/examples/aggregate-function-combinators/sumIf,matched,1c48876a7a13841f,true,1c48876a7a13841f,2026-05-08T09:09:20+00:00,false
/examples/aggregate-function-combinators/sumMap,docs/guides/examples/aggregate_function_combinators/sumMap.md,guides/cloud-oss/examples/aggregate-function-combinators/sumMap.mdx,https://clickhouse.com/docs/examples/aggregate-function-combinators/sumMap,https://private-7c7dfe99.mintlify.app/guides/cloud-oss/examples/aggregate-function-combinators/sumMap,matched,da9db3dcf0a41104,true,da9db3dcf0a41104,2026-05-08T09:09:20+00:00,false
/examples/aggregate-function-combinators/sumSimpleState,docs/guides/examples/aggregate_function_combinators/sumSimpleState.md,guides/cloud-oss/examples/aggregate-function-combinators/sumSimpleState.mdx,https://clickhouse.com/docs/examples/aggregate-function-combinators/sumSimpleState,https://private-7c7dfe99.mintlify.app/guides/cloud-oss/examples/aggregate-function-combinators/sumSimpleState,matched,58984220866e43f0,true,58984220866e43f0,2026-05-08T09:09:20+00:00,false
/examples/aggregate-function-combinators/uniqArray,docs/guides/examples/aggregate_function_combinators/uniqArray.md,guides/cloud-oss/examples/aggregate-function-combinators/uniqArray.mdx,https://clickhouse.com/docs/examples/aggregate-function-combinators/uniqArray,https://private-7c7dfe99.mintlify.app/guides/cloud-oss/examples/aggregate-function-combinators/uniqArray,matched,4ace68b0458a0944,true,4ace68b0458a0944,2026-05-08T09:09:20+00:00,false
/examples/aggregate-function-combinators/uniqArrayIf,docs/guides/examples/aggregate_function_combinators/uniqArrayIf.md,guides/cloud-oss/examples/aggregate-function-combinators/uniqArrayIf.mdx,https://clickhouse.com/docs/examples/aggregate-function-combinators/uniqArrayIf,https://private-7c7dfe99.mintlify.app/guides/cloud-oss/examples/aggregate-function-combinators/uniqArrayIf,matched,68781891b0d87b8b,true,68781891b0d87b8b,2026-05-08T09:09:20+00:00,false
/faq/general/,docs/faq/general/index.md,resources/support-center/knowledge-base/general-faqs/index.mdx,https://clickhouse.com/docs/faq/general/,https://private-7c7dfe99.mintlify.app/resources/support-center/knowledge-base/general-faqs,matched,970aec8e4fdbc1cf,true,970aec8e4fdbc1cf,2026-05-08T15:12:29+00:00,false
/faq/general/columnar-database,docs/faq/general/columnar-database.md,,https://clickhouse.com/docs/faq/general/columnar-database,,unmatched,a66560c3d607504c,true,a66560c3d607504c,2026-05-07T14:49:41+00:00,false
/faq/general/concurrency,docs/faq/general/concurrency.md,resources/support-center/knowledge-base/general-faqs/concurrency.mdx,https://clickhouse.com/docs/faq/general/concurrency,https://private-7c7dfe99.mintlify.app/resources/support-center/knowledge-base/general-faqs/concurrency,matched,f8146d175696fd61,true,f8146d175696fd61,2026-05-08T09:09:20+00:00,false
/faq/general/cost-based,docs/faq/general/cost-based.md,resources/support-center/knowledge-base/general-faqs/cost-based.mdx,https://clickhouse.com/docs/faq/general/cost-based,https://private-7c7dfe99.mintlify.app/resources/support-center/knowledge-base/general-faqs/cost-based,matched,e16e8324972fb51e,true,e16e8324972fb51e,2026-05-08T09:09:20+00:00,false
/faq/general/datalake,docs/faq/general/datalake.md,resources/support-center/knowledge-base/general-faqs/datalake.mdx,https://clickhouse.com/docs/faq/general/datalake,https://private-7c7dfe99.mintlify.app/resources/support-center/knowledge-base/general-faqs/datalake,matched,d97eed9d0438365b,true,d97eed9d0438365b,2026-05-08T09:09:20+00:00,false
/faq/general/dbms-naming,docs/faq/general/dbms-naming.md,,https://clickhouse.com/docs/faq/general/dbms-naming,,unmatched,f1fb2f5d8ab4009a,true,f1fb2f5d8ab4009a,2026-05-07T14:49:41+00:00,false
/faq/general/dependencies,docs/faq/general/dependencies.md,resources/support-center/knowledge-base/general-faqs/dependencies.mdx,https://clickhouse.com/docs/faq/general/dependencies,https://private-7c7dfe99.mintlify.app/resources/support-center/knowledge-base/general-faqs/dependencies,matched,ba291f866998b73f,true,ba291f866998b73f,2026-05-08T09:09:20+00:00,false
/faq/general/distributed-join,docs/faq/general/distributed-join.md,resources/support-center/knowledge-base/general-faqs/distributed-join.mdx,https://clickhouse.com/docs/faq/general/distributed-join,https://private-7c7dfe99.mintlify.app/resources/support-center/knowledge-base/general-faqs/distributed-join,matched,9896dd3c29bd07c7,true,9896dd3c29bd07c7,2026-05-08T09:09:20+00:00,false
/faq/general/federated,docs/faq/general/federated.md,resources/support-center/knowledge-base/general-faqs/federated.mdx,https://clickhouse.com/docs/faq/general/federated,https://private-7c7dfe99.mintlify.app/resources/support-center/knowledge-base/general-faqs/federated,matched,57d1e9d86f14ce94,true,57d1e9d86f14ce94,2026-05-08T09:09:20+00:00,false
/faq/general/mapreduce,docs/faq/general/mapreduce.md,,https://clickhouse.com/docs/faq/general/mapreduce,,unmatched,06b367fa8b09d7fd,true,06b367fa8b09d7fd,2026-05-07T14:49:41+00:00,false
/faq/general/ne-tormozit,docs/faq/general/ne-tormozit.md,resources/support-center/knowledge-base/general-faqs/ne-tormozit.mdx,https://clickhouse.com/docs/faq/general/ne-tormozit,https://private-7c7dfe99.mintlify.app/resources/support-center/knowledge-base/general-faqs/ne-tormozit,matched,eb7af1668d6e8bc3,true,eb7af1668d6e8bc3,2026-05-08T12:19:52+00:00,false
/faq/general/olap,docs/faq/general/olap.md,,https://clickhouse.com/docs/faq/general/olap,,unmatched,d38a9fe78d6204fe,true,d38a9fe78d6204fe,2026-05-07T14:49:41+00:00,false
/faq/general/sql,docs/faq/general/sql.md,resources/support-center/knowledge-base/general-faqs/sql.mdx,https://clickhouse.com/docs/faq/general/sql,https://private-7c7dfe99.mintlify.app/resources/support-center/knowledge-base/general-faqs/sql,matched,7843455825f9c182,true,7843455825f9c182,2026-05-08T09:09:20+00:00,false
/faq/general/updates,docs/faq/general/updates.md,resources/support-center/knowledge-base/general-faqs/updates.mdx,https://clickhouse.com/docs/faq/general/updates,https://private-7c7dfe99.mintlify.app/resources/support-center/knowledge-base/general-faqs/updates,matched,455e4d7b70315644,true,455e4d7b70315644,2026-05-08T09:09:20+00:00,false
/faq/general/who-is-using-clickhouse,docs/faq/general/who-is-using-clickhouse.md,,https://clickhouse.com/docs/faq/general/who-is-using-clickhouse,,unmatched,983434585127751b,true,983434585127751b,2026-05-07T14:49:41+00:00,false
/faq/integration/,docs/faq/integration/index.md,resources/support-center/knowledge-base/integrations/index.mdx,https://clickhouse.com/docs/faq/integration/,https://private-7c7dfe99.mintlify.app/resources/support-center/knowledge-base/integrations,matched,e8ae2af14396db30,true,e8ae2af14396db30,2026-05-09T10:08:44+00:00,false
/faq/integration/json-import,docs/faq/integration/json-import.md,,https://clickhouse.com/docs/faq/integration/json-import,,unmatched,eaf3146033cfafad,true,eaf3146033cfafad,2026-05-07T14:49:41+00:00,false
/faq/integration/oracle-odbc,docs/faq/integration/oracle-odbc.md,,https://clickhouse.com/docs/faq/integration/oracle-odbc,,unmatched,957d995119871468,false,,,false
/faq/operations/,docs/faq/operations/index.md,resources/support-center/knowledge-base/general-faqs/operations-index.mdx,https://clickhouse.com/docs/faq/operations/,https://private-7c7dfe99.mintlify.app/resources/support-center/knowledge-base/general-faqs/operations-index,matched,14c2feb63b9f9878,true,14c2feb63b9f9878,2026-05-08T15:04:34+00:00,false
/faq/operations/delete-old-data,docs/faq/operations/delete-old-data.md,,https://clickhouse.com/docs/faq/operations/delete-old-data,,unmatched,c69c62ff3a848969,true,c69c62ff3a848969,2026-05-07T14:49:41+00:00,false
/faq/operations/deploy-separate-storage-and-compute,docs/faq/operations/separate_storage.md,resources/support-center/knowledge-base/general-faqs/separate-storage.mdx,https://clickhouse.com/docs/faq/operations/deploy-separate-storage-and-compute,https://private-7c7dfe99.mintlify.app/resources/support-center/knowledge-base/general-faqs/separate-storage,matched,58f15d2dfce6c379,true,58f15d2dfce6c379,2026-05-09T10:03:34+00:00,false
/faq/operations/multi-region-replication,docs/faq/operations/multi-region-replication.md,,https://clickhouse.com/docs/faq/operations/multi-region-replication,,unmatched,986717639b58978e,true,986717639b58978e,2026-05-07T14:49:41+00:00,false
/faq/operations/production,docs/faq/operations/production.md,,https://clickhouse.com/docs/faq/operations/production,,unmatched,036e5e6550af52ca,true,036e5e6550af52ca,2026-05-07T14:49:41+00:00,false
/faq/use-cases/,docs/faq/use-cases/index.md,resources/support-center/knowledge-base/general-faqs/use-cases-index.mdx,https://clickhouse.com/docs/faq/use-cases/,https://private-7c7dfe99.mintlify.app/resources/support-center/knowledge-base/general-faqs/use-cases-index,matched,6e001f71ce02c304,true,6e001f71ce02c304,2026-05-08T15:04:34+00:00,false
/faq/use-cases/key-value,docs/faq/use-cases/key-value.md,,https://clickhouse.com/docs/faq/use-cases/key-value,,unmatched,d6e6aa0774189777,true,d6e6aa0774189777,2026-05-07T14:49:41+00:00,false
/faq/use-cases/time-series,docs/faq/use-cases/time-series.md,,https://clickhouse.com/docs/faq/use-cases/time-series,,unmatched,435164419830229a,true,435164419830229a,2026-05-07T14:49:41+00:00,false
/find-expensive-queries,knowledgebase/find-expensive-queries.mdx,resources/support-center/knowledge-base/performance-optimization/find-expensive-queries.mdx,https://clickhouse.com/docs/find-expensive-queries,https://private-7c7dfe99.mintlify.app/resources/support-center/knowledge-base/performance-optimization/find-expensive-queries,matched,b7b956c395ea6e55,true,b7b956c395ea6e55,2026-05-08T09:09:20+00:00,false
/get-started/quick-start,docs/getting-started/quick-start/index.mdx,,https://clickhouse.com/docs/get-started/quick-start,,unmatched,42fe50c1e729beb1,false,,,false
/getting-started/example-datasets/,docs/getting-started/index.md,get-started/sample-datasets/index.mdx,https://clickhouse.com/docs/getting-started/example-datasets/,https://private-7c7dfe99.mintlify.app/get-started/sample-datasets,matched,674779f4d18973aa,true,674779f4d18973aa,2026-05-08T20:59:48+00:00,false
/getting-started/example-datasets/amazon-reviews,docs/getting-started/example-datasets/amazon-reviews.md,get-started/sample-datasets/amazon-reviews.mdx,https://clickhouse.com/docs/getting-started/example-datasets/amazon-reviews,https://private-7c7dfe99.mintlify.app/get-started/sample-datasets/amazon-reviews,matched,ca42797c7300200d,true,ca42797c7300200d,2026-05-08T09:09:20+00:00,false
/getting-started/example-datasets/amplab-benchmark,docs/getting-started/example-datasets/amplab-benchmark.md,get-started/sample-datasets/amplab-benchmark.mdx,https://clickhouse.com/docs/getting-started/example-datasets/amplab-benchmark,https://private-7c7dfe99.mintlify.app/get-started/sample-datasets/amplab-benchmark,matched,1d1ca4474fc25a6c,true,1d1ca4474fc25a6c,2026-05-08T09:09:20+00:00,false
/getting-started/example-datasets/brown-benchmark,docs/getting-started/example-datasets/brown-benchmark.md,get-started/sample-datasets/brown-benchmark.mdx,https://clickhouse.com/docs/getting-started/example-datasets/brown-benchmark,https://private-7c7dfe99.mintlify.app/get-started/sample-datasets/brown-benchmark,matched,9206b8172e5adaad,true,9206b8172e5adaad,2026-05-08T09:09:20+00:00,false
/getting-started/example-datasets/cell-towers,docs/getting-started/example-datasets/cell-towers.md,get-started/sample-datasets/cell-towers.mdx,https://clickhouse.com/docs/getting-started/example-datasets/cell-towers,https://private-7c7dfe99.mintlify.app/get-started/sample-datasets/cell-towers,matched,0cb34ed3c4fd0aed,true,0cb34ed3c4fd0aed,2026-05-08T11:18:28+00:00,false
/getting-started/example-datasets/covid19,docs/getting-started/example-datasets/covid19.md,get-started/sample-datasets/covid19.mdx,https://clickhouse.com/docs/getting-started/example-datasets/covid19,https://private-7c7dfe99.mintlify.app/get-started/sample-datasets/covid19,matched,f9888552898ecec0,true,f9888552898ecec0,2026-05-08T09:09:20+00:00,false
/getting-started/example-datasets/criteo,docs/getting-started/example-datasets/criteo.md,get-started/sample-datasets/criteo.mdx,https://clickhouse.com/docs/getting-started/example-datasets/criteo,https://private-7c7dfe99.mintlify.app/get-started/sample-datasets/criteo,matched,de5a0b3a29562a37,true,de5a0b3a29562a37,2026-05-08T09:09:20+00:00,false
/getting-started/example-datasets/dbpedia-dataset,docs/getting-started/example-datasets/dbpedia.md,get-started/sample-datasets/dbpedia.mdx,https://clickhouse.com/docs/getting-started/example-datasets/dbpedia-dataset,https://private-7c7dfe99.mintlify.app/get-started/sample-datasets/dbpedia,matched,c658b35c333a9b84,true,c658b35c333a9b84,2026-05-08T09:09:20+00:00,false
/getting-started/example-datasets/environmental-sensors,docs/getting-started/example-datasets/environmental-sensors.md,get-started/sample-datasets/environmental-sensors.mdx,https://clickhouse.com/docs/getting-started/example-datasets/environmental-sensors,https://private-7c7dfe99.mintlify.app/get-started/sample-datasets/environmental-sensors,matched,32916f14b8104181,true,32916f14b8104181,2026-05-08T09:09:20+00:00,false
/getting-started/example-datasets/foursquare-places,docs/getting-started/example-datasets/foursquare-os-places.md,get-started/sample-datasets/foursquare-os-places.mdx,https://clickhouse.com/docs/getting-started/example-datasets/foursquare-places,https://private-7c7dfe99.mintlify.app/get-started/sample-datasets/foursquare-os-places,matched,068b866e905fa187,true,068b866e905fa187,2026-05-08T09:09:20+00:00,false
/getting-started/example-datasets/github,docs/getting-started/example-datasets/github.md,get-started/sample-datasets/github.mdx,https://clickhouse.com/docs/getting-started/example-datasets/github,https://private-7c7dfe99.mintlify.app/get-started/sample-datasets/github,matched,62ff108179e59685,true,62ff108179e59685,2026-05-08T09:09:20+00:00,false
/getting-started/example-datasets/github-events,docs/getting-started/example-datasets/github-events.md,get-started/sample-datasets/github-events.mdx,https://clickhouse.com/docs/getting-started/example-datasets/github-events,https://private-7c7dfe99.mintlify.app/get-started/sample-datasets/github-events,matched,b0a4bb65550f834d,true,b0a4bb65550f834d,2026-05-08T09:09:20+00:00,false
/getting-started/example-datasets/hacker-news,docs/getting-started/example-datasets/hacker-news.md,get-started/sample-datasets/hacker-news.mdx,https://clickhouse.com/docs/getting-started/example-datasets/hacker-news,https://private-7c7dfe99.mintlify.app/get-started/sample-datasets/hacker-news,matched,6f0adcd55017c12a,true,6f0adcd55017c12a,2026-05-08T13:01:57+00:00,false
/getting-started/example-datasets/hackernews-vector-search-dataset,docs/getting-started/example-datasets/hacker-news-vector-search.md,get-started/sample-datasets/hacker-news-vector-search.mdx,https://clickhouse.com/docs/getting-started/example-datasets/hackernews-vector-search-dataset,https://private-7c7dfe99.mintlify.app/get-started/sample-datasets/hacker-news-vector-search,matched,f73d712822089e63,true,f73d712822089e63,2026-05-08T09:09:20+00:00,false
/getting-started/example-datasets/laion-400m-dataset,docs/getting-started/example-datasets/laion.md,get-started/sample-datasets/laion.mdx,https://clickhouse.com/docs/getting-started/example-datasets/laion-400m-dataset,https://private-7c7dfe99.mintlify.app/get-started/sample-datasets/laion,matched,0ae7e345a21808fb,true,0ae7e345a21808fb,2026-05-08T09:09:20+00:00,false
/getting-started/example-datasets/laion-5b-dataset,docs/getting-started/example-datasets/laion5b.md,get-started/sample-datasets/laion5b.mdx,https://clickhouse.com/docs/getting-started/example-datasets/laion-5b-dataset,https://private-7c7dfe99.mintlify.app/get-started/sample-datasets/laion5b,matched,3b0b6bfe05ba8170,true,3b0b6bfe05ba8170,2026-05-08T09:09:20+00:00,false
/getting-started/example-datasets/menus,docs/getting-started/example-datasets/menus.md,get-started/sample-datasets/menus.mdx,https://clickhouse.com/docs/getting-started/example-datasets/menus,https://private-7c7dfe99.mintlify.app/get-started/sample-datasets/menus,matched,0c0e0a6cf9fefd23,true,0c0e0a6cf9fefd23,2026-05-08T09:09:20+00:00,false
/getting-started/example-datasets/metrica,docs/getting-started/example-datasets/anon_web_analytics_metrica.md,get-started/sample-datasets/anon-web-analytics-metrica.mdx,https://clickhouse.com/docs/getting-started/example-datasets/metrica,https://private-7c7dfe99.mintlify.app/get-started/sample-datasets/anon-web-analytics-metrica,matched,28d5b1d5fc9ae088,true,28d5b1d5fc9ae088,2026-05-08T09:09:20+00:00,false
/getting-started/example-datasets/noaa,docs/getting-started/example-datasets/noaa.md,get-started/sample-datasets/noaa.mdx,https://clickhouse.com/docs/getting-started/example-datasets/noaa,https://private-7c7dfe99.mintlify.app/get-started/sample-datasets/noaa,matched,707ef06b299a5c16,true,707ef06b299a5c16,2026-05-08T09:09:20+00:00,false
/getting-started/example-datasets/nyc-taxi,docs/getting-started/example-datasets/nyc-taxi.md,get-started/sample-datasets/nyc-taxi.mdx,https://clickhouse.com/docs/getting-started/example-datasets/nyc-taxi,https://private-7c7dfe99.mintlify.app/get-started/sample-datasets/nyc-taxi,matched,8fd814ace2327deb,true,8fd814ace2327deb,2026-05-08T09:09:20+00:00,false
/getting-started/example-datasets/nypd_complaint_data,docs/getting-started/example-datasets/nypd_complaint_data.md,get-started/sample-datasets/nypd-complaint-data.mdx,https://clickhouse.com/docs/getting-started/example-datasets/nypd_complaint_data,https://private-7c7dfe99.mintlify.app/get-started/sample-datasets/nypd-complaint-data,matched,ec0425affd15c8e6,true,ec0425affd15c8e6,2026-05-08T09:09:20+00:00,false
/getting-started/example-datasets/ontime,docs/getting-started/example-datasets/ontime.md,get-started/sample-datasets/ontime.mdx,https://clickhouse.com/docs/getting-started/example-datasets/ontime,https://private-7c7dfe99.mintlify.app/get-started/sample-datasets/ontime,matched,a27fbee07ebfb654,true,a27fbee07ebfb654,2026-05-08T09:09:20+00:00,false
/getting-started/example-datasets/stackoverflow,docs/getting-started/example-datasets/stackoverflow.md,get-started/sample-datasets/stackoverflow.mdx,https://clickhouse.com/docs/getting-started/example-datasets/stackoverflow,https://private-7c7dfe99.mintlify.app/get-started/sample-datasets/stackoverflow,matched,f0af9a16658cd62f,true,f0af9a16658cd62f,2026-05-08T09:09:20+00:00,false
/getting-started/example-datasets/star-schema,docs/getting-started/example-datasets/star-schema.md,get-started/sample-datasets/star-schema.mdx,https://clickhouse.com/docs/getting-started/example-datasets/star-schema,https://private-7c7dfe99.mintlify.app/get-started/sample-datasets/star-schema,matched,2389d79262fecaaf,true,2389d79262fecaaf,2026-05-08T09:09:20+00:00,false
/getting-started/example-datasets/tpcds,docs/getting-started/example-datasets/tpcds.md,get-started/sample-datasets/tpcds.mdx,https://clickhouse.com/docs/getting-started/example-datasets/tpcds,https://private-7c7dfe99.mintlify.app/get-started/sample-datasets/tpcds,matched,d236a4a62291d682,true,d236a4a62291d682,2026-05-09T09:39:38+00:00,false
/getting-started/example-datasets/tpch,docs/getting-started/example-datasets/tpch.md,get-started/sample-datasets/tpch.mdx,https://clickhouse.com/docs/getting-started/example-datasets/tpch,https://private-7c7dfe99.mintlify.app/get-started/sample-datasets/tpch,matched,4f7239d97f220911,true,4f7239d97f220911,2026-05-08T09:09:20+00:00,false
/getting-started/example-datasets/tw-weather,docs/getting-started/example-datasets/tw-weather.md,get-started/sample-datasets/tw-weather.mdx,https://clickhouse.com/docs/getting-started/example-datasets/tw-weather,https://private-7c7dfe99.mintlify.app/get-started/sample-datasets/tw-weather,matched,df2e38e726ad5701,true,df2e38e726ad5701,2026-05-08T09:09:20+00:00,false
/getting-started/example-datasets/uk-price-paid,docs/getting-started/example-datasets/uk-price-paid.md,get-started/sample-datasets/uk-price-paid.mdx,https://clickhouse.com/docs/getting-started/example-datasets/uk-price-paid,https://private-7c7dfe99.mintlify.app/get-started/sample-datasets/uk-price-paid,matched,4cc1991c7b87b22d,true,4cc1991c7b87b22d,2026-05-08T09:09:20+00:00,false
/getting-started/example-datasets/wikistat,docs/getting-started/example-datasets/wikistat.md,get-started/sample-datasets/wikistat.mdx,https://clickhouse.com/docs/getting-started/example-datasets/wikistat,https://private-7c7dfe99.mintlify.app/get-started/sample-datasets/wikistat,matched,067bee4f308eb8fb,false,,,false
/getting-started/example-datasets/youtube-dislikes,docs/getting-started/example-datasets/youtube-dislikes.md,get-started/sample-datasets/youtube-dislikes.mdx,https://clickhouse.com/docs/getting-started/example-datasets/youtube-dislikes,https://private-7c7dfe99.mintlify.app/get-started/sample-datasets/youtube-dislikes,matched,5c9a86027021d4fe,true,5c9a86027021d4fe,2026-05-08T09:09:20+00:00,false
/getting-started/playground,docs/getting-started/playground.md,get-started/sample-datasets/playground.mdx,https://clickhouse.com/docs/getting-started/playground,https://private-7c7dfe99.mintlify.app/get-started/sample-datasets/playground,matched,4767e57ddf5e2089,true,4767e57ddf5e2089,2026-05-08T09:09:20+00:00,false
/getting-started/quick-start/cloud,docs/getting-started/quick-start/cloud.mdx,get-started/setup/cloud.mdx,https://clickhouse.com/docs/getting-started/quick-start/cloud,https://private-7c7dfe99.mintlify.app/get-started/setup/cloud,matched,960691705a63f396,true,960691705a63f396,2026-05-08T18:59:54+00:00,false
/getting-started/quick-start/oss,docs/getting-started/quick-start/oss.mdx,get-started/oss/oss.mdx,https://clickhouse.com/docs/getting-started/quick-start/oss,https://private-7c7dfe99.mintlify.app/get-started/oss/oss,matched,f64d3e2b35f55490,true,f64d3e2b35f55490,2026-05-08T17:39:11+00:00,false
/guides/best-practices/sparse-primary-indexes,docs/guides/best-practices/sparse-primary-indexes.md,guides/cloud-oss/data-modelling/sparse-primary-indexes.mdx,https://clickhouse.com/docs/guides/best-practices/sparse-primary-indexes,https://private-7c7dfe99.mintlify.app/guides/cloud-oss/data-modelling/sparse-primary-indexes,matched,63c6983ac8f3ca25,true,63c6983ac8f3ca25,2026-05-09T10:13:24+00:00,false
/guides/creating-tables,docs/guides/starter_guides/creating-tables.md,get-started/oss/starter-guides/creating-tables.mdx,https://clickhouse.com/docs/guides/creating-tables,https://private-7c7dfe99.mintlify.app/get-started/oss/starter-guides/creating-tables,matched,86d29edfe0e45bab,true,86d29edfe0e45bab,2026-05-08T09:09:20+00:00,false
/guides/developer/alternative-query-languages,docs/guides/developer/alternative-query-languages.md,concepts/features/configuration/settings/alternative-query-languages.mdx,https://clickhouse.com/docs/guides/developer/alternative-query-languages,https://private-7c7dfe99.mintlify.app/concepts/features/configuration/settings/alternative-query-languages,matched,18d89c08b848c225,true,18d89c08b848c225,2026-05-08T09:09:20+00:00,false
/guides/developer/cascading-materialized-views,docs/guides/developer/cascading-materialized-views.md,concepts/features/materialized-views/cascading-materialized-views.mdx,https://clickhouse.com/docs/guides/developer/cascading-materialized-views,https://private-7c7dfe99.mintlify.app/concepts/features/materialized-views/cascading-materialized-views,matched,de929d24863cbd89,true,de929d24863cbd89,2026-05-08T12:19:52+00:00,false
/guides/developer/debugging-memory-issues,docs/guides/developer/debugging-memory-issues.md,concepts/features/performance/troubleshoot/debugging-memory-issues.mdx,https://clickhouse.com/docs/guides/developer/debugging-memory-issues,https://private-7c7dfe99.mintlify.app/concepts/features/performance/troubleshoot/debugging-memory-issues,matched,eb1dc019fb90478f,true,eb1dc019fb90478f,2026-05-07T14:49:41+00:00,false
/guides/developer/deduplicating-inserts-on-retries,docs/guides/developer/deduplicating-inserts-on-retries.md,concepts/operations/insert/deduplicating-inserts-on-retries.mdx,https://clickhouse.com/docs/guides/developer/deduplicating-inserts-on-retries,https://private-7c7dfe99.mintlify.app/concepts/operations/insert/deduplicating-inserts-on-retries,matched,e7746a2deb43638a,true,e7746a2deb43638a,2026-05-07T14:49:41+00:00,false
/guides/developer/deduplication,docs/guides/developer/deduplication.md,concepts/operations/insert/deduplication.mdx,https://clickhouse.com/docs/guides/developer/deduplication,https://private-7c7dfe99.mintlify.app/concepts/operations/insert/deduplication,matched,f9aeae51221b7482,true,f9aeae51221b7482,2026-05-08T09:09:20+00:00,false
/guides/developer/dynamic-column-selection,docs/guides/developer/dynamic-column-selection.md,guides/cloud-oss/performance-and-monitoring/dynamic-column-selection.mdx,https://clickhouse.com/docs/guides/developer/dynamic-column-selection,https://private-7c7dfe99.mintlify.app/guides/cloud-oss/performance-and-monitoring/dynamic-column-selection,matched,b2dcb07fb9a764eb,true,b2dcb07fb9a764eb,2026-05-08T12:19:52+00:00,false
/guides/developer/lightweight-delete,docs/guides/developer/lightweight-delete.md,concepts/operations/delete/lightweight-delete.mdx,https://clickhouse.com/docs/guides/developer/lightweight-delete,https://private-7c7dfe99.mintlify.app/concepts/operations/delete/lightweight-delete,matched,3343c0796b471782,true,3343c0796b471782,2026-05-08T11:28:37+00:00,false
/guides/developer/merge-table-function,docs/guides/developer/merge-table-function.md,guides/cloud-oss/data-modelling/merge-table-function.mdx,https://clickhouse.com/docs/guides/developer/merge-table-function,https://private-7c7dfe99.mintlify.app/guides/cloud-oss/data-modelling/merge-table-function,matched,0e359696d3b55658,true,0e359696d3b55658,2026-05-08T12:19:52+00:00,false
/guides/developer/mutations,docs/guides/starter_guides/mutations.md,get-started/oss/starter-guides/mutations.mdx,https://clickhouse.com/docs/guides/developer/mutations,https://private-7c7dfe99.mintlify.app/get-started/oss/starter-guides/mutations,matched,997eae44ed582f49,true,997eae44ed582f49,2026-05-08T09:09:20+00:00,false
/guides/developer/overview,docs/guides/developer/index.md,concepts/advanced-guides/index.mdx,https://clickhouse.com/docs/guides/developer/overview,https://private-7c7dfe99.mintlify.app/concepts/advanced-guides,matched,ff571bfee3a04123,true,ff571bfee3a04123,2026-05-08T09:09:20+00:00,false
/guides/developer/stored-procedures-and-prepared-statements,docs/guides/developer/stored-procedures-and-prepared-statements.md,guides/cloud-oss/data-modelling/stored-procedures-and-prepared-statements.mdx,https://clickhouse.com/docs/guides/developer/stored-procedures-and-prepared-statements,https://private-7c7dfe99.mintlify.app/guides/cloud-oss/data-modelling/stored-procedures-and-prepared-statements,matched,a803f309cbac9563,true,a803f309cbac9563,2026-05-09T09:39:38+00:00,false
/guides/developer/time-series-filling-gaps,docs/guides/developer/time-series-filling-gaps.md,guides/real-time-analytics/time-series/time-series-filling-gaps.mdx,https://clickhouse.com/docs/guides/developer/time-series-filling-gaps,https://private-7c7dfe99.mintlify.app/guides/real-time-analytics/time-series/time-series-filling-gaps,matched,3b756f536f236634,true,3b756f536f236634,2026-05-08T09:09:20+00:00,false
/guides/developer/transactional,docs/sql-reference/transactions.md,concepts/operations/insert/transactions.mdx,https://clickhouse.com/docs/guides/developer/transactional,https://private-7c7dfe99.mintlify.app/concepts/operations/insert/transactions,matched,a0e30e85a93f908e,true,a0e30e85a93f908e,2026-05-08T09:09:20+00:00,false
/guides/developer/ttl,docs/guides/developer/ttl.md,concepts/operations/delete/ttl.mdx,https://clickhouse.com/docs/guides/developer/ttl,https://private-7c7dfe99.mintlify.app/concepts/operations/delete/ttl,matched,51ac57439ff98f81,true,51ac57439ff98f81,2026-05-08T09:09:20+00:00,false
/guides/developer/understanding-query-execution-with-the-analyzer,docs/guides/developer/understanding-query-execution-with-the-analyzer.md,guides/cloud-oss/performance-and-monitoring/understanding-query-execution-with-the-analyzer.mdx,https://clickhouse.com/docs/guides/developer/understanding-query-execution-with-the-analyzer,https://private-7c7dfe99.mintlify.app/guides/cloud-oss/performance-and-monitoring/understanding-query-execution-with-the-analyzer,matched,120434fe13197292,true,120434fe13197292,2026-05-08T09:09:20+00:00,false
/guides/generating-test-data,docs/guides/starter_guides/generating-test-data.md,get-started/oss/starter-guides/generating-test-data.mdx,https://clickhouse.com/docs/guides/generating-test-data,https://private-7c7dfe99.mintlify.app/get-started/oss/starter-guides/generating-test-data,matched,78dc777b79fafb0a,true,78dc777b79fafb0a,2026-05-08T09:09:20+00:00,false
/guides/inserting-data,docs/guides/starter_guides/inserting-data.md,get-started/oss/starter-guides/inserting-data.mdx,https://clickhouse.com/docs/guides/inserting-data,https://private-7c7dfe99.mintlify.app/get-started/oss/starter-guides/inserting-data,matched,0e190797730172e7,true,0e190797730172e7,2026-05-08T13:01:57+00:00,false
/guides/joining-tables,docs/guides/joining-tables.md,concepts/operations/select/joining-tables.mdx,https://clickhouse.com/docs/guides/joining-tables,https://private-7c7dfe99.mintlify.app/concepts/operations/select/joining-tables,matched,6a518a92ae9cdabf,true,6a518a92ae9cdabf,2026-05-07T14:49:41+00:00,false
/guides/manage-and-deploy-index,docs/guides/manage-and-deploy-index.md,,https://clickhouse.com/docs/guides/manage-and-deploy-index,,unmatched,9072a3da92cb3b5a,false,,,false
/guides/replacing-merge-tree,docs/guides/developer/replacing-merge-tree.md,concepts/operations/update/replacing-merge-tree.mdx,https://clickhouse.com/docs/guides/replacing-merge-tree,https://private-7c7dfe99.mintlify.app/concepts/operations/update/replacing-merge-tree,matched,e9ab353f4ebf8636,true,e9ab353f4ebf8636,2026-05-08T09:09:20+00:00,false
/guides/separation-storage-compute,docs/guides/separation-storage-compute.md,guides/oss/deployment-and-scaling/separation-storage-compute.mdx,https://clickhouse.com/docs/guides/separation-storage-compute,https://private-7c7dfe99.mintlify.app/guides/oss/deployment-and-scaling/separation-storage-compute,matched,aa13cd3a72637893,true,aa13cd3a72637893,2026-05-08T09:09:20+00:00,false
/guides/sizing-and-hardware-recommendations,docs/best-practices/sizing-and-hardware-recommendations.md,guides/oss/best-practices/sizing-and-hardware-recommendations.mdx,https://clickhouse.com/docs/guides/sizing-and-hardware-recommendations,https://private-7c7dfe99.mintlify.app/guides/oss/best-practices/sizing-and-hardware-recommendations,matched,4d62bbe0c3cf4b15,true,4d62bbe0c3cf4b15,2026-05-08T09:09:20+00:00,false
/guides/sre/configuring-ldap,docs/guides/sre/user-management/configuring-ldap.md,concepts/features/security/configuring-ldap.mdx,https://clickhouse.com/docs/guides/sre/configuring-ldap,https://private-7c7dfe99.mintlify.app/concepts/features/security/configuring-ldap,matched,3c5f7fc67fa9ba32,true,3c5f7fc67fa9ba32,2026-05-09T11:14:51+00:00,false
/guides/sre/configuring-tls-acme-client,docs/guides/sre/tls/configuring-tls-acme-client.md,concepts/features/security/tls/configuring-tls-acme-client.mdx,https://clickhouse.com/docs/guides/sre/configuring-tls-acme-client,https://private-7c7dfe99.mintlify.app/concepts/features/security/tls/configuring-tls-acme-client,matched,a7172c8d70b67153,true,a7172c8d70b67153,2026-05-08T09:09:20+00:00,false
/guides/sre/keeper/clickhouse-keeper,docs/guides/sre/keeper/index.md,guides/oss/deployment-and-scaling/keeper/index.mdx,https://clickhouse.com/docs/guides/sre/keeper/clickhouse-keeper,https://private-7c7dfe99.mintlify.app/guides/oss/deployment-and-scaling/keeper,matched,a06dce5746a4bd09,true,a06dce5746a4bd09,2026-05-08T09:09:20+00:00,false
/guides/sre/network-ports,docs/guides/sre/network-ports.md,concepts/features/security/network-ports.mdx,https://clickhouse.com/docs/guides/sre/network-ports,https://private-7c7dfe99.mintlify.app/concepts/features/security/network-ports,matched,e6c8ae6e9d572a20,true,e6c8ae6e9d572a20,2026-05-08T09:09:20+00:00,false
/guides/sre/scaling-clusters,docs/guides/sre/scaling-clusters.md,guides/oss/deployment-and-scaling/scaling-clusters.mdx,https://clickhouse.com/docs/guides/sre/scaling-clusters,https://private-7c7dfe99.mintlify.app/guides/oss/deployment-and-scaling/scaling-clusters,matched,c35d8833441f6759,true,c35d8833441f6759,2026-05-08T09:09:20+00:00,false
/guides/sre/ssl-user-auth,docs/guides/sre/user-management/ssl-user-auth.md,concepts/features/security/ssl-user-auth.mdx,https://clickhouse.com/docs/guides/sre/ssl-user-auth,https://private-7c7dfe99.mintlify.app/concepts/features/security/ssl-user-auth,matched,0d78b0da59d1d2e1,true,0d78b0da59d1d2e1,2026-05-09T11:14:51+00:00,false
/guides/sre/tls,docs/guides/sre/tls/index.md,concepts/features/security/tls/index.mdx,https://clickhouse.com/docs/guides/sre/tls,https://private-7c7dfe99.mintlify.app/concepts/features/security/tls,matched,b04390f51bf1f598,true,b04390f51bf1f598,2026-05-07T14:49:41+00:00,false
/guides/sre/tls/configuring-tls,docs/guides/sre/tls/configuring-tls.md,concepts/features/security/tls/configuring-tls.mdx,https://clickhouse.com/docs/guides/sre/tls/configuring-tls,https://private-7c7dfe99.mintlify.app/concepts/features/security/tls/configuring-tls,matched,8e0ceee521976b5b,true,8e0ceee521976b5b,2026-05-09T11:14:51+00:00,false
/guides/troubleshooting,docs/guides/troubleshooting.md,get-started/oss/starter-guides/troubleshooting.mdx,https://clickhouse.com/docs/guides/troubleshooting,https://private-7c7dfe99.mintlify.app/get-started/oss/starter-guides/troubleshooting,matched,90eae81bd9fa9c7e,true,90eae81bd9fa9c7e,2026-05-08T09:09:20+00:00,false
/guides/working-with-arrays,docs/guides/starter_guides/working_with_arrays.md,guides/cloud-oss/working-with-arrays.mdx,https://clickhouse.com/docs/guides/working-with-arrays,https://private-7c7dfe99.mintlify.app/guides/cloud-oss/working-with-arrays,matched,292cab0829b8c6ee,true,292cab0829b8c6ee,2026-05-08T12:19:52+00:00,false
/guides/working-with-joins,docs/guides/starter_guides/working_with_joins.md,guides/cloud-oss/working-with-joins.mdx,https://clickhouse.com/docs/guides/working-with-joins,https://private-7c7dfe99.mintlify.app/guides/cloud-oss/working-with-joins,matched,d250ad1814890e6f,true,d250ad1814890e6f,2026-05-08T09:09:20+00:00,false
/guides/writing-queries,docs/guides/starter_guides/writing-queries.md,get-started/oss/starter-guides/writing-queries.mdx,https://clickhouse.com/docs/guides/writing-queries,https://private-7c7dfe99.mintlify.app/get-started/oss/starter-guides/writing-queries,matched,e19f84fa332a03b0,true,e19f84fa332a03b0,2026-05-08T13:01:57+00:00,false
/infrastructure/deployment-options,docs/cloud/features/05_infrastructure/deployment-options.md,products/cloud/features/infrastructure/deployment-options.mdx,https://clickhouse.com/docs/infrastructure/deployment-options,https://private-7c7dfe99.mintlify.app/products/cloud/features/infrastructure/deployment-options,matched,7fe221d0f68d5b30,true,7fe221d0f68d5b30,2026-05-08T09:09:20+00:00,false
/install,docs/getting-started/install/install.mdx,get-started/setup/self-managed/install.mdx,https://clickhouse.com/docs/install,https://private-7c7dfe99.mintlify.app/get-started/setup/self-managed/install,matched,97fb6ffc495e1b39,true,97fb6ffc495e1b39,2026-05-09T09:39:38+00:00,false
/install/advanced,docs/getting-started/install/advanced.md,get-started/setup/self-managed/advanced.mdx,https://clickhouse.com/docs/install/advanced,https://private-7c7dfe99.mintlify.app/get-started/setup/self-managed/advanced,matched,969d941a2d49b266,true,969d941a2d49b266,2026-05-08T09:09:20+00:00,false
/install/debian_ubuntu,docs/getting-started/install/debian_ubuntu.md,get-started/setup/self-managed/debian-ubuntu.mdx,https://clickhouse.com/docs/install/debian_ubuntu,https://private-7c7dfe99.mintlify.app/get-started/setup/self-managed/debian-ubuntu,matched,c66b9e2d0f4d5e38,true,c66b9e2d0f4d5e38,2026-05-09T09:39:38+00:00,false
/install/docker,docs/getting-started/install/docker.md,get-started/setup/self-managed/docker.mdx,https://clickhouse.com/docs/install/docker,https://private-7c7dfe99.mintlify.app/get-started/setup/self-managed/docker,matched,c4a33214adceb28b,true,c4a33214adceb28b,2026-05-09T09:39:38+00:00,false
/install/linux_other,docs/getting-started/install/other_linux.md,get-started/setup/self-managed/other-linux.mdx,https://clickhouse.com/docs/install/linux_other,https://private-7c7dfe99.mintlify.app/get-started/setup/self-managed/other-linux,matched,2beff12ea84429b1,true,2beff12ea84429b1,2026-05-09T09:39:38+00:00,false
/install/macOS,docs/getting-started/install/macos.md,get-started/setup/self-managed/macos.mdx,https://clickhouse.com/docs/install/macOS,https://private-7c7dfe99.mintlify.app/get-started/setup/self-managed/macos,matched,53b8019634b145bd,true,53b8019634b145bd,2026-05-09T09:39:38+00:00,false
/install/nixos,docs/getting-started/install/nixos.md,get-started/setup/self-managed/nixos.mdx,https://clickhouse.com/docs/install/nixos,https://private-7c7dfe99.mintlify.app/get-started/setup/self-managed/nixos,matched,60fa53acb957fe4f,true,60fa53acb957fe4f,2026-05-09T09:39:38+00:00,false
/install/quick-install,docs/getting-started/install/quick-install.md,get-started/setup/self-managed/quick-install.mdx,https://clickhouse.com/docs/install/quick-install,https://private-7c7dfe99.mintlify.app/get-started/setup/self-managed/quick-install,matched,a9f32ded1b5958de,true,a9f32ded1b5958de,2026-05-09T09:39:38+00:00,false
/install/redhat,docs/getting-started/install/redhat.md,get-started/setup/self-managed/redhat.mdx,https://clickhouse.com/docs/install/redhat,https://private-7c7dfe99.mintlify.app/get-started/setup/self-managed/redhat,matched,17f1e539b1b6e775,true,17f1e539b1b6e775,2026-05-09T09:39:38+00:00,false
/install/windows,docs/getting-started/install/windows.md,get-started/setup/self-managed/windows.mdx,https://clickhouse.com/docs/install/windows,https://private-7c7dfe99.mintlify.app/get-started/setup/self-managed/windows,matched,b13281a5fbb00f88,true,b13281a5fbb00f88,2026-05-09T09:39:38+00:00,false
/integrations,docs/integrations/index.mdx,integrations/connectors/home.mdx,https://clickhouse.com/docs/integrations,https://private-7c7dfe99.mintlify.app/integrations/connectors/home,matched,d00bb1a1aad83498,true,d00bb1a1aad83498,2026-05-08T09:34:32+00:00,false
/integrations/airbyte,docs/integrations/data-ingestion/etl-tools/airbyte-and-clickhouse.md,integrations/connectors/data-ingestion/etl-tools/airbyte-and-clickhouse.mdx,https://clickhouse.com/docs/integrations/airbyte,https://private-7c7dfe99.mintlify.app/integrations/connectors/data-ingestion/etl-tools/airbyte-and-clickhouse,matched,2d7448b1256b9906,true,2d7448b1256b9906,2026-05-09T11:14:51+00:00,false
/integrations/apache-beam,docs/integrations/data-ingestion/etl-tools/apache-beam.md,integrations/connectors/data-ingestion/etl-tools/apache-beam.mdx,https://clickhouse.com/docs/integrations/apache-beam,https://private-7c7dfe99.mintlify.app/integrations/connectors/data-ingestion/etl-tools/apache-beam,matched,df6bfe396ac5e67b,true,df6bfe396ac5e67b,2026-05-08T09:09:20+00:00,false
/integrations/apache-flink,docs/integrations/data-ingestion/apache-flink/flink-connector.md,integrations/connectors/data-ingestion/apache-flink.mdx,https://clickhouse.com/docs/integrations/apache-flink,https://private-7c7dfe99.mintlify.app/integrations/connectors/data-ingestion/apache-flink,matched,44e43d82ba0a62e4,true,44e43d82ba0a62e4,2026-05-08T13:01:57+00:00,false
/integrations/apache-spark,docs/integrations/data-ingestion/apache-spark/index.md,integrations/connectors/data-ingestion/apache-spark/index.mdx,https://clickhouse.com/docs/integrations/apache-spark,https://private-7c7dfe99.mintlify.app/integrations/connectors/data-ingestion/apache-spark,matched,c2fbaf14aa1297ec,true,c2fbaf14aa1297ec,2026-05-08T11:53:27+00:00,false
/integrations/apache-spark/spark-jdbc,docs/integrations/data-ingestion/apache-spark/spark-jdbc.md,integrations/connectors/data-ingestion/apache-spark/spark-jdbc.mdx,https://clickhouse.com/docs/integrations/apache-spark/spark-jdbc,https://private-7c7dfe99.mintlify.app/integrations/connectors/data-ingestion/apache-spark/spark-jdbc,matched,a061d71f4a780021,true,a061d71f4a780021,2026-05-08T09:52:53+00:00,false
/integrations/apache-spark/spark-native-connector,docs/integrations/data-ingestion/apache-spark/spark-native-connector.md,integrations/connectors/data-ingestion/apache-spark/spark-native-connector.mdx,https://clickhouse.com/docs/integrations/apache-spark/spark-native-connector,https://private-7c7dfe99.mintlify.app/integrations/connectors/data-ingestion/apache-spark/spark-native-connector,matched,f84fd4b2f752737e,true,f84fd4b2f752737e,2026-05-08T09:52:53+00:00,false
/integrations/apify,docs/integrations/data-ingestion/etl-tools/apify-and-clickhouse.md,,https://clickhouse.com/docs/integrations/apify,,unmatched,dcc29ab87e4d2fbf,false,,,false
/integrations/artie,docs/integrations/data-ingestion/etl-tools/artie-and-clickhouse.md,integrations/connectors/data-ingestion/community-integrations/artie-and-clickhouse.mdx,https://clickhouse.com/docs/integrations/artie,https://private-7c7dfe99.mintlify.app/integrations/connectors/data-ingestion/community-integrations/artie-and-clickhouse,matched,4c4eaa3e44a1e06d,true,4c4eaa3e44a1e06d,2026-05-08T09:09:20+00:00,false
/integrations/astrato,docs/integrations/data-visualization/community_integrations/astrato-and-clickhouse.md,integrations/connectors/data-visualization/community-integrations/astrato-and-clickhouse.mdx,https://clickhouse.com/docs/integrations/astrato,https://private-7c7dfe99.mintlify.app/integrations/connectors/data-visualization/community-integrations/astrato-and-clickhouse,matched,67ac362f101c1fc0,true,67ac362f101c1fc0,2026-05-08T09:16:50+00:00,false
/integrations/audit-splunk,docs/integrations/tools/data-integration/splunk/index.md,integrations/connectors/data-integrations/integrations/splunk.mdx,https://clickhouse.com/docs/integrations/audit-splunk,https://private-7c7dfe99.mintlify.app/integrations/connectors/data-integrations/integrations/splunk,matched,7b7eb559e5ba09bb,true,7b7eb559e5ba09bb,2026-05-08T09:09:20+00:00,false
/integrations/azure-data-factory,docs/integrations/data-ingestion/azure-data-factory/index.md,integrations/connectors/data-ingestion/azure/azure-data-factory/index.mdx,https://clickhouse.com/docs/integrations/azure-data-factory,https://private-7c7dfe99.mintlify.app/integrations/connectors/data-ingestion/azure/azure-data-factory,matched,5fab1af569d0848a,true,5fab1af569d0848a,2026-05-08T15:29:53+00:00,false
/integrations/azure-data-factory/http-interface,docs/integrations/data-ingestion/azure-data-factory/using_http_interface.md,integrations/connectors/data-ingestion/azure/azure-data-factory/using-http-interface.mdx,https://clickhouse.com/docs/integrations/azure-data-factory/http-interface,https://private-7c7dfe99.mintlify.app/integrations/connectors/data-ingestion/azure/azure-data-factory/using-http-interface,matched,4971fbf4922b8563,true,4971fbf4922b8563,2026-05-09T11:14:51+00:00,false
/integrations/azure-data-factory/overview,docs/integrations/data-ingestion/azure-data-factory/overview.md,integrations/connectors/data-ingestion/azure/azure-data-factory/overview.mdx,https://clickhouse.com/docs/integrations/azure-data-factory/overview,https://private-7c7dfe99.mintlify.app/integrations/connectors/data-ingestion/azure/azure-data-factory/overview,matched,2d2806f3a1690fe7,true,2d2806f3a1690fe7,2026-05-08T09:09:20+00:00,false
/integrations/azure-data-factory/table-function,docs/integrations/data-ingestion/azure-data-factory/using_azureblobstorage.md,integrations/connectors/data-ingestion/azure/azure-data-factory/using-azureblobstorage.mdx,https://clickhouse.com/docs/integrations/azure-data-factory/table-function,https://private-7c7dfe99.mintlify.app/integrations/connectors/data-ingestion/azure/azure-data-factory/using-azureblobstorage,matched,987313de1a805067,true,987313de1a805067,2026-05-09T11:14:51+00:00,false
/integrations/azure-synapse,docs/integrations/data-ingestion/azure-synapse/index.md,integrations/connectors/data-ingestion/azure/azure-synapse.mdx,https://clickhouse.com/docs/integrations/azure-synapse,https://private-7c7dfe99.mintlify.app/integrations/connectors/data-ingestion/azure/azure-synapse,matched,9c5a67b449e9b9aa,true,9c5a67b449e9b9aa,2026-05-08T09:52:53+00:00,false
/integrations/bladepipe,docs/integrations/data-ingestion/etl-tools/bladepipe-and-clickhouse.md,integrations/connectors/data-ingestion/etl-tools/bladepipe-and-clickhouse.mdx,https://clickhouse.com/docs/integrations/bladepipe,https://private-7c7dfe99.mintlify.app/integrations/connectors/data-ingestion/etl-tools/bladepipe-and-clickhouse,matched,351824c23a3d3066,true,351824c23a3d3066,2026-05-09T11:14:51+00:00,false
/integrations/cassandra,docs/integrations/data-sources/cassandra.md,integrations/connectors/data-sources/cassandra.mdx,https://clickhouse.com/docs/integrations/cassandra,https://private-7c7dfe99.mintlify.app/integrations/connectors/data-sources/cassandra,matched,2831d7518051a262,true,2831d7518051a262,2026-05-08T09:09:20+00:00,false
/integrations/chartbrew-and-clickhouse,docs/integrations/data-visualization/community_integrations/chartbrew-and-clickhouse.md,integrations/connectors/data-visualization/community-integrations/chartbrew-and-clickhouse.mdx,https://clickhouse.com/docs/integrations/chartbrew-and-clickhouse,https://private-7c7dfe99.mintlify.app/integrations/connectors/data-visualization/community-integrations/chartbrew-and-clickhouse,matched,cf7f7061adbfb072,true,cf7f7061adbfb072,2026-05-08T09:16:50+00:00,false
/integrations/clickpipes,docs/integrations/data-ingestion/clickpipes/index.md,integrations/clickpipes/home.mdx,https://clickhouse.com/docs/integrations/clickpipes,https://private-7c7dfe99.mintlify.app/integrations/clickpipes/home,matched,373811a5173a2169,true,373811a5173a2169,2026-05-08T18:59:54+00:00,false
/integrations/clickpipes/aws-privatelink,docs/integrations/data-ingestion/clickpipes/aws-privatelink.md,integrations/clickpipes/aws-privatelink.mdx,https://clickhouse.com/docs/integrations/clickpipes/aws-privatelink,https://private-7c7dfe99.mintlify.app/integrations/clickpipes/aws-privatelink,matched,68f116f3f3d17736,true,68f116f3f3d17736,2026-05-08T09:09:20+00:00,false
/integrations/clickpipes/bigquery/get-started,docs/integrations/data-ingestion/clickpipes/bigquery/02_get-started.md,integrations/clickpipes/bigquery/get-started.mdx,https://clickhouse.com/docs/integrations/clickpipes/bigquery/get-started,https://private-7c7dfe99.mintlify.app/integrations/clickpipes/bigquery/get-started,matched,498186e49d79feb4,true,498186e49d79feb4,2026-05-09T11:14:51+00:00,false
/integrations/clickpipes/bigquery/overview,docs/integrations/data-ingestion/clickpipes/bigquery/01_overview.md,integrations/clickpipes/bigquery/overview.mdx,https://clickhouse.com/docs/integrations/clickpipes/bigquery/overview,https://private-7c7dfe99.mintlify.app/integrations/clickpipes/bigquery/overview,matched,24371be405180aeb,true,24371be405180aeb,2026-05-08T11:28:15+00:00,false
/integrations/clickpipes/kafka,docs/integrations/data-ingestion/clickpipes/kafka/index.md,integrations/clickpipes/kafka/index.mdx,https://clickhouse.com/docs/integrations/clickpipes/kafka,https://private-7c7dfe99.mintlify.app/integrations/clickpipes/kafka,matched,ab6cc41342b5df3a,true,ab6cc41342b5df3a,2026-05-08T20:59:48+00:00,false
/integrations/clickpipes/kafka/best-practices,docs/integrations/data-ingestion/clickpipes/kafka/04_best_practices.md,integrations/clickpipes/kafka/best-practices.mdx,https://clickhouse.com/docs/integrations/clickpipes/kafka/best-practices,https://private-7c7dfe99.mintlify.app/integrations/clickpipes/kafka/best-practices,matched,ae6c51e796fe9ddb,true,ae6c51e796fe9ddb,2026-05-08T09:09:20+00:00,false
/integrations/clickpipes/kafka/create-your-first-kafka-clickpipe,docs/integrations/data-ingestion/clickpipes/kafka/01_create-kafka-clickpipe.md,integrations/clickpipes/kafka/create-kafka-clickpipe.mdx,https://clickhouse.com/docs/integrations/clickpipes/kafka/create-your-first-kafka-clickpipe,https://private-7c7dfe99.mintlify.app/integrations/clickpipes/kafka/create-kafka-clickpipe,matched,fcc436a21d8a4b8d,true,fcc436a21d8a4b8d,2026-05-08T09:09:20+00:00,false
/integrations/clickpipes/kafka/faq,docs/integrations/data-ingestion/clickpipes/kafka/05_faq.md,integrations/clickpipes/kafka/faq.mdx,https://clickhouse.com/docs/integrations/clickpipes/kafka/faq,https://private-7c7dfe99.mintlify.app/integrations/clickpipes/kafka/faq,matched,0976c9011efc31c5,true,0976c9011efc31c5,2026-05-08T19:53:24+00:00,false
/integrations/clickpipes/kafka/reference,docs/integrations/data-ingestion/clickpipes/kafka/03_reference.md,integrations/clickpipes/kafka/reference.mdx,https://clickhouse.com/docs/integrations/clickpipes/kafka/reference,https://private-7c7dfe99.mintlify.app/integrations/clickpipes/kafka/reference,matched,7a0725a8d07fe74f,true,7a0725a8d07fe74f,2026-05-08T18:58:07+00:00,false
/integrations/clickpipes/kafka/schema-registries,docs/integrations/data-ingestion/clickpipes/kafka/02_schema-registries.md,integrations/clickpipes/kafka/schema-registries.mdx,https://clickhouse.com/docs/integrations/clickpipes/kafka/schema-registries,https://private-7c7dfe99.mintlify.app/integrations/clickpipes/kafka/schema-registries,matched,f6194a099cb0ce75,true,f6194a099cb0ce75,2026-05-08T09:09:20+00:00,false
/integrations/clickpipes/kinesis,docs/integrations/data-ingestion/clickpipes/kinesis/01_overview.md,integrations/clickpipes/kinesis/overview.mdx,https://clickhouse.com/docs/integrations/clickpipes/kinesis,https://private-7c7dfe99.mintlify.app/integrations/clickpipes/kinesis/overview,matched,9d706b5e4e3a9d63,true,9d706b5e4e3a9d63,2026-05-08T09:09:20+00:00,false
/integrations/clickpipes/kinesis-index,docs/integrations/data-ingestion/clickpipes/kinesis/index.md,integrations/clickpipes/kinesis/index.mdx,https://clickhouse.com/docs/integrations/clickpipes/kinesis-index,https://private-7c7dfe99.mintlify.app/integrations/clickpipes/kinesis,matched,0ce1834bf473a345,true,0ce1834bf473a345,2026-05-08T20:59:48+00:00,false
/integrations/clickpipes/kinesis/auth,docs/integrations/data-ingestion/clickpipes/kinesis/02_auth.md,integrations/clickpipes/kinesis/auth.mdx,https://clickhouse.com/docs/integrations/clickpipes/kinesis/auth,https://private-7c7dfe99.mintlify.app/integrations/clickpipes/kinesis/auth,matched,61f303577fccfa88,true,61f303577fccfa88,2026-05-08T09:09:20+00:00,false
/integrations/clickpipes/mongodb,docs/integrations/data-ingestion/clickpipes/mongodb/index.md,integrations/clickpipes/mongodb/index.mdx,https://clickhouse.com/docs/integrations/clickpipes/mongodb,https://private-7c7dfe99.mintlify.app/integrations/clickpipes/mongodb,matched,ce99c0e85a69018f,true,ce99c0e85a69018f,2026-05-09T11:14:51+00:00,false
/integrations/clickpipes/mongodb/add_table,docs/integrations/data-ingestion/clickpipes/mongodb/add_table.md,integrations/clickpipes/mongodb/add-table.mdx,https://clickhouse.com/docs/integrations/clickpipes/mongodb/add_table,https://private-7c7dfe99.mintlify.app/integrations/clickpipes/mongodb/add-table,matched,fd1e6808c44ee773,true,fd1e6808c44ee773,2026-05-08T09:09:20+00:00,false
/integrations/clickpipes/mongodb/datatypes,docs/integrations/data-ingestion/clickpipes/mongodb/datatypes.md,integrations/clickpipes/mongodb/datatypes.mdx,https://clickhouse.com/docs/integrations/clickpipes/mongodb/datatypes,https://private-7c7dfe99.mintlify.app/integrations/clickpipes/mongodb/datatypes,matched,884faf2fde588827,true,884faf2fde588827,2026-05-08T09:09:20+00:00,false
/integrations/clickpipes/mongodb/faq,docs/integrations/data-ingestion/clickpipes/mongodb/faq.md,integrations/clickpipes/mongodb/faq.mdx,https://clickhouse.com/docs/integrations/clickpipes/mongodb/faq,https://private-7c7dfe99.mintlify.app/integrations/clickpipes/mongodb/faq,matched,0af38378b9bbc177,true,0af38378b9bbc177,2026-05-08T09:09:20+00:00,false
/integrations/clickpipes/mongodb/lifecycle,docs/integrations/data-ingestion/clickpipes/mongodb/lifecycle.md,integrations/clickpipes/mongodb/lifecycle.mdx,https://clickhouse.com/docs/integrations/clickpipes/mongodb/lifecycle,https://private-7c7dfe99.mintlify.app/integrations/clickpipes/mongodb/lifecycle,matched,692245730cd14a07,true,692245730cd14a07,2026-05-08T11:53:27+00:00,false
/integrations/clickpipes/mongodb/pause_and_resume,docs/integrations/data-ingestion/clickpipes/mongodb/pause_and_resume.md,integrations/clickpipes/mongodb/pause-and-resume.mdx,https://clickhouse.com/docs/integrations/clickpipes/mongodb/pause_and_resume,https://private-7c7dfe99.mintlify.app/integrations/clickpipes/mongodb/pause-and-resume,matched,b2086f30744292be,true,b2086f30744292be,2026-05-08T09:09:20+00:00,false
/integrations/clickpipes/mongodb/quickstart,docs/integrations/data-ingestion/clickpipes/mongodb/quickstart.md,integrations/clickpipes/mongodb/quickstart.mdx,https://clickhouse.com/docs/integrations/clickpipes/mongodb/quickstart,https://private-7c7dfe99.mintlify.app/integrations/clickpipes/mongodb/quickstart,matched,30266f20fb452b17,true,30266f20fb452b17,2026-05-08T09:09:20+00:00,false
/integrations/clickpipes/mongodb/removing_tables,docs/integrations/data-ingestion/clickpipes/mongodb/remove_table.md,integrations/clickpipes/mongodb/remove-table.mdx,https://clickhouse.com/docs/integrations/clickpipes/mongodb/removing_tables,https://private-7c7dfe99.mintlify.app/integrations/clickpipes/mongodb/remove-table,matched,929e0011f8fae08b,true,929e0011f8fae08b,2026-05-08T09:09:20+00:00,false
/integrations/clickpipes/mongodb/resync,docs/integrations/data-ingestion/clickpipes/mongodb/resync.md,integrations/clickpipes/mongodb/resync.mdx,https://clickhouse.com/docs/integrations/clickpipes/mongodb/resync,https://private-7c7dfe99.mintlify.app/integrations/clickpipes/mongodb/resync,matched,f3a5af88daca984c,true,f3a5af88daca984c,2026-05-08T09:09:20+00:00,false
/integrations/clickpipes/mongodb/scaling,docs/integrations/data-ingestion/clickpipes/mongodb/scaling.md,integrations/clickpipes/mongodb/scaling.mdx,https://clickhouse.com/docs/integrations/clickpipes/mongodb/scaling,https://private-7c7dfe99.mintlify.app/integrations/clickpipes/mongodb/scaling,matched,42caff65ae9cb1e9,true,42caff65ae9cb1e9,2026-05-08T09:09:20+00:00,false
/integrations/clickpipes/mongodb/source/atlas,docs/integrations/data-ingestion/clickpipes/mongodb/source/atlas.md,integrations/clickpipes/mongodb/source/atlas.mdx,https://clickhouse.com/docs/integrations/clickpipes/mongodb/source/atlas,https://private-7c7dfe99.mintlify.app/integrations/clickpipes/mongodb/source/atlas,matched,70e464459adf0507,true,70e464459adf0507,2026-05-08T09:09:20+00:00,false
/integrations/clickpipes/mongodb/source/documentdb,docs/integrations/data-ingestion/clickpipes/mongodb/source/documentdb.md,integrations/clickpipes/mongodb/source/documentdb.mdx,https://clickhouse.com/docs/integrations/clickpipes/mongodb/source/documentdb,https://private-7c7dfe99.mintlify.app/integrations/clickpipes/mongodb/source/documentdb,matched,24edfc1748bd7565,true,24edfc1748bd7565,2026-05-08T09:09:20+00:00,false
/integrations/clickpipes/mongodb/source/generic,docs/integrations/data-ingestion/clickpipes/mongodb/source/generic.md,integrations/clickpipes/mongodb/source/generic.mdx,https://clickhouse.com/docs/integrations/clickpipes/mongodb/source/generic,https://private-7c7dfe99.mintlify.app/integrations/clickpipes/mongodb/source/generic,matched,d92bd920c9d2cdaa,true,d92bd920c9d2cdaa,2026-05-08T09:09:20+00:00,false
/integrations/clickpipes/mongodb/sync_control,docs/integrations/data-ingestion/clickpipes/mongodb/controlling_sync.md,integrations/clickpipes/mongodb/controlling-sync.mdx,https://clickhouse.com/docs/integrations/clickpipes/mongodb/sync_control,https://private-7c7dfe99.mintlify.app/integrations/clickpipes/mongodb/controlling-sync,matched,c4b22ad6314f691a,true,c4b22ad6314f691a,2026-05-08T09:09:20+00:00,false
/integrations/clickpipes/mongodb/table_resync,docs/integrations/data-ingestion/clickpipes/mongodb/table_resync.md,integrations/clickpipes/mongodb/table-resync.mdx,https://clickhouse.com/docs/integrations/clickpipes/mongodb/table_resync,https://private-7c7dfe99.mintlify.app/integrations/clickpipes/mongodb/table-resync,matched,1ae5c2c8dc97cd9e,true,1ae5c2c8dc97cd9e,2026-05-08T11:53:27+00:00,false
/integrations/clickpipes/monitoring,docs/integrations/data-ingestion/clickpipes/monitoring.md,integrations/clickpipes/monitoring.mdx,https://clickhouse.com/docs/integrations/clickpipes/monitoring,https://private-7c7dfe99.mintlify.app/integrations/clickpipes/monitoring,matched,38dbd515c12bcc99,true,38dbd515c12bcc99,2026-05-08T18:59:03+00:00,false
/integrations/clickpipes/mysql,docs/integrations/data-ingestion/clickpipes/mysql/index.md,integrations/clickpipes/mysql/index.mdx,https://clickhouse.com/docs/integrations/clickpipes/mysql,https://private-7c7dfe99.mintlify.app/integrations/clickpipes/mysql,matched,05d9ff0df1b6448b,true,05d9ff0df1b6448b,2026-05-09T11:14:51+00:00,false
/integrations/clickpipes/mysql/add_table,docs/integrations/data-ingestion/clickpipes/mysql/add_table.md,integrations/clickpipes/mysql/add-table.mdx,https://clickhouse.com/docs/integrations/clickpipes/mysql/add_table,https://private-7c7dfe99.mintlify.app/integrations/clickpipes/mysql/add-table,matched,7c09626c32cee58f,true,7c09626c32cee58f,2026-05-08T09:09:20+00:00,false
/integrations/clickpipes/mysql/datatypes,docs/integrations/data-ingestion/clickpipes/mysql/datatypes.md,integrations/clickpipes/mysql/datatypes.mdx,https://clickhouse.com/docs/integrations/clickpipes/mysql/datatypes,https://private-7c7dfe99.mintlify.app/integrations/clickpipes/mysql/datatypes,matched,0e204c48d4b35a55,true,0e204c48d4b35a55,2026-05-08T09:09:20+00:00,false
/integrations/clickpipes/mysql/faq,docs/integrations/data-ingestion/clickpipes/mysql/faq.md,integrations/clickpipes/mysql/faq.mdx,https://clickhouse.com/docs/integrations/clickpipes/mysql/faq,https://private-7c7dfe99.mintlify.app/integrations/clickpipes/mysql/faq,matched,c8ae53b33ca30907,true,c8ae53b33ca30907,2026-05-08T09:09:20+00:00,false
/integrations/clickpipes/mysql/lifecycle,docs/integrations/data-ingestion/clickpipes/mysql/lifecycle.md,integrations/clickpipes/mysql/lifecycle.mdx,https://clickhouse.com/docs/integrations/clickpipes/mysql/lifecycle,https://private-7c7dfe99.mintlify.app/integrations/clickpipes/mysql/lifecycle,matched,ba09d2703f7055ed,true,ba09d2703f7055ed,2026-05-08T11:53:27+00:00,false
/integrations/clickpipes/mysql/parallel_initial_load,docs/integrations/data-ingestion/clickpipes/mysql/parallel_initial_load.md,integrations/clickpipes/mysql/parallel-initial-load.mdx,https://clickhouse.com/docs/integrations/clickpipes/mysql/parallel_initial_load,https://private-7c7dfe99.mintlify.app/integrations/clickpipes/mysql/parallel-initial-load,matched,e70655a53072584e,true,e70655a53072584e,2026-05-08T09:09:20+00:00,false
/integrations/clickpipes/mysql/pause_and_resume,docs/integrations/data-ingestion/clickpipes/mysql/pause_and_resume.md,integrations/clickpipes/mysql/pause-and-resume.mdx,https://clickhouse.com/docs/integrations/clickpipes/mysql/pause_and_resume,https://private-7c7dfe99.mintlify.app/integrations/clickpipes/mysql/pause-and-resume,matched,cf43b7ec196a0329,true,cf43b7ec196a0329,2026-05-08T09:09:20+00:00,false
/integrations/clickpipes/mysql/removing_tables,docs/integrations/data-ingestion/clickpipes/mysql/remove_table.md,integrations/clickpipes/mysql/remove-table.mdx,https://clickhouse.com/docs/integrations/clickpipes/mysql/removing_tables,https://private-7c7dfe99.mintlify.app/integrations/clickpipes/mysql/remove-table,matched,13187c2dcf52b5a7,true,13187c2dcf52b5a7,2026-05-08T09:09:20+00:00,false
/integrations/clickpipes/mysql/resync,docs/integrations/data-ingestion/clickpipes/mysql/resync.md,integrations/clickpipes/mysql/resync.mdx,https://clickhouse.com/docs/integrations/clickpipes/mysql/resync,https://private-7c7dfe99.mintlify.app/integrations/clickpipes/mysql/resync,matched,89a0ff2fa5dcdf48,true,89a0ff2fa5dcdf48,2026-05-08T09:09:20+00:00,false
/integrations/clickpipes/mysql/scaling,docs/integrations/data-ingestion/clickpipes/mysql/scaling.md,integrations/clickpipes/mysql/scaling.mdx,https://clickhouse.com/docs/integrations/clickpipes/mysql/scaling,https://private-7c7dfe99.mintlify.app/integrations/clickpipes/mysql/scaling,matched,5be05c96f5d61e9f,true,5be05c96f5d61e9f,2026-05-08T09:09:20+00:00,false
/integrations/clickpipes/mysql/schema-changes,docs/integrations/data-ingestion/clickpipes/mysql/schema-changes.md,integrations/clickpipes/mysql/schema-changes.mdx,https://clickhouse.com/docs/integrations/clickpipes/mysql/schema-changes,https://private-7c7dfe99.mintlify.app/integrations/clickpipes/mysql/schema-changes,matched,e02e406108db115b,true,e02e406108db115b,2026-05-08T09:09:20+00:00,false
/integrations/clickpipes/mysql/source/aurora,docs/integrations/data-ingestion/clickpipes/mysql/source/aurora.md,integrations/clickpipes/mysql/source/aurora.mdx,https://clickhouse.com/docs/integrations/clickpipes/mysql/source/aurora,https://private-7c7dfe99.mintlify.app/integrations/clickpipes/mysql/source/aurora,matched,7e54cb55359429eb,true,7e54cb55359429eb,2026-05-08T09:09:20+00:00,false
/integrations/clickpipes/mysql/source/azure-flexible-server-mysql,docs/integrations/data-ingestion/clickpipes/mysql/source/azure-flexible-server-mysql.md,integrations/clickpipes/mysql/source/azure-flexible-server-mysql.mdx,https://clickhouse.com/docs/integrations/clickpipes/mysql/source/azure-flexible-server-mysql,https://private-7c7dfe99.mintlify.app/integrations/clickpipes/mysql/source/azure-flexible-server-mysql,matched,cccb7cfed93fa7a2,true,cccb7cfed93fa7a2,2026-05-08T09:09:20+00:00,false
/integrations/clickpipes/mysql/source/gcp,docs/integrations/data-ingestion/clickpipes/mysql/source/gcp.md,integrations/clickpipes/mysql/source/gcp.mdx,https://clickhouse.com/docs/integrations/clickpipes/mysql/source/gcp,https://private-7c7dfe99.mintlify.app/integrations/clickpipes/mysql/source/gcp,matched,474cb209b13cc10b,true,474cb209b13cc10b,2026-05-08T09:09:20+00:00,false
/integrations/clickpipes/mysql/source/generic,docs/integrations/data-ingestion/clickpipes/mysql/source/generic.md,integrations/clickpipes/mysql/source/generic.mdx,https://clickhouse.com/docs/integrations/clickpipes/mysql/source/generic,https://private-7c7dfe99.mintlify.app/integrations/clickpipes/mysql/source/generic,matched,4464c0ec015a71a1,true,4464c0ec015a71a1,2026-05-08T09:09:20+00:00,false
/integrations/clickpipes/mysql/source/generic_maria,docs/integrations/data-ingestion/clickpipes/mysql/source/generic_maria.md,integrations/clickpipes/mysql/source/generic-maria.mdx,https://clickhouse.com/docs/integrations/clickpipes/mysql/source/generic_maria,https://private-7c7dfe99.mintlify.app/integrations/clickpipes/mysql/source/generic-maria,matched,c4a4b3b9bf854cc7,true,c4a4b3b9bf854cc7,2026-05-08T09:09:20+00:00,false
/integrations/clickpipes/mysql/source/rds,docs/integrations/data-ingestion/clickpipes/mysql/source/rds.md,integrations/clickpipes/mysql/source/rds.mdx,https://clickhouse.com/docs/integrations/clickpipes/mysql/source/rds,https://private-7c7dfe99.mintlify.app/integrations/clickpipes/mysql/source/rds,matched,6a6aee101863fbdf,true,6a6aee101863fbdf,2026-05-08T09:09:20+00:00,false
/integrations/clickpipes/mysql/source/rds_maria,docs/integrations/data-ingestion/clickpipes/mysql/source/rds_maria.md,integrations/clickpipes/mysql/source/rds-maria.mdx,https://clickhouse.com/docs/integrations/clickpipes/mysql/source/rds_maria,https://private-7c7dfe99.mintlify.app/integrations/clickpipes/mysql/source/rds-maria,matched,37f7ecd5d9d121eb,true,37f7ecd5d9d121eb,2026-05-09T09:41:03+00:00,false
/integrations/clickpipes/mysql/sync_control,docs/integrations/data-ingestion/clickpipes/mysql/controlling_sync.md,integrations/clickpipes/mysql/controlling-sync.mdx,https://clickhouse.com/docs/integrations/clickpipes/mysql/sync_control,https://private-7c7dfe99.mintlify.app/integrations/clickpipes/mysql/controlling-sync,matched,831a02a2091586c0,true,831a02a2091586c0,2026-05-08T09:09:20+00:00,false
/integrations/clickpipes/mysql/table_resync,docs/integrations/data-ingestion/clickpipes/mysql/table_resync.md,integrations/clickpipes/mysql/table-resync.mdx,https://clickhouse.com/docs/integrations/clickpipes/mysql/table_resync,https://private-7c7dfe99.mintlify.app/integrations/clickpipes/mysql/table-resync,matched,c0a24cd6122a4e2f,true,c0a24cd6122a4e2f,2026-05-08T11:53:27+00:00,false
/integrations/clickpipes/object-storage/abs/overview,docs/integrations/data-ingestion/clickpipes/object-storage/azure-blob-storage/01_overview.md,integrations/clickpipes/object-storage/azure-blob-storage/overview.mdx,https://clickhouse.com/docs/integrations/clickpipes/object-storage/abs/overview,https://private-7c7dfe99.mintlify.app/integrations/clickpipes/object-storage/azure-blob-storage/overview,matched,c4810ab008515d43,true,c4810ab008515d43,2026-05-08T09:09:20+00:00,false
/integrations/clickpipes/object-storage/azure-blob-storage/get-started,docs/integrations/data-ingestion/clickpipes/object-storage/azure-blob-storage/02_get-started.md,integrations/clickpipes/object-storage/azure-blob-storage/get-started.mdx,https://clickhouse.com/docs/integrations/clickpipes/object-storage/azure-blob-storage/get-started,https://private-7c7dfe99.mintlify.app/integrations/clickpipes/object-storage/azure-blob-storage/get-started,matched,ad74259aeca19ecf,true,ad74259aeca19ecf,2026-05-08T09:09:20+00:00,false
/integrations/clickpipes/object-storage/gcs/get-started,docs/integrations/data-ingestion/clickpipes/object-storage/google-cloud-storage/02_get-started.md,integrations/clickpipes/object-storage/google-cloud-storage/get-started.mdx,https://clickhouse.com/docs/integrations/clickpipes/object-storage/gcs/get-started,https://private-7c7dfe99.mintlify.app/integrations/clickpipes/object-storage/google-cloud-storage/get-started,matched,971fe357fff9bfff,true,971fe357fff9bfff,2026-05-08T11:28:15+00:00,false
/integrations/clickpipes/object-storage/gcs/overview,docs/integrations/data-ingestion/clickpipes/object-storage/google-cloud-storage/01_overview.md,integrations/clickpipes/object-storage/google-cloud-storage/overview.mdx,https://clickhouse.com/docs/integrations/clickpipes/object-storage/gcs/overview,https://private-7c7dfe99.mintlify.app/integrations/clickpipes/object-storage/google-cloud-storage/overview,matched,9c7efc1fc9a39fe6,true,9c7efc1fc9a39fe6,2026-05-09T10:08:44+00:00,false
/integrations/clickpipes/object-storage/gcs/unordered-mode,docs/integrations/data-ingestion/clickpipes/object-storage/google-cloud-storage/03_unordered-mode.md,integrations/clickpipes/object-storage/google-cloud-storage/unordered-mode.mdx,https://clickhouse.com/docs/integrations/clickpipes/object-storage/gcs/unordered-mode,https://private-7c7dfe99.mintlify.app/integrations/clickpipes/object-storage/google-cloud-storage/unordered-mode,matched,eb31259103c5a3ec,true,eb31259103c5a3ec,2026-05-08T09:09:20+00:00,false
/integrations/clickpipes/object-storage/s3/get-started,docs/integrations/data-ingestion/clickpipes/object-storage/amazon-s3/02_get-started.md,integrations/clickpipes/object-storage/amazon-s3/get-started.mdx,https://clickhouse.com/docs/integrations/clickpipes/object-storage/s3/get-started,https://private-7c7dfe99.mintlify.app/integrations/clickpipes/object-storage/amazon-s3/get-started,matched,7c2cbfdd13f6c3b0,true,7c2cbfdd13f6c3b0,2026-05-08T11:28:15+00:00,false
/integrations/clickpipes/object-storage/s3/overview,docs/integrations/data-ingestion/clickpipes/object-storage/amazon-s3/01_overview.md,integrations/clickpipes/object-storage/amazon-s3/overview.mdx,https://clickhouse.com/docs/integrations/clickpipes/object-storage/s3/overview,https://private-7c7dfe99.mintlify.app/integrations/clickpipes/object-storage/amazon-s3/overview,matched,83d30e7fdc1a1dfd,true,83d30e7fdc1a1dfd,2026-05-08T09:09:20+00:00,false
/integrations/clickpipes/object-storage/s3/unordered-mode,docs/integrations/data-ingestion/clickpipes/object-storage/amazon-s3/03_unordered-mode.md,integrations/clickpipes/object-storage/amazon-s3/unordered-mode.mdx,https://clickhouse.com/docs/integrations/clickpipes/object-storage/s3/unordered-mode,https://private-7c7dfe99.mintlify.app/integrations/clickpipes/object-storage/amazon-s3/unordered-mode,matched,504bb964ccd05f43,true,504bb964ccd05f43,2026-05-08T09:09:20+00:00,false
/integrations/clickpipes/postgres,docs/integrations/data-ingestion/clickpipes/postgres/index.md,integrations/clickpipes/postgres/index.mdx,https://clickhouse.com/docs/integrations/clickpipes/postgres,https://private-7c7dfe99.mintlify.app/integrations/clickpipes/postgres,matched,f44c1d447ff4e562,true,f44c1d447ff4e562,2026-05-09T11:14:51+00:00,false
/integrations/clickpipes/postgres/add_table,docs/integrations/data-ingestion/clickpipes/postgres/add_table.md,integrations/clickpipes/postgres/add-table.mdx,https://clickhouse.com/docs/integrations/clickpipes/postgres/add_table,https://private-7c7dfe99.mintlify.app/integrations/clickpipes/postgres/add-table,matched,3f1190541935e693,true,3f1190541935e693,2026-05-08T09:09:20+00:00,false
/integrations/clickpipes/postgres/auth,docs/integrations/data-ingestion/clickpipes/postgres/auth.md,integrations/clickpipes/postgres/auth.mdx,https://clickhouse.com/docs/integrations/clickpipes/postgres/auth,https://private-7c7dfe99.mintlify.app/integrations/clickpipes/postgres/auth,matched,56d97ce55ca29648,true,56d97ce55ca29648,2026-05-08T09:09:20+00:00,false
/integrations/clickpipes/postgres/deduplication,docs/integrations/data-ingestion/clickpipes/postgres/deduplication.md,integrations/clickpipes/postgres/deduplication.mdx,https://clickhouse.com/docs/integrations/clickpipes/postgres/deduplication,https://private-7c7dfe99.mintlify.app/integrations/clickpipes/postgres/deduplication,matched,9b88c2331afab826,true,9b88c2331afab826,2026-05-08T09:09:20+00:00,false
/integrations/clickpipes/postgres/faq,docs/integrations/data-ingestion/clickpipes/postgres/faq.md,integrations/clickpipes/postgres/faq.mdx,https://clickhouse.com/docs/integrations/clickpipes/postgres/faq,https://private-7c7dfe99.mintlify.app/integrations/clickpipes/postgres/faq,matched,f2ab8f3e572e4cec,true,f2ab8f3e572e4cec,2026-05-09T10:10:14+00:00,false
/integrations/clickpipes/postgres/generated_columns,docs/integrations/data-ingestion/clickpipes/postgres/postgres_generated_columns.md,integrations/clickpipes/postgres/postgres-generated-columns.mdx,https://clickhouse.com/docs/integrations/clickpipes/postgres/generated_columns,https://private-7c7dfe99.mintlify.app/integrations/clickpipes/postgres/postgres-generated-columns,matched,d45f072aa00b672e,true,d45f072aa00b672e,2026-05-08T09:09:20+00:00,false
/integrations/clickpipes/postgres/lifecycle,docs/integrations/data-ingestion/clickpipes/postgres/lifecycle.md,integrations/clickpipes/postgres/lifecycle.mdx,https://clickhouse.com/docs/integrations/clickpipes/postgres/lifecycle,https://private-7c7dfe99.mintlify.app/integrations/clickpipes/postgres/lifecycle,matched,40665b9b7e5198d6,true,40665b9b7e5198d6,2026-05-08T11:53:27+00:00,false
/integrations/clickpipes/postgres/maintenance,docs/integrations/data-ingestion/clickpipes/postgres/maintenance.md,integrations/clickpipes/postgres/maintenance.mdx,https://clickhouse.com/docs/integrations/clickpipes/postgres/maintenance,https://private-7c7dfe99.mintlify.app/integrations/clickpipes/postgres/maintenance,matched,bff92699a7700d15,true,bff92699a7700d15,2026-05-08T09:09:20+00:00,false
/integrations/clickpipes/postgres/ordering_keys,docs/integrations/data-ingestion/clickpipes/postgres/ordering_keys.md,integrations/clickpipes/postgres/ordering-keys.mdx,https://clickhouse.com/docs/integrations/clickpipes/postgres/ordering_keys,https://private-7c7dfe99.mintlify.app/integrations/clickpipes/postgres/ordering-keys,matched,acfbe274e23ff804,true,acfbe274e23ff804,2026-05-08T09:09:20+00:00,false
/integrations/clickpipes/postgres/parallel_initial_load,docs/integrations/data-ingestion/clickpipes/postgres/parallel_initial_load.md,integrations/clickpipes/postgres/parallel-initial-load.mdx,https://clickhouse.com/docs/integrations/clickpipes/postgres/parallel_initial_load,https://private-7c7dfe99.mintlify.app/integrations/clickpipes/postgres/parallel-initial-load,matched,de427adb36dc6408,true,de427adb36dc6408,2026-05-08T09:09:20+00:00,false
/integrations/clickpipes/postgres/pause_and_resume,docs/integrations/data-ingestion/clickpipes/postgres/pause_and_resume.md,integrations/clickpipes/postgres/pause-and-resume.mdx,https://clickhouse.com/docs/integrations/clickpipes/postgres/pause_and_resume,https://private-7c7dfe99.mintlify.app/integrations/clickpipes/postgres/pause-and-resume,matched,03e40754bc1d192d,true,03e40754bc1d192d,2026-05-08T09:09:20+00:00,false
/integrations/clickpipes/postgres/removing_tables,docs/integrations/data-ingestion/clickpipes/postgres/remove_table.md,integrations/clickpipes/postgres/remove-table.mdx,https://clickhouse.com/docs/integrations/clickpipes/postgres/removing_tables,https://private-7c7dfe99.mintlify.app/integrations/clickpipes/postgres/remove-table,matched,e9400dac771c9283,true,e9400dac771c9283,2026-05-08T09:09:20+00:00,false
/integrations/clickpipes/postgres/resync,docs/integrations/data-ingestion/clickpipes/postgres/resync.md,integrations/clickpipes/postgres/resync.mdx,https://clickhouse.com/docs/integrations/clickpipes/postgres/resync,https://private-7c7dfe99.mintlify.app/integrations/clickpipes/postgres/resync,matched,42fdcdc2c4023b3d,true,42fdcdc2c4023b3d,2026-05-08T09:09:20+00:00,false
/integrations/clickpipes/postgres/scaling,docs/integrations/data-ingestion/clickpipes/postgres/scaling.md,integrations/clickpipes/postgres/scaling.mdx,https://clickhouse.com/docs/integrations/clickpipes/postgres/scaling,https://private-7c7dfe99.mintlify.app/integrations/clickpipes/postgres/scaling,matched,7271fc16c3cc67ae,true,7271fc16c3cc67ae,2026-05-08T09:09:20+00:00,false
/integrations/clickpipes/postgres/schema-changes,docs/integrations/data-ingestion/clickpipes/postgres/schema-changes.md,integrations/clickpipes/postgres/schema-changes.mdx,https://clickhouse.com/docs/integrations/clickpipes/postgres/schema-changes,https://private-7c7dfe99.mintlify.app/integrations/clickpipes/postgres/schema-changes,matched,bc6facf0f0b262cd,true,bc6facf0f0b262cd,2026-05-08T09:09:20+00:00,false
/integrations/clickpipes/postgres/source/alloydb,docs/integrations/data-ingestion/clickpipes/postgres/source/alloydb.md,integrations/clickpipes/postgres/source/alloydb.mdx,https://clickhouse.com/docs/integrations/clickpipes/postgres/source/alloydb,https://private-7c7dfe99.mintlify.app/integrations/clickpipes/postgres/source/alloydb,matched,d32bdae76496cdf9,true,d32bdae76496cdf9,2026-05-09T11:14:51+00:00,false
/integrations/clickpipes/postgres/source/aurora,docs/integrations/data-ingestion/clickpipes/postgres/source/aurora.md,integrations/clickpipes/postgres/source/aurora.mdx,https://clickhouse.com/docs/integrations/clickpipes/postgres/source/aurora,https://private-7c7dfe99.mintlify.app/integrations/clickpipes/postgres/source/aurora,matched,feb394028bda5e95,true,feb394028bda5e95,2026-05-09T11:14:51+00:00,false
/integrations/clickpipes/postgres/source/azure-flexible-server-postgres,docs/integrations/data-ingestion/clickpipes/postgres/source/azure-flexible-server-postgres.md,integrations/clickpipes/postgres/source/azure-flexible-server-postgres.mdx,https://clickhouse.com/docs/integrations/clickpipes/postgres/source/azure-flexible-server-postgres,https://private-7c7dfe99.mintlify.app/integrations/clickpipes/postgres/source/azure-flexible-server-postgres,matched,f310969ec9b9f86c,true,f310969ec9b9f86c,2026-05-09T11:14:51+00:00,false
/integrations/clickpipes/postgres/source/crunchy-postgres,docs/integrations/data-ingestion/clickpipes/postgres/source/crunchy-postgres.md,integrations/clickpipes/postgres/source/crunchy-postgres.mdx,https://clickhouse.com/docs/integrations/clickpipes/postgres/source/crunchy-postgres,https://private-7c7dfe99.mintlify.app/integrations/clickpipes/postgres/source/crunchy-postgres,matched,aebef1c31b6d2d78,true,aebef1c31b6d2d78,2026-05-09T11:14:51+00:00,false
/integrations/clickpipes/postgres/source/generic,docs/integrations/data-ingestion/clickpipes/postgres/source/generic.md,integrations/clickpipes/postgres/source/generic.mdx,https://clickhouse.com/docs/integrations/clickpipes/postgres/source/generic,https://private-7c7dfe99.mintlify.app/integrations/clickpipes/postgres/source/generic,matched,fcb6e875f354a947,true,fcb6e875f354a947,2026-05-09T11:14:51+00:00,false
/integrations/clickpipes/postgres/source/google-cloudsql,docs/integrations/data-ingestion/clickpipes/postgres/source/google-cloudsql.md,integrations/clickpipes/postgres/source/google-cloudsql.mdx,https://clickhouse.com/docs/integrations/clickpipes/postgres/source/google-cloudsql,https://private-7c7dfe99.mintlify.app/integrations/clickpipes/postgres/source/google-cloudsql,matched,f9373ff3972e251e,true,f9373ff3972e251e,2026-05-09T11:14:51+00:00,false
/integrations/clickpipes/postgres/source/neon-postgres,docs/integrations/data-ingestion/clickpipes/postgres/source/neon-postgres.md,integrations/clickpipes/postgres/source/neon-postgres.mdx,https://clickhouse.com/docs/integrations/clickpipes/postgres/source/neon-postgres,https://private-7c7dfe99.mintlify.app/integrations/clickpipes/postgres/source/neon-postgres,matched,aa660221d41b9ced,true,aa660221d41b9ced,2026-05-09T11:14:51+00:00,false
/integrations/clickpipes/postgres/source/planetscale,docs/integrations/data-ingestion/clickpipes/postgres/source/planetscale.md,integrations/clickpipes/postgres/source/planetscale.mdx,https://clickhouse.com/docs/integrations/clickpipes/postgres/source/planetscale,https://private-7c7dfe99.mintlify.app/integrations/clickpipes/postgres/source/planetscale,matched,488415088f87e718,true,488415088f87e718,2026-05-09T11:14:51+00:00,false
/integrations/clickpipes/postgres/source/rds,docs/integrations/data-ingestion/clickpipes/postgres/source/rds.md,integrations/clickpipes/postgres/source/rds.mdx,https://clickhouse.com/docs/integrations/clickpipes/postgres/source/rds,https://private-7c7dfe99.mintlify.app/integrations/clickpipes/postgres/source/rds,matched,8923fd7f2f67f156,true,8923fd7f2f67f156,2026-05-09T11:14:51+00:00,false
/integrations/clickpipes/postgres/source/supabase,docs/integrations/data-ingestion/clickpipes/postgres/source/supabase.md,integrations/clickpipes/postgres/source/supabase.mdx,https://clickhouse.com/docs/integrations/clickpipes/postgres/source/supabase,https://private-7c7dfe99.mintlify.app/integrations/clickpipes/postgres/source/supabase,matched,aad478b850adb787,true,aad478b850adb787,2026-05-09T11:14:51+00:00,false
/integrations/clickpipes/postgres/source/timescale,docs/integrations/data-ingestion/clickpipes/postgres/source/timescale.md,integrations/clickpipes/postgres/source/timescale.mdx,https://clickhouse.com/docs/integrations/clickpipes/postgres/source/timescale,https://private-7c7dfe99.mintlify.app/integrations/clickpipes/postgres/source/timescale,matched,1809c83df139e9c3,true,1809c83df139e9c3,2026-05-09T11:14:51+00:00,false
/integrations/clickpipes/postgres/sync_control,docs/integrations/data-ingestion/clickpipes/postgres/controlling_sync.md,integrations/clickpipes/postgres/controlling-sync.mdx,https://clickhouse.com/docs/integrations/clickpipes/postgres/sync_control,https://private-7c7dfe99.mintlify.app/integrations/clickpipes/postgres/controlling-sync,matched,0f5dc9beeb37d4b2,true,0f5dc9beeb37d4b2,2026-05-08T09:09:20+00:00,false
/integrations/clickpipes/postgres/table_resync,docs/integrations/data-ingestion/clickpipes/postgres/table_resync.md,integrations/clickpipes/postgres/table-resync.mdx,https://clickhouse.com/docs/integrations/clickpipes/postgres/table_resync,https://private-7c7dfe99.mintlify.app/integrations/clickpipes/postgres/table-resync,matched,6b56edcee00d6344,true,6b56edcee00d6344,2026-05-08T11:53:27+00:00,false
/integrations/clickpipes/postgres/toast,docs/integrations/data-ingestion/clickpipes/postgres/toast.md,integrations/clickpipes/postgres/toast.mdx,https://clickhouse.com/docs/integrations/clickpipes/postgres/toast,https://private-7c7dfe99.mintlify.app/integrations/clickpipes/postgres/toast,matched,32475b2c717371bc,true,32475b2c717371bc,2026-05-08T09:09:20+00:00,false
/integrations/clickpipes/programmatic-access/openapi,docs/integrations/data-ingestion/clickpipes/programmatic-access/openapi.md,integrations/clickpipes/programmatic-access/openapi.mdx,https://clickhouse.com/docs/integrations/clickpipes/programmatic-access/openapi,https://private-7c7dfe99.mintlify.app/integrations/clickpipes/programmatic-access/openapi,matched,da80afcd65289688,true,da80afcd65289688,2026-05-09T10:10:14+00:00,false
/integrations/clickpipes/programmatic-access/terraform,docs/integrations/data-ingestion/clickpipes/programmatic-access/terraform.md,integrations/clickpipes/programmatic-access/terraform.mdx,https://clickhouse.com/docs/integrations/clickpipes/programmatic-access/terraform,https://private-7c7dfe99.mintlify.app/integrations/clickpipes/programmatic-access/terraform,matched,bbffc34bb758ceb6,true,bbffc34bb758ceb6,2026-05-08T09:09:20+00:00,false
/integrations/csharp,docs/integrations/language-clients/csharp.md,integrations/language-clients/csharp/overview.mdx,https://clickhouse.com/docs/integrations/csharp,https://private-7c7dfe99.mintlify.app/integrations/language-clients/csharp/overview,matched,1b65a8f8d3c7ff63,true,1b65a8f8d3c7ff63,2026-05-08T13:01:57+00:00,false
/integrations/data-formats,docs/integrations/data-ingestion/data-formats/intro.md,integrations/connectors/data-ingestion/data-formats/intro.mdx,https://clickhouse.com/docs/integrations/data-formats,https://private-7c7dfe99.mintlify.app/integrations/connectors/data-ingestion/data-formats/intro,matched,93724ae160de6bb8,true,93724ae160de6bb8,2026-05-08T09:09:20+00:00,false
/integrations/data-formats/arrow-avro-orc,docs/integrations/data-ingestion/data-formats/arrow-avro-orc.md,integrations/connectors/data-ingestion/data-formats/arrow-avro-orc.mdx,https://clickhouse.com/docs/integrations/data-formats/arrow-avro-orc,https://private-7c7dfe99.mintlify.app/integrations/connectors/data-ingestion/data-formats/arrow-avro-orc,matched,81117b826442551d,true,81117b826442551d,2026-05-09T10:26:02+00:00,false
/integrations/data-formats/binary-native,docs/integrations/data-ingestion/data-formats/binary.md,integrations/connectors/data-ingestion/data-formats/binary.mdx,https://clickhouse.com/docs/integrations/data-formats/binary-native,https://private-7c7dfe99.mintlify.app/integrations/connectors/data-ingestion/data-formats/binary,matched,e98f0f528ca4cd10,true,e98f0f528ca4cd10,2026-05-09T10:26:02+00:00,false
/integrations/data-formats/csv-tsv,docs/integrations/data-ingestion/data-formats/csv-tsv.md,integrations/connectors/data-ingestion/data-formats/csv-tsv.mdx,https://clickhouse.com/docs/integrations/data-formats/csv-tsv,https://private-7c7dfe99.mintlify.app/integrations/connectors/data-ingestion/data-formats/csv-tsv,matched,dfa7d0a0c4f397d0,true,dfa7d0a0c4f397d0,2026-05-09T10:26:02+00:00,false
/integrations/data-formats/json/exporting,docs/integrations/data-ingestion/data-formats/json/exporting.md,integrations/connectors/data-ingestion/data-formats/json/exporting.mdx,https://clickhouse.com/docs/integrations/data-formats/json/exporting,https://private-7c7dfe99.mintlify.app/integrations/connectors/data-ingestion/data-formats/json/exporting,matched,4d2ea53c6c8b773c,true,4d2ea53c6c8b773c,2026-05-08T09:09:20+00:00,false
/integrations/data-formats/json/inference,docs/integrations/data-ingestion/data-formats/json/inference.md,integrations/connectors/data-ingestion/data-formats/json/inference.mdx,https://clickhouse.com/docs/integrations/data-formats/json/inference,https://private-7c7dfe99.mintlify.app/integrations/connectors/data-ingestion/data-formats/json/inference,matched,554de5cb153196dc,true,554de5cb153196dc,2026-05-08T09:09:20+00:00,false
/integrations/data-formats/json/loading,docs/integrations/data-ingestion/data-formats/json/loading.md,integrations/connectors/data-ingestion/data-formats/json/loading.mdx,https://clickhouse.com/docs/integrations/data-formats/json/loading,https://private-7c7dfe99.mintlify.app/integrations/connectors/data-ingestion/data-formats/json/loading,matched,80fb1867419d4f71,true,80fb1867419d4f71,2026-05-08T09:09:20+00:00,false
/integrations/data-formats/json/other-approaches,docs/integrations/data-ingestion/data-formats/json/other.md,integrations/connectors/data-ingestion/data-formats/json/other.mdx,https://clickhouse.com/docs/integrations/data-formats/json/other-approaches,https://private-7c7dfe99.mintlify.app/integrations/connectors/data-ingestion/data-formats/json/other,matched,8e5e3a2f6c3a7061,true,8e5e3a2f6c3a7061,2026-05-08T09:09:20+00:00,false
/integrations/data-formats/json/other-formats,docs/integrations/data-ingestion/data-formats/json/formats.md,integrations/connectors/data-ingestion/data-formats/json/formats.mdx,https://clickhouse.com/docs/integrations/data-formats/json/other-formats,https://private-7c7dfe99.mintlify.app/integrations/connectors/data-ingestion/data-formats/json/formats,matched,7bdbf93de1f3de5a,true,7bdbf93de1f3de5a,2026-05-09T11:02:17+00:00,false
/integrations/data-formats/json/overview,docs/integrations/data-ingestion/data-formats/json/intro.md,integrations/connectors/data-ingestion/data-formats/json/intro.mdx,https://clickhouse.com/docs/integrations/data-formats/json/overview,https://private-7c7dfe99.mintlify.app/integrations/connectors/data-ingestion/data-formats/json/intro,matched,70f5e4c518ecfa04,true,70f5e4c518ecfa04,2026-05-08T12:19:52+00:00,false
/integrations/data-formats/json/schema,docs/integrations/data-ingestion/data-formats/json/schema.md,integrations/connectors/data-ingestion/data-formats/json/schema.mdx,https://clickhouse.com/docs/integrations/data-formats/json/schema,https://private-7c7dfe99.mintlify.app/integrations/connectors/data-ingestion/data-formats/json/schema,matched,1bb3e99ab8d35841,true,1bb3e99ab8d35841,2026-05-08T09:09:20+00:00,false
/integrations/data-formats/parquet,docs/integrations/data-ingestion/data-formats/parquet.md,integrations/connectors/data-ingestion/data-formats/parquet.mdx,https://clickhouse.com/docs/integrations/data-formats/parquet,https://private-7c7dfe99.mintlify.app/integrations/connectors/data-ingestion/data-formats/parquet,matched,ea6eed1ae135ae13,true,ea6eed1ae135ae13,2026-05-09T10:26:02+00:00,false
/integrations/data-formats/sql,docs/integrations/data-ingestion/data-formats/sql.md,integrations/connectors/data-ingestion/data-formats/sql.mdx,https://clickhouse.com/docs/integrations/data-formats/sql,https://private-7c7dfe99.mintlify.app/integrations/connectors/data-ingestion/data-formats/sql,matched,e107fa87c3da3e96,true,e107fa87c3da3e96,2026-05-09T10:26:02+00:00,false
/integrations/data-formats/templates-regexp,docs/integrations/data-ingestion/data-formats/templates-regex.md,integrations/connectors/data-ingestion/data-formats/templates-regex.mdx,https://clickhouse.com/docs/integrations/data-formats/templates-regexp,https://private-7c7dfe99.mintlify.app/integrations/connectors/data-ingestion/data-formats/templates-regex,matched,7e26bc2a78b4518a,true,7e26bc2a78b4518a,2026-05-09T10:26:02+00:00,false
/integrations/data-ingestion-overview,docs/integrations/data-ingestion/data-ingestion-index.md,integrations/connectors/data-ingestion/index.mdx,https://clickhouse.com/docs/integrations/data-ingestion-overview,https://private-7c7dfe99.mintlify.app/integrations/connectors/data-ingestion,matched,0adc1effb221a56b,true,0adc1effb221a56b,2026-05-08T17:39:11+00:00,false
/integrations/data-ingestion/apache-spark/databricks,docs/integrations/data-ingestion/apache-spark/databricks.md,integrations/connectors/data-ingestion/apache-spark/databricks.mdx,https://clickhouse.com/docs/integrations/data-ingestion/apache-spark/databricks,https://private-7c7dfe99.mintlify.app/integrations/connectors/data-ingestion/apache-spark/databricks,matched,f1de33340089dfd1,true,f1de33340089dfd1,2026-05-08T20:59:48+00:00,false
/integrations/data-ingestion/dbms/odbc-with-clickhouse,docs/integrations/data-ingestion/dbms/odbc-with-clickhouse.md,integrations/connectors/data-ingestion/odbc-with-clickhouse.mdx,https://clickhouse.com/docs/integrations/data-ingestion/dbms/odbc-with-clickhouse,https://private-7c7dfe99.mintlify.app/integrations/connectors/data-ingestion/odbc-with-clickhouse,matched,7e68dd457179debb,true,7e68dd457179debb,2026-05-08T09:09:20+00:00,false
/integrations/data-ingestion/etl-tools/dlt-and-clickhouse,docs/integrations/data-ingestion/etl-tools/dlt-and-clickhouse.md,integrations/connectors/data-ingestion/etl-tools/dlt-and-clickhouse.mdx,https://clickhouse.com/docs/integrations/data-ingestion/etl-tools/dlt-and-clickhouse,https://private-7c7dfe99.mintlify.app/integrations/connectors/data-ingestion/etl-tools/dlt-and-clickhouse,matched,de115719ef179dcb,true,de115719ef179dcb,2026-05-08T09:09:20+00:00,false
/integrations/data-ingestion/etl-tools/sql-server-clickhouse,docs/integrations/data-ingestion/streamkap/sql-server-clickhouse.md,integrations/connectors/data-ingestion/streamkap/sql-server-clickhouse.mdx,https://clickhouse.com/docs/integrations/data-ingestion/etl-tools/sql-server-clickhouse,https://private-7c7dfe99.mintlify.app/integrations/connectors/data-ingestion/streamkap/sql-server-clickhouse,matched,d316ea89d04274c6,true,d316ea89d04274c6,2026-05-08T09:09:20+00:00,false
/integrations/data-ingestion/insert-local-files,docs/integrations/data-ingestion/insert-local-files.md,integrations/connectors/data-ingestion/insert-local-files.mdx,https://clickhouse.com/docs/integrations/data-ingestion/insert-local-files,https://private-7c7dfe99.mintlify.app/integrations/connectors/data-ingestion/insert-local-files,matched,efb2a784e25a0dcc,true,efb2a784e25a0dcc,2026-05-08T13:01:57+00:00,false
/integrations/data-ingestion/kafka/kafka-table-engine-named-collections,docs/integrations/data-ingestion/kafka/kafka-table-engine-named-collections.md,integrations/connectors/data-ingestion/kafka/kafka-table-engine-named-collections.mdx,https://clickhouse.com/docs/integrations/data-ingestion/kafka/kafka-table-engine-named-collections,https://private-7c7dfe99.mintlify.app/integrations/connectors/data-ingestion/kafka/kafka-table-engine-named-collections,matched,e941926591006430,true,e941926591006430,2026-05-08T09:09:20+00:00,false
/integrations/data-sources/index,docs/integrations/data-ingestion/data-sources-index.md,integrations/connectors/data-sources/index.mdx,https://clickhouse.com/docs/integrations/data-sources/index,https://private-7c7dfe99.mintlify.app/integrations/connectors/data-sources,matched,b1a0f4e97b2ee183,true,b1a0f4e97b2ee183,2026-05-09T10:08:44+00:00,false
/integrations/data-visualization,docs/integrations/data-visualization/index.md,integrations/connectors/data-visualization/index.mdx,https://clickhouse.com/docs/integrations/data-visualization,https://private-7c7dfe99.mintlify.app/integrations/connectors/data-visualization,matched,65535192d207d49d,true,65535192d207d49d,2026-05-08T12:19:52+00:00,false
/integrations/databrain,docs/integrations/data-visualization/community_integrations/databrain-and-clickhouse.md,integrations/connectors/data-visualization/community-integrations/databrain-and-clickhouse.mdx,https://clickhouse.com/docs/integrations/databrain,https://private-7c7dfe99.mintlify.app/integrations/connectors/data-visualization/community-integrations/databrain-and-clickhouse,matched,d85b73cbceb15460,true,d85b73cbceb15460,2026-05-08T09:16:50+00:00,false
/integrations/datagrip,docs/integrations/sql-clients/datagrip.md,integrations/connectors/data-integrations/sql-clients/datagrip.mdx,https://clickhouse.com/docs/integrations/datagrip,https://private-7c7dfe99.mintlify.app/integrations/connectors/data-integrations/sql-clients/datagrip,matched,f78cf84db45e5ddb,true,f78cf84db45e5ddb,2026-05-09T11:14:51+00:00,false
/integrations/dbeaver,docs/integrations/sql-clients/dbeaver.md,integrations/connectors/data-integrations/sql-clients/dbeaver.mdx,https://clickhouse.com/docs/integrations/dbeaver,https://private-7c7dfe99.mintlify.app/integrations/connectors/data-integrations/sql-clients/dbeaver,matched,c2875c079a4c147a,true,c2875c079a4c147a,2026-05-08T09:09:20+00:00,false
/integrations/dbt,docs/integrations/data-ingestion/etl-tools/dbt/index.md,integrations/connectors/data-ingestion/etl-tools/dbt/index.mdx,https://clickhouse.com/docs/integrations/dbt,https://private-7c7dfe99.mintlify.app/integrations/connectors/data-ingestion/etl-tools/dbt,matched,d92d2fccf714927a,true,d92d2fccf714927a,2026-05-08T20:59:49+00:00,false
/integrations/dbt/features-and-configurations,docs/integrations/data-ingestion/etl-tools/dbt/features-and-configurations.md,integrations/connectors/data-ingestion/etl-tools/dbt/features-and-configurations.mdx,https://clickhouse.com/docs/integrations/dbt/features-and-configurations,https://private-7c7dfe99.mintlify.app/integrations/connectors/data-ingestion/etl-tools/dbt/features-and-configurations,matched,3bdbabdb8fe1755a,true,3bdbabdb8fe1755a,2026-05-08T09:52:53+00:00,false
/integrations/dbt/guides,docs/integrations/data-ingestion/etl-tools/dbt/guides.md,integrations/connectors/data-ingestion/etl-tools/dbt/guides.mdx,https://clickhouse.com/docs/integrations/dbt/guides,https://private-7c7dfe99.mintlify.app/integrations/connectors/data-ingestion/etl-tools/dbt/guides,matched,09d704788c667baa,true,09d704788c667baa,2026-05-08T09:52:53+00:00,false
/integrations/dbt/materialization-materialized-view,docs/integrations/data-ingestion/etl-tools/dbt/materialization-materialized-view.md,integrations/connectors/data-ingestion/etl-tools/dbt/materialization-materialized-view.mdx,https://clickhouse.com/docs/integrations/dbt/materialization-materialized-view,https://private-7c7dfe99.mintlify.app/integrations/connectors/data-ingestion/etl-tools/dbt/materialization-materialized-view,matched,62c0c0aa28fa60ba,true,62c0c0aa28fa60ba,2026-05-08T09:09:20+00:00,false
/integrations/dbt/materializations,docs/integrations/data-ingestion/etl-tools/dbt/materializations.md,integrations/connectors/data-ingestion/etl-tools/dbt/materializations.mdx,https://clickhouse.com/docs/integrations/dbt/materializations,https://private-7c7dfe99.mintlify.app/integrations/connectors/data-ingestion/etl-tools/dbt/materializations,matched,2ceab22a7ddcfcbf,true,4759840821b28dd9,2026-05-08T10:40:06+00:00,false
/integrations/dbvisualizer,docs/integrations/sql-clients/dbvisualizer.md,integrations/connectors/data-integrations/sql-clients/dbvisualizer.mdx,https://clickhouse.com/docs/integrations/dbvisualizer,https://private-7c7dfe99.mintlify.app/integrations/connectors/data-integrations/sql-clients/dbvisualizer,matched,05779de7932706c0,true,05779de7932706c0,2026-05-08T09:16:50+00:00,false
/integrations/deepnote,docs/integrations/data-visualization/community_integrations/deepnote.md,integrations/connectors/data-visualization/community-integrations/deepnote.mdx,https://clickhouse.com/docs/integrations/deepnote,https://private-7c7dfe99.mintlify.app/integrations/connectors/data-visualization/community-integrations/deepnote,matched,c7f303ec99bea55f,true,c7f303ec99bea55f,2026-05-08T09:16:50+00:00,false
/integrations/dot,docs/integrations/data-visualization/community_integrations/dot-and-clickhouse.md,integrations/connectors/data-visualization/community-integrations/dot-and-clickhouse.mdx,https://clickhouse.com/docs/integrations/dot,https://private-7c7dfe99.mintlify.app/integrations/connectors/data-visualization/community-integrations/dot-and-clickhouse,matched,c9323883e67201be,true,c9323883e67201be,2026-05-08T09:16:50+00:00,false
/integrations/draxlr,docs/integrations/data-visualization/community_integrations/draxlr-and-clickhouse.md,integrations/connectors/data-visualization/community-integrations/draxlr-and-clickhouse.mdx,https://clickhouse.com/docs/integrations/draxlr,https://private-7c7dfe99.mintlify.app/integrations/connectors/data-visualization/community-integrations/draxlr-and-clickhouse,matched,b4315dbe475d6b48,true,b4315dbe475d6b48,2026-05-08T09:16:50+00:00,false
/integrations/dynamodb,docs/integrations/data-ingestion/dbms/dynamodb/index.md,integrations/clickpipes/dynamodb.mdx,https://clickhouse.com/docs/integrations/dynamodb,https://private-7c7dfe99.mintlify.app/integrations/clickpipes/dynamodb,matched,1a8da2718d7c3073,true,1a8da2718d7c3073,2026-05-08T09:09:20+00:00,false
/integrations/easypanel,docs/integrations/tools/data-integration/easypanel/index.md,integrations/connectors/data-integrations/integrations/easypanel.mdx,https://clickhouse.com/docs/integrations/easypanel,https://private-7c7dfe99.mintlify.app/integrations/connectors/data-integrations/integrations/easypanel,matched,1393aaf825d4dab4,true,1393aaf825d4dab4,2026-05-08T09:16:50+00:00,false
/integrations/embeddable,docs/integrations/data-visualization/community_integrations/embeddable-and-clickhouse.md,integrations/connectors/data-visualization/community-integrations/embeddable-and-clickhouse.mdx,https://clickhouse.com/docs/integrations/embeddable,https://private-7c7dfe99.mintlify.app/integrations/connectors/data-visualization/community-integrations/embeddable-and-clickhouse,matched,bae2d8dc339a9a44,true,bae2d8dc339a9a44,2026-05-08T09:16:50+00:00,false
/integrations/emqx,docs/integrations/data-ingestion/emqx/index.md,integrations/connectors/data-ingestion/emqx/index.mdx,https://clickhouse.com/docs/integrations/emqx,https://private-7c7dfe99.mintlify.app/integrations/connectors/data-ingestion/emqx,matched,a68fc8e0c95e6a16,true,a68fc8e0c95e6a16,2026-05-08T09:09:20+00:00,false
/integrations/estuary,docs/integrations/data-ingestion/etl-tools/estuary.md,integrations/connectors/data-ingestion/community-integrations/estuary.mdx,https://clickhouse.com/docs/integrations/estuary,https://private-7c7dfe99.mintlify.app/integrations/connectors/data-ingestion/community-integrations/estuary,matched,6d16f70186b47823,true,6d16f70186b47823,2026-05-08T09:09:20+00:00,false
/integrations/explo,docs/integrations/data-visualization/community_integrations/explo-and-clickhouse.md,integrations/connectors/data-visualization/community-integrations/explo-and-clickhouse.mdx,https://clickhouse.com/docs/integrations/explo,https://private-7c7dfe99.mintlify.app/integrations/connectors/data-visualization/community-integrations/explo-and-clickhouse,matched,56bb6becb312894d,true,56bb6becb312894d,2026-05-08T09:16:50+00:00,false
/integrations/fabi.ai,docs/integrations/data-visualization/community_integrations/fabi-and-clickhouse.md,integrations/connectors/data-visualization/community-integrations/fabi-and-clickhouse.mdx,https://clickhouse.com/docs/integrations/fabi.ai,https://private-7c7dfe99.mintlify.app/integrations/connectors/data-visualization/community-integrations/fabi-and-clickhouse,matched,308443b0fc36d737,true,308443b0fc36d737,2026-05-08T09:16:50+00:00,false
/integrations/fivetran,docs/integrations/data-ingestion/etl-tools/fivetran/index.md,integrations/connectors/data-ingestion/etl-tools/fivetran/index.mdx,https://clickhouse.com/docs/integrations/fivetran,https://private-7c7dfe99.mintlify.app/integrations/connectors/data-ingestion/etl-tools/fivetran,matched,200f856ac2b3a756,true,200f856ac2b3a756,2026-05-08T12:19:52+00:00,false
/integrations/fivetran/reference,docs/integrations/data-ingestion/etl-tools/fivetran/reference.md,integrations/connectors/data-ingestion/etl-tools/fivetran/reference.mdx,https://clickhouse.com/docs/integrations/fivetran/reference,https://private-7c7dfe99.mintlify.app/integrations/connectors/data-ingestion/etl-tools/fivetran/reference,matched,0cac5c6d28cbf48b,true,0cac5c6d28cbf48b,2026-05-08T09:09:20+00:00,false
/integrations/fivetran/troubleshooting,docs/integrations/data-ingestion/etl-tools/fivetran/troubleshooting.md,integrations/connectors/data-ingestion/etl-tools/fivetran/troubleshooting.mdx,https://clickhouse.com/docs/integrations/fivetran/troubleshooting,https://private-7c7dfe99.mintlify.app/integrations/connectors/data-ingestion/etl-tools/fivetran/troubleshooting,matched,795919ebb218426d,true,795919ebb218426d,2026-05-09T11:14:51+00:00,false
/integrations/gcs,docs/integrations/data-ingestion/gcs/index.md,integrations/connectors/data-sources/gcs.mdx | integrations/connectors/data-ingestion/GCP/index.mdx,https://clickhouse.com/docs/integrations/gcs,,ambiguous,98c2d2851d078cc1,true,98c2d2851d078cc1,2026-05-08T19:29:49+00:00,false
/integrations/glue,docs/integrations/data-ingestion/aws-glue/index.md,integrations/connectors/data-ingestion/AWS/glue.mdx,https://clickhouse.com/docs/integrations/glue,https://private-7c7dfe99.mintlify.app/integrations/connectors/data-ingestion/AWS/glue,matched,aa58fb5d98c323a2,true,aa58fb5d98c323a2,2026-05-08T09:09:20+00:00,false
/integrations/go,docs/integrations/language-clients/go/index.md,integrations/language-clients/go/index.mdx,https://clickhouse.com/docs/integrations/go,https://private-7c7dfe99.mintlify.app/integrations/language-clients/go,matched,d9db0a8d09dc5d32,true,d9db0a8d09dc5d32,2026-05-08T09:09:20+00:00,false
/integrations/google-dataflow/dataflow,docs/integrations/data-ingestion/google-dataflow/dataflow.md,integrations/connectors/data-ingestion/GCP/google-dataflow/dataflow.mdx,https://clickhouse.com/docs/integrations/google-dataflow/dataflow,https://private-7c7dfe99.mintlify.app/integrations/connectors/data-ingestion/GCP/google-dataflow/dataflow,matched,5b2cae824a71bab5,true,5b2cae824a71bab5,2026-05-08T09:09:20+00:00,false
/integrations/google-dataflow/java-runner,docs/integrations/data-ingestion/google-dataflow/java-runner.md,integrations/connectors/data-ingestion/GCP/google-dataflow/java-runner.mdx,https://clickhouse.com/docs/integrations/google-dataflow/java-runner,https://private-7c7dfe99.mintlify.app/integrations/connectors/data-ingestion/GCP/google-dataflow/java-runner,matched,b1d94e9e1927efcb,true,b1d94e9e1927efcb,2026-05-08T09:09:20+00:00,false
/integrations/google-dataflow/templates,docs/integrations/data-ingestion/google-dataflow/templates.md,integrations/connectors/data-ingestion/GCP/google-dataflow/templates.mdx,https://clickhouse.com/docs/integrations/google-dataflow/templates,https://private-7c7dfe99.mintlify.app/integrations/connectors/data-ingestion/GCP/google-dataflow/templates,matched,782f72a24dc75313,true,782f72a24dc75313,2026-05-08T09:09:20+00:00,false
/integrations/google-dataflow/templates/bigquery-to-clickhouse,docs/integrations/data-ingestion/google-dataflow/templates/bigquery-to-clickhouse.md,integrations/connectors/data-ingestion/GCP/google-dataflow/templates/bigquery-to-clickhouse.mdx,https://clickhouse.com/docs/integrations/google-dataflow/templates/bigquery-to-clickhouse,https://private-7c7dfe99.mintlify.app/integrations/connectors/data-ingestion/GCP/google-dataflow/templates/bigquery-to-clickhouse,matched,6d5ca40abc4d02e1,true,6d5ca40abc4d02e1,2026-05-08T11:53:27+00:00,false
/integrations/grafana,docs/integrations/data-visualization/grafana/index.md,integrations/connectors/data-visualization/grafana/index.mdx,https://clickhouse.com/docs/integrations/grafana,https://private-7c7dfe99.mintlify.app/integrations/connectors/data-visualization/grafana,matched,bef8c060adea90bb,true,bef8c060adea90bb,2026-05-08T12:19:52+00:00,false
/integrations/grafana/config,docs/integrations/data-visualization/grafana/config.md,integrations/connectors/data-visualization/grafana/config.mdx,https://clickhouse.com/docs/integrations/grafana/config,https://private-7c7dfe99.mintlify.app/integrations/connectors/data-visualization/grafana/config,matched,0e54b4725fc4e4a7,true,0e54b4725fc4e4a7,2026-05-08T09:09:20+00:00,false
/integrations/grafana/query-builder,docs/integrations/data-visualization/grafana/query-builder.md,integrations/connectors/data-visualization/grafana/query-builder.mdx,https://clickhouse.com/docs/integrations/grafana/query-builder,https://private-7c7dfe99.mintlify.app/integrations/connectors/data-visualization/grafana/query-builder,matched,57310bca8b3bc836,true,57310bca8b3bc836,2026-05-08T09:09:20+00:00,false
/integrations/hashboard,docs/integrations/data-visualization/community_integrations/hashboard-and-clickhouse.md,integrations/connectors/data-visualization/community-integrations/hashboard-and-clickhouse.mdx,https://clickhouse.com/docs/integrations/hashboard,https://private-7c7dfe99.mintlify.app/integrations/connectors/data-visualization/community-integrations/hashboard-and-clickhouse,matched,aab96e1df99af931,true,aab96e1df99af931,2026-05-08T09:16:50+00:00,false
/integrations/holistics,docs/integrations/data-visualization/community_integrations/holistics-and-clickhouse.md,integrations/connectors/data-visualization/community-integrations/holistics-and-clickhouse.mdx,https://clickhouse.com/docs/integrations/holistics,https://private-7c7dfe99.mintlify.app/integrations/connectors/data-visualization/community-integrations/holistics-and-clickhouse,matched,3561e5fb3eecef6c,true,3561e5fb3eecef6c,2026-05-08T09:16:50+00:00,false
/integrations/java,docs/integrations/language-clients/java/index.md,integrations/language-clients/java/index.mdx,https://clickhouse.com/docs/integrations/java,https://private-7c7dfe99.mintlify.app/integrations/language-clients/java,matched,eacafd43475342f9,true,eacafd43475342f9,2026-05-09T09:39:38+00:00,false
/integrations/java/r2dbc,docs/integrations/language-clients/java/r2dbc.md,integrations/language-clients/java/r2dbc.mdx,https://clickhouse.com/docs/integrations/java/r2dbc,https://private-7c7dfe99.mintlify.app/integrations/language-clients/java/r2dbc,matched,4ce71c7bb8632a90,true,4ce71c7bb8632a90,2026-05-08T11:18:28+00:00,false
/integrations/javascript,docs/integrations/language-clients/js.md,integrations/language-clients/js.mdx,https://clickhouse.com/docs/integrations/javascript,https://private-7c7dfe99.mintlify.app/integrations/language-clients/js,matched,40875ab04fd341e8,true,40875ab04fd341e8,2026-05-08T13:01:57+00:00,false
/integrations/jdbc/jdbc-with-clickhouse,docs/integrations/data-ingestion/dbms/jdbc-with-clickhouse.md,integrations/connectors/data-ingestion/jdbc-with-clickhouse.mdx,https://clickhouse.com/docs/integrations/jdbc/jdbc-with-clickhouse,https://private-7c7dfe99.mintlify.app/integrations/connectors/data-ingestion/jdbc-with-clickhouse,matched,c079e3275d5ef73c,true,c079e3275d5ef73c,2026-05-08T09:09:20+00:00,false
/integrations/jupysql,docs/integrations/sql-clients/jupysql.md,integrations/connectors/data-integrations/sql-clients/jupysql.mdx,https://clickhouse.com/docs/integrations/jupysql,https://private-7c7dfe99.mintlify.app/integrations/connectors/data-integrations/sql-clients/jupysql,matched,dd735cc8d91200ad,true,dd735cc8d91200ad,2026-05-08T15:04:34+00:00,false
/integrations/kafka,docs/integrations/data-ingestion/kafka/index.md,integrations/connectors/data-ingestion/kafka/index.mdx,https://clickhouse.com/docs/integrations/kafka,https://private-7c7dfe99.mintlify.app/integrations/connectors/data-ingestion/kafka,matched,f0fbde9d66f7dcba,true,f0fbde9d66f7dcba,2026-05-09T11:22:25+00:00,false
/integrations/kafka/clickhouse-kafka-connect-sink,docs/integrations/data-ingestion/kafka/kafka-clickhouse-connect-sink.md,integrations/connectors/data-ingestion/kafka/kafka-clickhouse-connect-sink.mdx,https://clickhouse.com/docs/integrations/kafka/clickhouse-kafka-connect-sink,https://private-7c7dfe99.mintlify.app/integrations/connectors/data-ingestion/kafka/kafka-clickhouse-connect-sink,matched,e239ba8f52510fcd,true,fd5aa0594ec80248,2026-05-08T09:48:06+00:00,false
/integrations/kafka/cloud/amazon-msk/,docs/integrations/data-ingestion/kafka/msk/index.md,integrations/connectors/data-ingestion/kafka/msk/index.mdx,https://clickhouse.com/docs/integrations/kafka/cloud/amazon-msk/,https://private-7c7dfe99.mintlify.app/integrations/connectors/data-ingestion/kafka/msk,matched,82bdd27dd7d4b4d3,true,82bdd27dd7d4b4d3,2026-05-08T12:19:52+00:00,false
/integrations/kafka/cloud/confluent,docs/integrations/data-ingestion/kafka/confluent/index.md,integrations/connectors/data-ingestion/kafka/confluent/index.mdx,https://clickhouse.com/docs/integrations/kafka/cloud/confluent,https://private-7c7dfe99.mintlify.app/integrations/connectors/data-ingestion/kafka/confluent,matched,064e508fcc9e2891,true,064e508fcc9e2891,2026-05-07T14:49:41+00:00,false
/integrations/kafka/cloud/confluent/custom-connector,docs/integrations/data-ingestion/kafka/confluent/custom-connector.md,integrations/connectors/data-ingestion/kafka/confluent/custom-connector.mdx,https://clickhouse.com/docs/integrations/kafka/cloud/confluent/custom-connector,https://private-7c7dfe99.mintlify.app/integrations/connectors/data-ingestion/kafka/confluent/custom-connector,matched,cc2f06b5582bd2bb,true,cc2f06b5582bd2bb,2026-05-08T12:19:52+00:00,false
/integrations/kafka/cloud/confluent/http,docs/integrations/data-ingestion/kafka/confluent/kafka-connect-http.md,integrations/connectors/data-ingestion/kafka/confluent/kafka-connect-http.mdx,https://clickhouse.com/docs/integrations/kafka/cloud/confluent/http,https://private-7c7dfe99.mintlify.app/integrations/connectors/data-ingestion/kafka/confluent/kafka-connect-http,matched,4f1e5b6fb46f8b23,true,4f1e5b6fb46f8b23,2026-05-08T09:09:20+00:00,false
/integrations/kafka/cloud/confluent/sink-connector,docs/integrations/data-ingestion/kafka/confluent/confluent-cloud.md,integrations/connectors/data-ingestion/kafka/confluent/confluent-cloud.mdx,https://clickhouse.com/docs/integrations/kafka/cloud/confluent/sink-connector,https://private-7c7dfe99.mintlify.app/integrations/connectors/data-ingestion/kafka/confluent/confluent-cloud,matched,b701a01b7da43c0e,true,b701a01b7da43c0e,2026-05-08T12:19:52+00:00,false
/integrations/kafka/kafka-connect-jdbc,docs/integrations/data-ingestion/kafka/kafka-connect-jdbc.md,integrations/connectors/data-ingestion/kafka/kafka-connect-jdbc.mdx,https://clickhouse.com/docs/integrations/kafka/kafka-connect-jdbc,https://private-7c7dfe99.mintlify.app/integrations/connectors/data-ingestion/kafka/kafka-connect-jdbc,matched,ab7770cd6ae6fd55,true,ab7770cd6ae6fd55,2026-05-08T09:09:20+00:00,false
/integrations/kafka/kafka-table-engine,docs/integrations/data-ingestion/kafka/kafka-table-engine.md,integrations/connectors/data-ingestion/kafka/kafka-table-engine.mdx,https://clickhouse.com/docs/integrations/kafka/kafka-table-engine,https://private-7c7dfe99.mintlify.app/integrations/connectors/data-ingestion/kafka/kafka-table-engine,matched,8ef7cdadd1715341,true,8ef7cdadd1715341,2026-05-08T09:09:20+00:00,false
/integrations/kafka/kafka-vector,docs/integrations/data-ingestion/kafka/kafka-vector.md,integrations/connectors/data-ingestion/kafka/kafka-vector.mdx,https://clickhouse.com/docs/integrations/kafka/kafka-vector,https://private-7c7dfe99.mintlify.app/integrations/connectors/data-ingestion/kafka/kafka-vector,matched,0c4ea6fb79e92995,true,0c4ea6fb79e92995,2026-05-08T09:09:20+00:00,false
/integrations/language-clients,docs/integrations/language-clients/index.md,integrations/language-clients/index.mdx,https://clickhouse.com/docs/integrations/language-clients,https://private-7c7dfe99.mintlify.app/integrations/language-clients,matched,869048716a1c0746,true,869048716a1c0746,2026-05-08T15:04:34+00:00,false
/integrations/language-clients/go/clickhouse-api,docs/integrations/language-clients/go/clickhouse-api.md,integrations/language-clients/go/clickhouse-api.mdx,https://clickhouse.com/docs/integrations/language-clients/go/clickhouse-api,https://private-7c7dfe99.mintlify.app/integrations/language-clients/go/clickhouse-api,matched,2d9ce6d7ead5fd48,true,2d9ce6d7ead5fd48,2026-05-08T09:09:20+00:00,false
/integrations/language-clients/go/configuration,docs/integrations/language-clients/go/configuration.md,integrations/language-clients/go/configuration.mdx,https://clickhouse.com/docs/integrations/language-clients/go/configuration,https://private-7c7dfe99.mintlify.app/integrations/language-clients/go/configuration,matched,2bea4fa50df3deb4,true,2bea4fa50df3deb4,2026-05-07T14:49:41+00:00,false
/integrations/language-clients/go/data-types,docs/integrations/language-clients/go/data-types.md,integrations/language-clients/go/data-types.mdx,https://clickhouse.com/docs/integrations/language-clients/go/data-types,https://private-7c7dfe99.mintlify.app/integrations/language-clients/go/data-types,matched,b1f063ba592e93e5,true,b1f063ba592e93e5,2026-05-08T09:09:20+00:00,false
/integrations/language-clients/go/database-sql-api,docs/integrations/language-clients/go/database-sql-api.md,integrations/language-clients/go/database-sql-api.mdx,https://clickhouse.com/docs/integrations/language-clients/go/database-sql-api,https://private-7c7dfe99.mintlify.app/integrations/language-clients/go/database-sql-api,matched,890c71f553526ba0,true,890c71f553526ba0,2026-05-08T09:09:20+00:00,false
/integrations/language-clients/java/client,docs/integrations/language-clients/java/client/client.mdx,integrations/language-clients/java/client.mdx,https://clickhouse.com/docs/integrations/language-clients/java/client,https://private-7c7dfe99.mintlify.app/integrations/language-clients/java/client,matched,dbc7ac5fd60d82ef,true,dbc7ac5fd60d82ef,2026-05-09T09:39:38+00:00,false
/integrations/language-clients/java/jdbc,docs/integrations/language-clients/java/jdbc/jdbc.mdx,integrations/language-clients/java/jdbc.mdx,https://clickhouse.com/docs/integrations/language-clients/java/jdbc,https://private-7c7dfe99.mintlify.app/integrations/language-clients/java/jdbc,matched,0a8acb2d3a43905c,true,0a8acb2d3a43905c,2026-05-09T09:39:38+00:00,false
/integrations/language-clients/java/jdbc_date_time_guide,docs/integrations/language-clients/java/date_time_guide.md,integrations/language-clients/java/date-time-guide.mdx,https://clickhouse.com/docs/integrations/language-clients/java/jdbc_date_time_guide,https://private-7c7dfe99.mintlify.app/integrations/language-clients/java/date-time-guide,matched,7aa927ce1d8b2ad7,true,7aa927ce1d8b2ad7,2026-05-08T09:09:20+00:00,false
/integrations/language-clients/python/additional-options,docs/integrations/language-clients/python/additional-options.md,integrations/language-clients/python/reference/additional-options.mdx,https://clickhouse.com/docs/integrations/language-clients/python/additional-options,https://private-7c7dfe99.mintlify.app/integrations/language-clients/python/reference/additional-options,matched,c5b0b2070efaf03b,true,c5b0b2070efaf03b,2026-05-08T09:09:20+00:00,false
/integrations/language-clients/python/advanced-inserting,docs/integrations/language-clients/python/advanced-inserting.md,integrations/language-clients/python/reference/advanced-inserting.mdx,https://clickhouse.com/docs/integrations/language-clients/python/advanced-inserting,https://private-7c7dfe99.mintlify.app/integrations/language-clients/python/reference/advanced-inserting,matched,9f16fedc31be270e,true,9f16fedc31be270e,2026-05-08T09:09:20+00:00,false
/integrations/language-clients/python/advanced-querying,docs/integrations/language-clients/python/advanced-querying.md,integrations/language-clients/python/reference/advanced-querying.mdx,https://clickhouse.com/docs/integrations/language-clients/python/advanced-querying,https://private-7c7dfe99.mintlify.app/integrations/language-clients/python/reference/advanced-querying,matched,fe7dd73c6737e09a,true,fe7dd73c6737e09a,2026-05-08T13:01:57+00:00,false
/integrations/language-clients/python/advanced-usage,docs/integrations/language-clients/python/advanced-usage.md,integrations/language-clients/python/reference/advanced-usage.mdx,https://clickhouse.com/docs/integrations/language-clients/python/advanced-usage,https://private-7c7dfe99.mintlify.app/integrations/language-clients/python/reference/advanced-usage,matched,0242bf3c210efb0e,true,0242bf3c210efb0e,2026-05-08T13:01:57+00:00,false
/integrations/language-clients/python/driver-api,docs/integrations/language-clients/python/driver-api.md,integrations/language-clients/python/reference/driver-api.mdx,https://clickhouse.com/docs/integrations/language-clients/python/driver-api,https://private-7c7dfe99.mintlify.app/integrations/language-clients/python/reference/driver-api,matched,65d167c3cc612a8c,true,65d167c3cc612a8c,2026-05-08T09:09:20+00:00,false
/integrations/language-clients/python/sqlalchemy,docs/integrations/language-clients/python/sqlalchemy.md,integrations/language-clients/python/sqlalchemy.mdx,https://clickhouse.com/docs/integrations/language-clients/python/sqlalchemy,https://private-7c7dfe99.mintlify.app/integrations/language-clients/python/sqlalchemy,matched,c4fcc86c7609122c,true,c4fcc86c7609122c,2026-05-08T09:09:20+00:00,false
/integrations/lightdash,docs/integrations/data-visualization/lightdash-and-clickhouse.md,integrations/connectors/data-visualization/lightdash-and-clickhouse.mdx,https://clickhouse.com/docs/integrations/lightdash,https://private-7c7dfe99.mintlify.app/integrations/connectors/data-visualization/lightdash-and-clickhouse,matched,7d88267c0a672044,true,7d88267c0a672044,2026-05-08T09:09:20+00:00,false
/integrations/looker,docs/integrations/data-visualization/looker-and-clickhouse.md,integrations/connectors/data-visualization/looker-and-clickhouse.mdx,https://clickhouse.com/docs/integrations/looker,https://private-7c7dfe99.mintlify.app/integrations/connectors/data-visualization/looker-and-clickhouse,matched,be39b54c39e988a0,true,be39b54c39e988a0,2026-05-08T09:09:20+00:00,false
/integrations/lookerstudio,docs/integrations/data-visualization/looker-studio-and-clickhouse.md,integrations/connectors/data-visualization/looker-studio-and-clickhouse.mdx,https://clickhouse.com/docs/integrations/lookerstudio,https://private-7c7dfe99.mintlify.app/integrations/connectors/data-visualization/looker-studio-and-clickhouse,matched,a6e0a2dd18724032,true,a6e0a2dd18724032,2026-05-08T09:09:20+00:00,false
/integrations/luzmo,docs/integrations/data-visualization/community_integrations/luzmo-and-clickhouse.md,integrations/connectors/data-visualization/community-integrations/luzmo-and-clickhouse.mdx,https://clickhouse.com/docs/integrations/luzmo,https://private-7c7dfe99.mintlify.app/integrations/connectors/data-visualization/community-integrations/luzmo-and-clickhouse,matched,147ec6311828fded,true,147ec6311828fded,2026-05-08T09:16:50+00:00,false
/integrations/marimo,docs/integrations/sql-clients/marimo.md,integrations/connectors/data-integrations/sql-clients/marimo.mdx,https://clickhouse.com/docs/integrations/marimo,https://private-7c7dfe99.mintlify.app/integrations/connectors/data-integrations/sql-clients/marimo,matched,d427bac7ec908e5a,true,d427bac7ec908e5a,2026-05-08T09:16:50+00:00,false
/integrations/metabase,docs/integrations/data-visualization/metabase-and-clickhouse.md,integrations/connectors/data-visualization/metabase-and-clickhouse.mdx,https://clickhouse.com/docs/integrations/metabase,https://private-7c7dfe99.mintlify.app/integrations/connectors/data-visualization/metabase-and-clickhouse,matched,3cd575e6f4339e94,true,3cd575e6f4339e94,2026-05-08T09:09:20+00:00,false
/integrations/middleware,docs/integrations/tools/data-integration/middleware/index.md,integrations/connectors/data-integrations/integrations/middleware.mdx,https://clickhouse.com/docs/integrations/middleware,https://private-7c7dfe99.mintlify.app/integrations/connectors/data-integrations/integrations/middleware,matched,79602c2bc0d88ff7,true,79602c2bc0d88ff7,2026-05-08T09:09:20+00:00,false
/integrations/migration/object-storage-to-clickhouse,docs/cloud/onboard/02_migrate/01_migration_guides/08_other_methods/03_object-storage-to-clickhouse.md,get-started/setup/migration-guides/other-methods/object-storage-to-clickhouse.mdx,https://clickhouse.com/docs/integrations/migration/object-storage-to-clickhouse,https://private-7c7dfe99.mintlify.app/get-started/setup/migration-guides/other-methods/object-storage-to-clickhouse,matched,bfb2e829231a0b46,true,bfb2e829231a0b46,2026-05-08T09:09:20+00:00,false
/integrations/migration/overview,docs/cloud/onboard/02_migrate/01_migration_guides/01_overview.md,get-started/setup/migration-guides/overview.mdx,https://clickhouse.com/docs/integrations/migration/overview,https://private-7c7dfe99.mintlify.app/get-started/setup/migration-guides/overview,matched,897a5b0e6ee3fe28,true,897a5b0e6ee3fe28,2026-05-08T12:19:52+00:00,false
/integrations/minio,docs/integrations/data-ingestion/s3-minio.md,integrations/connectors/data-ingestion/s3-minio.mdx,https://clickhouse.com/docs/integrations/minio,https://private-7c7dfe99.mintlify.app/integrations/connectors/data-ingestion/s3-minio,matched,c87a86b470f93336,true,c87a86b470f93336,2026-05-08T09:09:20+00:00,false
/integrations/misc,docs/integrations/misc/index.md,integrations/connectors/tools/misc-index.mdx,https://clickhouse.com/docs/integrations/misc,https://private-7c7dfe99.mintlify.app/integrations/connectors/tools/misc-index,matched,f61340073664032a,true,f61340073664032a,2026-05-08T11:59:43+00:00,false
/integrations/mitzu,docs/integrations/data-visualization/community_integrations/mitzu-and-clickhouse.md,integrations/connectors/data-visualization/community-integrations/mitzu-and-clickhouse.mdx,https://clickhouse.com/docs/integrations/mitzu,https://private-7c7dfe99.mintlify.app/integrations/connectors/data-visualization/community-integrations/mitzu-and-clickhouse,matched,d8b5b521aa6d31e7,true,d8b5b521aa6d31e7,2026-05-08T09:16:50+00:00,false
/integrations/mysql,docs/integrations/data-sources/mysql.md,integrations/connectors/data-ingestion/mysql.mdx | integrations/connectors/data-sources/mysql.mdx,https://clickhouse.com/docs/integrations/mysql,,ambiguous,c749ab5af449d835,true,c749ab5af449d835,2026-05-08T19:29:49+00:00,false
/integrations/nifi,docs/integrations/data-ingestion/etl-tools/nifi-and-clickhouse.md,integrations/connectors/data-ingestion/etl-tools/nifi-and-clickhouse.mdx,https://clickhouse.com/docs/integrations/nifi,https://private-7c7dfe99.mintlify.app/integrations/connectors/data-ingestion/etl-tools/nifi-and-clickhouse,matched,d72c5ce6da75c122,true,d72c5ce6da75c122,2026-05-08T09:16:50+00:00,false
/integrations/omni,docs/integrations/data-visualization/omni-and-clickhouse.md,integrations/connectors/data-visualization/omni-and-clickhouse.mdx,https://clickhouse.com/docs/integrations/omni,https://private-7c7dfe99.mintlify.app/integrations/connectors/data-visualization/omni-and-clickhouse,matched,7d28b8ed8b03540f,true,7d28b8ed8b03540f,2026-05-08T09:09:20+00:00,false
/integrations/pg_clickhouse,docs/integrations/tools/data-integration/pg_clickhouse/introduction.md,integrations/connectors/tools/pg_clickhouse/introduction.mdx,https://clickhouse.com/docs/integrations/pg_clickhouse,https://private-7c7dfe99.mintlify.app/integrations/connectors/tools/pg_clickhouse/introduction,matched,e5ba84999b663d1a,true,e5ba84999b663d1a,2026-05-09T11:22:25+00:00,false
/integrations/pg_clickhouse/reference,docs/integrations/tools/data-integration/pg_clickhouse/reference.md,integrations/connectors/tools/pg_clickhouse/reference.mdx,https://clickhouse.com/docs/integrations/pg_clickhouse/reference,https://private-7c7dfe99.mintlify.app/integrations/connectors/tools/pg_clickhouse/reference,matched,155d2050c62f6bb4,true,155d2050c62f6bb4,2026-05-09T11:22:25+00:00,false
/integrations/pg_clickhouse/tutorial,docs/integrations/tools/data-integration/pg_clickhouse/tutorial.md,integrations/connectors/tools/pg_clickhouse/tutorial.mdx,https://clickhouse.com/docs/integrations/pg_clickhouse/tutorial,https://private-7c7dfe99.mintlify.app/integrations/connectors/tools/pg_clickhouse/tutorial,matched,169d841b38632d8e,true,169d841b38632d8e,2026-05-09T11:22:25+00:00,false
/integrations/postgresql,docs/integrations/data-sources/postgres.md,integrations/connectors/data-sources/postgres.mdx,https://clickhouse.com/docs/integrations/postgresql,https://private-7c7dfe99.mintlify.app/integrations/connectors/data-sources/postgres,matched,fb2d804909b58e74,true,fb2d804909b58e74,2026-05-08T11:33:34+00:00,false
/integrations/postgresql/connecting-to-postgresql,docs/integrations/data-ingestion/dbms/postgresql/connecting-to-postgresql.md,snippets/connecting-to-postgresql.mdx,https://clickhouse.com/docs/integrations/postgresql/connecting-to-postgresql,,ambiguous,dcef06bf7159ee84,true,dcef06bf7159ee84,2026-05-09T11:14:51+00:00,false
/integrations/postgresql/inserting-data,docs/integrations/data-ingestion/dbms/postgresql/inserting-data.md,integrations/clickpipes/postgres/inserting-data.mdx | integrations/connectors/data-ingestion/postgresql/inserting-data.mdx,https://clickhouse.com/docs/integrations/postgresql/inserting-data,,ambiguous,9d5890a4e8d959fc,true,9d5890a4e8d959fc,2026-05-08T19:29:49+00:00,false
/integrations/powerbi,docs/integrations/data-visualization/powerbi-and-clickhouse.md,integrations/connectors/data-visualization/powerbi-and-clickhouse.mdx,https://clickhouse.com/docs/integrations/powerbi,https://private-7c7dfe99.mintlify.app/integrations/connectors/data-visualization/powerbi-and-clickhouse,matched,f4b554753cd9ae35,true,f4b554753cd9ae35,2026-05-08T09:09:20+00:00,false
/integrations/prometheus,docs/cloud/features/08_monitoring/prometheus.md,products/cloud/features/monitoring/prometheus.mdx,https://clickhouse.com/docs/integrations/prometheus,https://private-7c7dfe99.mintlify.app/products/cloud/features/monitoring/prometheus,matched,3a19ae5eb49d6cb4,true,3a19ae5eb49d6cb4,2026-05-08T09:09:20+00:00,false
/integrations/python,docs/integrations/language-clients/python/index.md,integrations/language-clients/python/index.mdx,https://clickhouse.com/docs/integrations/python,https://private-7c7dfe99.mintlify.app/integrations/language-clients/python,matched,2b764e5eba64bde1,true,2b764e5eba64bde1,2026-05-08T11:59:43+00:00,false
/integrations/qstudio,docs/integrations/sql-clients/qstudio.md,integrations/connectors/data-integrations/sql-clients/qstudio.mdx,https://clickhouse.com/docs/integrations/qstudio,https://private-7c7dfe99.mintlify.app/integrations/connectors/data-integrations/sql-clients/qstudio,matched,24048c24eb329217,true,24048c24eb329217,2026-05-08T09:16:50+00:00,false
/integrations/querio,docs/integrations/data-visualization/community_integrations/querio-and-clickhouse.md,integrations/connectors/data-visualization/community-integrations/querio-and-clickhouse.mdx,https://clickhouse.com/docs/integrations/querio,https://private-7c7dfe99.mintlify.app/integrations/connectors/data-visualization/community-integrations/querio-and-clickhouse,matched,3987f8cbb6c763a2,true,3987f8cbb6c763a2,2026-05-08T09:16:50+00:00,false
/integrations/quicksight,docs/integrations/data-visualization/quicksight-and-clickhouse.md,integrations/connectors/data-visualization/quicksight-and-clickhouse.mdx,https://clickhouse.com/docs/integrations/quicksight,https://private-7c7dfe99.mintlify.app/integrations/connectors/data-visualization/quicksight-and-clickhouse,matched,6d34c7aa55a8fa5d,true,6d34c7aa55a8fa5d,2026-05-08T09:09:20+00:00,false
/integrations/retool,docs/integrations/tools/data-integration/retool/index.md,integrations/connectors/data-integrations/integrations/retool.mdx,https://clickhouse.com/docs/integrations/retool,https://private-7c7dfe99.mintlify.app/integrations/connectors/data-integrations/integrations/retool,matched,abe3b7beb3acfc44,true,abe3b7beb3acfc44,2026-05-08T09:09:20+00:00,false
/integrations/rocketbi,docs/integrations/data-visualization/community_integrations/rocketbi-and-clickhouse.md,integrations/connectors/data-visualization/community-integrations/rocketbi-and-clickhouse.mdx,https://clickhouse.com/docs/integrations/rocketbi,https://private-7c7dfe99.mintlify.app/integrations/connectors/data-visualization/community-integrations/rocketbi-and-clickhouse,matched,4f04f003f7252d17,true,4f04f003f7252d17,2026-05-08T09:16:50+00:00,false
/integrations/rust,docs/integrations/language-clients/rust.md,integrations/language-clients/rust.mdx,https://clickhouse.com/docs/integrations/rust,https://private-7c7dfe99.mintlify.app/integrations/language-clients/rust,matched,516b861182977a31,true,516b861182977a31,2026-05-08T09:09:20+00:00,false
/integrations/s3,docs/integrations/data-ingestion/s3/index.md,integrations/connectors/data-ingestion/AWS/integrating-s3-with-clickhouse.mdx,https://clickhouse.com/docs/integrations/s3,https://private-7c7dfe99.mintlify.app/integrations/connectors/data-ingestion/AWS/integrating-s3-with-clickhouse,matched,a2ada9c437a25033,true,a2ada9c437a25033,2026-05-09T11:14:51+00:00,false
/integrations/s3/creating-iam-user-and-s3-bucket,docs/integrations/data-ingestion/s3/creating-an-s3-iam-role-and-bucket.md,integrations/connectors/data-ingestion/AWS/creating-an-s3-iam-role-and-bucket.mdx,https://clickhouse.com/docs/integrations/s3/creating-iam-user-and-s3-bucket,https://private-7c7dfe99.mintlify.app/integrations/connectors/data-ingestion/AWS/creating-an-s3-iam-role-and-bucket,matched,1928720df8484ff3,true,1928720df8484ff3,2026-05-08T09:09:20+00:00,false
/integrations/s3/performance,docs/integrations/data-ingestion/s3/performance.md,integrations/connectors/data-ingestion/AWS/performance.mdx,https://clickhouse.com/docs/integrations/s3/performance,https://private-7c7dfe99.mintlify.app/integrations/connectors/data-ingestion/AWS/performance,matched,bbe8bd906ddd701b,true,bbe8bd906ddd701b,2026-05-08T13:01:57+00:00,false
/integrations/splunk,docs/integrations/data-visualization/splunk-and-clickhouse.md,integrations/connectors/data-visualization/splunk-and-clickhouse.mdx,https://clickhouse.com/docs/integrations/splunk,https://private-7c7dfe99.mintlify.app/integrations/connectors/data-visualization/splunk-and-clickhouse,matched,62ab4d71c7d1892e,true,62ab4d71c7d1892e,2026-05-08T09:09:20+00:00,false
/integrations/sql-clients/,docs/integrations/sql-clients/index.md,integrations/connectors/data-integrations/sql-clients/index.mdx,https://clickhouse.com/docs/integrations/sql-clients/,https://private-7c7dfe99.mintlify.app/integrations/connectors/data-integrations/sql-clients,matched,2169b364f5f9a815,true,2169b364f5f9a815,2026-05-08T09:09:20+00:00,false
/integrations/sql-clients/sql-console,docs/integrations/sql-clients/sql-console.md,integrations/connectors/data-integrations/sql-clients/sql-console.mdx,https://clickhouse.com/docs/integrations/sql-clients/sql-console,https://private-7c7dfe99.mintlify.app/integrations/connectors/data-integrations/sql-clients/sql-console,matched,3d6303d0c5e7d476,true,3d6303d0c5e7d476,2026-05-08T09:09:20+00:00,false
/integrations/sttreamkap,docs/integrations/data-ingestion/streamkap/streamkap-and-clickhouse.md,integrations/connectors/data-ingestion/streamkap/streamkap-and-clickhouse.mdx,https://clickhouse.com/docs/integrations/sttreamkap,https://private-7c7dfe99.mintlify.app/integrations/connectors/data-ingestion/streamkap/streamkap-and-clickhouse,matched,af0d913c51ae15c4,true,af0d913c51ae15c4,2026-05-08T09:09:20+00:00,false
/integrations/superset,docs/integrations/data-visualization/superset-and-clickhouse.md,integrations/connectors/data-visualization/superset-and-clickhouse.mdx,https://clickhouse.com/docs/integrations/superset,https://private-7c7dfe99.mintlify.app/integrations/connectors/data-visualization/superset-and-clickhouse,matched,a0c29b72298bd8a3,true,a0c29b72298bd8a3,2026-05-09T11:14:51+00:00,false
/integrations/tableau,docs/integrations/data-visualization/tableau/tableau-and-clickhouse.md,integrations/connectors/data-visualization/tableau/tableau-and-clickhouse.mdx,https://clickhouse.com/docs/integrations/tableau,https://private-7c7dfe99.mintlify.app/integrations/connectors/data-visualization/tableau/tableau-and-clickhouse,matched,7e2230293b488a9b,true,7e2230293b488a9b,2026-05-08T09:52:53+00:00,false
/integrations/tableau-online,docs/integrations/data-visualization/tableau/tableau-online-and-clickhouse.md,integrations/connectors/data-visualization/tableau/tableau-online-and-clickhouse.mdx,https://clickhouse.com/docs/integrations/tableau-online,https://private-7c7dfe99.mintlify.app/integrations/connectors/data-visualization/tableau/tableau-online-and-clickhouse,matched,e31ba4329a7edfaf,true,e31ba4329a7edfaf,2026-05-08T09:09:20+00:00,false
/integrations/tableau/analysis-tips,docs/integrations/data-visualization/tableau/tableau-analysis-tips.md,integrations/connectors/data-visualization/tableau/tableau-analysis-tips.mdx,https://clickhouse.com/docs/integrations/tableau/analysis-tips,https://private-7c7dfe99.mintlify.app/integrations/connectors/data-visualization/tableau/tableau-analysis-tips,matched,b15852db7c8744e0,true,b15852db7c8744e0,2026-05-08T09:09:20+00:00,false
/integrations/tableau/connection-tips,docs/integrations/data-visualization/tableau/tableau-connection-tips.md,integrations/connectors/data-visualization/tableau/tableau-connection-tips.mdx,https://clickhouse.com/docs/integrations/tableau/connection-tips,https://private-7c7dfe99.mintlify.app/integrations/connectors/data-visualization/tableau/tableau-connection-tips,matched,53713989212bfe2e,true,53713989212bfe2e,2026-05-08T09:09:20+00:00,false
/integrations/tablumio,docs/integrations/sql-clients/tablum.md,integrations/connectors/data-integrations/sql-clients/tablum.mdx,https://clickhouse.com/docs/integrations/tablumio,https://private-7c7dfe99.mintlify.app/integrations/connectors/data-integrations/sql-clients/tablum,matched,e9f2de8ab3913fdf,true,e9f2de8ab3913fdf,2026-05-08T09:16:50+00:00,false
/integrations/tools,docs/integrations/tools/index.md,integrations/connectors/tools/index.mdx,https://clickhouse.com/docs/integrations/tools,https://private-7c7dfe99.mintlify.app/integrations/connectors/tools,matched,cbdf26fe14fdac5b,true,cbdf26fe14fdac5b,2026-05-07T14:49:41+00:00,false
/integrations/tools/data-integrations,docs/integrations/tools/data-integration/index.md,integrations/connectors/tools/data-integration-index.mdx,https://clickhouse.com/docs/integrations/tools/data-integrations,https://private-7c7dfe99.mintlify.app/integrations/connectors/tools/data-integration-index,matched,a9c33c976eac2ee2,true,a9c33c976eac2ee2,2026-05-08T09:09:20+00:00,false
/integrations/vector,docs/integrations/data-ingestion/etl-tools/vector-to-clickhouse.md,integrations/connectors/data-ingestion/etl-tools/vector-to-clickhouse.mdx,https://clickhouse.com/docs/integrations/vector,https://private-7c7dfe99.mintlify.app/integrations/connectors/data-ingestion/etl-tools/vector-to-clickhouse,matched,57967e36da185dc7,true,57967e36da185dc7,2026-05-08T09:09:20+00:00,false
/integrations/zingdata,docs/integrations/data-visualization/community_integrations/zingdata-and-clickhouse.md,integrations/connectors/data-visualization/community-integrations/zingdata-and-clickhouse.mdx,https://clickhouse.com/docs/integrations/zingdata,https://private-7c7dfe99.mintlify.app/integrations/connectors/data-visualization/community-integrations/zingdata-and-clickhouse,matched,b515f934e60c1251,true,b515f934e60c1251,2026-05-08T09:16:50+00:00,false
/interfaces/arrowflight,docs/integrations/interfaces/arrowflight.md,integrations/connectors/data-integrations/drivers-and-interfaces/arrowflight.mdx,https://clickhouse.com/docs/interfaces/arrowflight,https://private-7c7dfe99.mintlify.app/integrations/connectors/data-integrations/drivers-and-interfaces/arrowflight,matched,f333357eb2f29a27,true,f333357eb2f29a27,2026-05-08T09:09:20+00:00,false
/interfaces/cli,docs/interfaces/cli.md,integrations/connectors/data-integrations/drivers-and-interfaces/cli.mdx,https://clickhouse.com/docs/interfaces/cli,https://private-7c7dfe99.mintlify.app/integrations/connectors/data-integrations/drivers-and-interfaces/cli,matched,8497def37a58edb5,true,8497def37a58edb5,2026-05-08T09:09:20+00:00,false
/interfaces/client,docs/interfaces/client.md,integrations/connectors/data-integrations/drivers-and-interfaces/client.mdx,https://clickhouse.com/docs/interfaces/client,https://private-7c7dfe99.mintlify.app/integrations/connectors/data-integrations/drivers-and-interfaces/client,matched,c3109f2b192e00f8,true,c3109f2b192e00f8,2026-05-09T09:39:38+00:00,false
/interfaces/cpp,docs/integrations/language-clients/cpp.md,integrations/language-clients/cpp.mdx | integrations/connectors/data-integrations/drivers-and-interfaces/cpp.mdx,https://clickhouse.com/docs/interfaces/cpp,,ambiguous,51b1fb17abd7387f,true,51b1fb17abd7387f,2026-05-08T19:29:49+00:00,false
/interfaces/formats,docs/interfaces/formats.md,reference/formats/index.mdx,https://clickhouse.com/docs/interfaces/formats,https://private-7c7dfe99.mintlify.app/reference/formats,matched,ec990aa5658b7c21,true,ec990aa5658b7c21,2026-05-08T13:01:56+00:00,false
/interfaces/formats/Arrow,docs/interfaces/formats/Arrow/Arrow.md,reference/formats/Arrow/Arrow.mdx,https://clickhouse.com/docs/interfaces/formats/Arrow,https://private-7c7dfe99.mintlify.app/reference/formats/Arrow/Arrow,matched,fefd4875760cc33c,true,fefd4875760cc33c,2026-05-07T14:49:41+00:00,false
/interfaces/formats/ArrowStream,docs/interfaces/formats/Arrow/ArrowStream.md,reference/formats/Arrow/ArrowStream.mdx,https://clickhouse.com/docs/interfaces/formats/ArrowStream,https://private-7c7dfe99.mintlify.app/reference/formats/Arrow/ArrowStream,matched,e26bd50b67b6a445,false,,,false
/interfaces/formats/Avro,docs/interfaces/formats/Avro/Avro.md,reference/formats/Avro/Avro.mdx,https://clickhouse.com/docs/interfaces/formats/Avro,https://private-7c7dfe99.mintlify.app/reference/formats/Avro/Avro,matched,aa68e4488567e4ec,true,aa68e4488567e4ec,2026-05-09T09:39:38+00:00,false
/interfaces/formats/AvroConfluent,docs/interfaces/formats/Avro/AvroConfluent.md,reference/formats/Avro/AvroConfluent.mdx,https://clickhouse.com/docs/interfaces/formats/AvroConfluent,https://private-7c7dfe99.mintlify.app/reference/formats/Avro/AvroConfluent,matched,164319294d8a4a2d,true,164319294d8a4a2d,2026-05-09T09:39:38+00:00,false
/interfaces/formats/BSONEachRow,docs/interfaces/formats/BSONEachRow.md,reference/formats/BSONEachRow.mdx,https://clickhouse.com/docs/interfaces/formats/BSONEachRow,https://private-7c7dfe99.mintlify.app/reference/formats/BSONEachRow,matched,5405382560ae38c8,true,5405382560ae38c8,2026-05-08T09:09:20+00:00,false
/interfaces/formats/Buffers,docs/interfaces/formats/Buffers.md,reference/formats/Buffers.mdx,https://clickhouse.com/docs/interfaces/formats/Buffers,https://private-7c7dfe99.mintlify.app/reference/formats/Buffers,matched,e7fd70effa797248,true,e7fd70effa797248,2026-05-07T14:49:41+00:00,false
/interfaces/formats/CSV,docs/interfaces/formats/CSV/CSV.md,reference/formats/CSV/CSV.mdx,https://clickhouse.com/docs/interfaces/formats/CSV,https://private-7c7dfe99.mintlify.app/reference/formats/CSV/CSV,matched,78c8f7d218a9c211,true,78c8f7d218a9c211,2026-05-08T09:09:20+00:00,false
/interfaces/formats/CSVWithNames,docs/interfaces/formats/CSV/CSVWithNames.md,reference/formats/CSV/CSVWithNames.mdx,https://clickhouse.com/docs/interfaces/formats/CSVWithNames,https://private-7c7dfe99.mintlify.app/reference/formats/CSV/CSVWithNames,matched,c042f748c77a461d,true,c042f748c77a461d,2026-05-08T09:09:20+00:00,false
/interfaces/formats/CSVWithNamesAndTypes,docs/interfaces/formats/CSV/CSVWithNamesAndTypes.md,reference/formats/CSV/CSVWithNamesAndTypes.mdx,https://clickhouse.com/docs/interfaces/formats/CSVWithNamesAndTypes,https://private-7c7dfe99.mintlify.app/reference/formats/CSV/CSVWithNamesAndTypes,matched,c626b9222d67c0a1,true,c626b9222d67c0a1,2026-05-08T11:53:27+00:00,false
/interfaces/formats/CapnProto,docs/interfaces/formats/CapnProto.md,reference/formats/CapnProto.mdx,https://clickhouse.com/docs/interfaces/formats/CapnProto,https://private-7c7dfe99.mintlify.app/reference/formats/CapnProto,matched,e52f05211d11daf4,true,e52f05211d11daf4,2026-05-09T09:39:38+00:00,false
/interfaces/formats/CustomSeparated,docs/interfaces/formats/CustomSeparated/CustomSeparated.md,reference/formats/CustomSeparated/CustomSeparated.mdx,https://clickhouse.com/docs/interfaces/formats/CustomSeparated,https://private-7c7dfe99.mintlify.app/reference/formats/CustomSeparated/CustomSeparated,matched,2b4ac034aba018ed,true,2b4ac034aba018ed,2026-05-09T09:39:38+00:00,false
/interfaces/formats/CustomSeparatedIgnoreSpaces,docs/interfaces/formats/CustomSeparated/CustomSeparatedIgnoreSpaces.md,reference/formats/CustomSeparated/CustomSeparatedIgnoreSpaces.mdx,https://clickhouse.com/docs/interfaces/formats/CustomSeparatedIgnoreSpaces,https://private-7c7dfe99.mintlify.app/reference/formats/CustomSeparated/CustomSeparatedIgnoreSpaces,matched,27bd6d01dce2d644,false,,,false
/interfaces/formats/CustomSeparatedIgnoreSpacesWithNames,docs/interfaces/formats/CustomSeparated/CustomSeparatedIgnoreSpacesWithNames.md,reference/formats/CustomSeparated/CustomSeparatedIgnoreSpacesWithNames.mdx,https://clickhouse.com/docs/interfaces/formats/CustomSeparatedIgnoreSpacesWithNames,https://private-7c7dfe99.mintlify.app/reference/formats/CustomSeparated/CustomSeparatedIgnoreSpacesWithNames,matched,4cfca9fae37346c2,false,,,false
/interfaces/formats/CustomSeparatedIgnoreSpacesWithNamesAndTypes,docs/interfaces/formats/CustomSeparated/CustomSeparatedIgnoreSpacesWithNamesAndTypes.md,reference/formats/CustomSeparated/CustomSeparatedIgnoreSpacesWithNamesAndTypes.mdx,https://clickhouse.com/docs/interfaces/formats/CustomSeparatedIgnoreSpacesWithNamesAndTypes,https://private-7c7dfe99.mintlify.app/reference/formats/CustomSeparated/CustomSeparatedIgnoreSpacesWithNamesAndTypes,matched,8cde4367a08c4c85,false,,,false
/interfaces/formats/CustomSeparatedWithNames,docs/interfaces/formats/CustomSeparated/CustomSeparatedWithNames.md,reference/formats/CustomSeparated/CustomSeparatedWithNames.mdx,https://clickhouse.com/docs/interfaces/formats/CustomSeparatedWithNames,https://private-7c7dfe99.mintlify.app/reference/formats/CustomSeparated/CustomSeparatedWithNames,matched,1dd4bcf22efaf403,true,1dd4bcf22efaf403,2026-05-07T14:49:41+00:00,false
/interfaces/formats/CustomSeparatedWithNamesAndTypes,docs/interfaces/formats/CustomSeparated/CustomSeparatedWithNamesAndTypes.md,reference/formats/CustomSeparated/CustomSeparatedWithNamesAndTypes.mdx,https://clickhouse.com/docs/interfaces/formats/CustomSeparatedWithNamesAndTypes,https://private-7c7dfe99.mintlify.app/reference/formats/CustomSeparated/CustomSeparatedWithNamesAndTypes,matched,31443088162bd3a0,true,31443088162bd3a0,2026-05-08T09:09:20+00:00,false
/interfaces/formats/DWARF,docs/interfaces/formats/DWARF.md,reference/formats/DWARF.mdx,https://clickhouse.com/docs/interfaces/formats/DWARF,https://private-7c7dfe99.mintlify.app/reference/formats/DWARF,matched,c2f203731c8694cf,true,c2f203731c8694cf,2026-05-08T09:09:20+00:00,false
/interfaces/formats/Form,docs/interfaces/formats/Form.md,reference/formats/Form.mdx,https://clickhouse.com/docs/interfaces/formats/Form,https://private-7c7dfe99.mintlify.app/reference/formats/Form,matched,c9a05803f13e7580,false,,,false
/interfaces/formats/Hash,docs/interfaces/formats/Hash.md,reference/formats/Hash.mdx,https://clickhouse.com/docs/interfaces/formats/Hash,https://private-7c7dfe99.mintlify.app/reference/formats/Hash,matched,1126bfe846bb5fcd,false,,,false
/interfaces/formats/HiveText,docs/interfaces/formats/HiveText.md,reference/formats/HiveText.mdx,https://clickhouse.com/docs/interfaces/formats/HiveText,https://private-7c7dfe99.mintlify.app/reference/formats/HiveText,matched,22c4567427f06c4f,false,,,false
/interfaces/formats/JSON,docs/interfaces/formats/JSON/JSON.md,reference/formats/JSON/JSON.mdx,https://clickhouse.com/docs/interfaces/formats/JSON,https://private-7c7dfe99.mintlify.app/reference/formats/JSON/JSON,matched,fe45037d34e9b052,true,fe45037d34e9b052,2026-05-07T15:41:11+00:00,false
/interfaces/formats/JSON/format-settings,docs/interfaces/formats/JSON/format-settings.md,reference/formats/JSON/format-settings.mdx,https://clickhouse.com/docs/interfaces/formats/JSON/format-settings,https://private-7c7dfe99.mintlify.app/reference/formats/JSON/format-settings,matched,d58e38a4b38f0454,true,d58e38a4b38f0454,2026-05-08T20:59:51+00:00,false
/interfaces/formats/JSONAsObject,docs/interfaces/formats/JSON/JSONAsObject.md,reference/formats/JSON/JSONAsObject.mdx,https://clickhouse.com/docs/interfaces/formats/JSONAsObject,https://private-7c7dfe99.mintlify.app/reference/formats/JSON/JSONAsObject,matched,535b7ebcc2bbcc05,true,535b7ebcc2bbcc05,2026-05-07T14:49:41+00:00,false
/interfaces/formats/JSONAsString,docs/interfaces/formats/JSON/JSONAsString.md,reference/formats/JSON/JSONAsString.mdx,https://clickhouse.com/docs/interfaces/formats/JSONAsString,https://private-7c7dfe99.mintlify.app/reference/formats/JSON/JSONAsString,matched,b777d33223c2f6e1,true,b777d33223c2f6e1,2026-05-08T09:09:20+00:00,false
/interfaces/formats/JSONColumns,docs/interfaces/formats/JSON/JSONColumns.md,reference/formats/JSON/JSONColumns.mdx,https://clickhouse.com/docs/interfaces/formats/JSONColumns,https://private-7c7dfe99.mintlify.app/reference/formats/JSON/JSONColumns,matched,8fd5347285441089,true,8fd5347285441089,2026-05-08T09:09:20+00:00,false
/interfaces/formats/JSONColumnsWithMetadata,docs/interfaces/formats/JSON/JSONColumnsWithMetadata.md,reference/formats/JSON/JSONColumnsWithMetadata.mdx,https://clickhouse.com/docs/interfaces/formats/JSONColumnsWithMetadata,https://private-7c7dfe99.mintlify.app/reference/formats/JSON/JSONColumnsWithMetadata,matched,96f0f82692a94d11,true,96f0f82692a94d11,2026-05-09T09:39:38+00:00,false
/interfaces/formats/JSONCompact,docs/interfaces/formats/JSON/JSONCompact.md,reference/formats/JSON/JSONCompact.mdx,https://clickhouse.com/docs/interfaces/formats/JSONCompact,https://private-7c7dfe99.mintlify.app/reference/formats/JSON/JSONCompact,matched,bb371d742e1c3d8b,true,bb371d742e1c3d8b,2026-05-09T09:39:38+00:00,false
/interfaces/formats/JSONCompactColumns,docs/interfaces/formats/JSON/JSONCompactColumns.md,reference/formats/JSON/JSONCompactColumns.mdx,https://clickhouse.com/docs/interfaces/formats/JSONCompactColumns,https://private-7c7dfe99.mintlify.app/reference/formats/JSON/JSONCompactColumns,matched,90eb1bd6cd208752,true,90eb1bd6cd208752,2026-05-08T09:09:20+00:00,false
/interfaces/formats/JSONCompactEachRow,docs/interfaces/formats/JSON/JSONCompactEachRow.md,reference/formats/JSON/JSONCompactEachRow.mdx,https://clickhouse.com/docs/interfaces/formats/JSONCompactEachRow,https://private-7c7dfe99.mintlify.app/reference/formats/JSON/JSONCompactEachRow,matched,54f6ee288acad577,true,54f6ee288acad577,2026-05-09T09:39:38+00:00,false
/interfaces/formats/JSONCompactEachRowWithNames,docs/interfaces/formats/JSON/JSONCompactEachRowWithNames.md,reference/formats/JSON/JSONCompactEachRowWithNames.mdx,https://clickhouse.com/docs/interfaces/formats/JSONCompactEachRowWithNames,https://private-7c7dfe99.mintlify.app/reference/formats/JSON/JSONCompactEachRowWithNames,matched,b37e005c51f403fc,true,b37e005c51f403fc,2026-05-09T09:39:38+00:00,false
/interfaces/formats/JSONCompactEachRowWithNamesAndTypes,docs/interfaces/formats/JSON/JSONCompactEachRowWithNamesAndTypes.md,reference/formats/JSON/JSONCompactEachRowWithNamesAndTypes.mdx,https://clickhouse.com/docs/interfaces/formats/JSONCompactEachRowWithNamesAndTypes,https://private-7c7dfe99.mintlify.app/reference/formats/JSON/JSONCompactEachRowWithNamesAndTypes,matched,9c79376ce670521b,true,9c79376ce670521b,2026-05-09T09:39:38+00:00,false
/interfaces/formats/JSONCompactEachRowWithProgress,docs/interfaces/formats/JSON/JSONCompactEachRowWithProgress.md,reference/formats/JSON/JSONCompactEachRowWithProgress.mdx,https://clickhouse.com/docs/interfaces/formats/JSONCompactEachRowWithProgress,https://private-7c7dfe99.mintlify.app/reference/formats/JSON/JSONCompactEachRowWithProgress,matched,a1fbebb255566158,false,,,false
/interfaces/formats/JSONCompactStrings,docs/interfaces/formats/JSON/JSONCompactStrings.md,reference/formats/JSON/JSONCompactStrings.mdx,https://clickhouse.com/docs/interfaces/formats/JSONCompactStrings,https://private-7c7dfe99.mintlify.app/reference/formats/JSON/JSONCompactStrings,matched,5792c89f06fcaed3,true,5792c89f06fcaed3,2026-05-09T09:39:38+00:00,false
/interfaces/formats/JSONCompactStringsEachRow,docs/interfaces/formats/JSON/JSONCompactStringsEachRow.md,reference/formats/JSON/JSONCompactStringsEachRow.mdx,https://clickhouse.com/docs/interfaces/formats/JSONCompactStringsEachRow,https://private-7c7dfe99.mintlify.app/reference/formats/JSON/JSONCompactStringsEachRow,matched,cf8035df5e02498f,true,cf8035df5e02498f,2026-05-09T09:39:38+00:00,false
/interfaces/formats/JSONCompactStringsEachRowWithNames,docs/interfaces/formats/JSON/JSONCompactStringsEachRowWithNames.md,reference/formats/JSON/JSONCompactStringsEachRowWithNames.mdx,https://clickhouse.com/docs/interfaces/formats/JSONCompactStringsEachRowWithNames,https://private-7c7dfe99.mintlify.app/reference/formats/JSON/JSONCompactStringsEachRowWithNames,matched,6dadcbfab042a7bc,true,6dadcbfab042a7bc,2026-05-09T09:39:38+00:00,false
/interfaces/formats/JSONCompactStringsEachRowWithNamesAndTypes,docs/interfaces/formats/JSON/JSONCompactStringsEachRowWithNamesAndTypes.md,reference/formats/JSON/JSONCompactStringsEachRowWithNamesAndTypes.mdx,https://clickhouse.com/docs/interfaces/formats/JSONCompactStringsEachRowWithNamesAndTypes,https://private-7c7dfe99.mintlify.app/reference/formats/JSON/JSONCompactStringsEachRowWithNamesAndTypes,matched,0d3df994d73dcce5,true,0d3df994d73dcce5,2026-05-08T09:09:20+00:00,false
/interfaces/formats/JSONCompactStringsEachRowWithProgress,docs/interfaces/formats/JSON/JSONCompactStringsEachRowWithProgress.md,reference/formats/JSON/JSONCompactStringsEachRowWithProgress.mdx,https://clickhouse.com/docs/interfaces/formats/JSONCompactStringsEachRowWithProgress,https://private-7c7dfe99.mintlify.app/reference/formats/JSON/JSONCompactStringsEachRowWithProgress,matched,fb5ace8ecf41cd7a,true,fb5ace8ecf41cd7a,2026-05-07T14:49:41+00:00,false
/interfaces/formats/JSONEachRow,docs/interfaces/formats/JSON/JSONEachRow.md,reference/formats/JSON/JSONEachRow.mdx,https://clickhouse.com/docs/interfaces/formats/JSONEachRow,https://private-7c7dfe99.mintlify.app/reference/formats/JSON/JSONEachRow,matched,d64cf47163473324,true,d64cf47163473324,2026-05-07T15:41:11+00:00,false
/interfaces/formats/JSONEachRowWithProgress,docs/interfaces/formats/JSON/JSONEachRowWithProgress.md,reference/formats/JSON/JSONEachRowWithProgress.mdx,https://clickhouse.com/docs/interfaces/formats/JSONEachRowWithProgress,https://private-7c7dfe99.mintlify.app/reference/formats/JSON/JSONEachRowWithProgress,matched,f49e9e3f91b64b35,true,f49e9e3f91b64b35,2026-05-09T09:39:38+00:00,false
/interfaces/formats/JSONLines,docs/interfaces/formats/JSON/JSONLines.md,reference/formats/JSON/JSONLines.mdx,https://clickhouse.com/docs/interfaces/formats/JSONLines,https://private-7c7dfe99.mintlify.app/reference/formats/JSON/JSONLines,matched,e3e518cc255f6764,true,e3e518cc255f6764,2026-05-07T15:41:11+00:00,false
/interfaces/formats/JSONObjectEachRow,docs/interfaces/formats/JSON/JSONObjectEachRow.md,reference/formats/JSON/JSONObjectEachRow.mdx,https://clickhouse.com/docs/interfaces/formats/JSONObjectEachRow,https://private-7c7dfe99.mintlify.app/reference/formats/JSON/JSONObjectEachRow,matched,9e7753f5e2857502,true,9e7753f5e2857502,2026-05-09T09:39:38+00:00,false
/interfaces/formats/JSONStrings,docs/interfaces/formats/JSON/JSONStrings.md,reference/formats/JSON/JSONStrings.mdx,https://clickhouse.com/docs/interfaces/formats/JSONStrings,https://private-7c7dfe99.mintlify.app/reference/formats/JSON/JSONStrings,matched,ac07bacf3135df09,true,ac07bacf3135df09,2026-05-09T09:39:38+00:00,false
/interfaces/formats/JSONStringsEachRow,docs/interfaces/formats/JSON/JSONStringsEachRow.md,reference/formats/JSON/JSONStringsEachRow.mdx,https://clickhouse.com/docs/interfaces/formats/JSONStringsEachRow,https://private-7c7dfe99.mintlify.app/reference/formats/JSON/JSONStringsEachRow,matched,d28f12f9ff28bee7,true,d28f12f9ff28bee7,2026-05-09T09:39:38+00:00,false
/interfaces/formats/JSONStringsEachRowWithProgress,docs/interfaces/formats/JSON/JSONStringsEachRowWithProgress.md,reference/formats/JSON/JSONStringsEachRowWithProgress.mdx,https://clickhouse.com/docs/interfaces/formats/JSONStringsEachRowWithProgress,https://private-7c7dfe99.mintlify.app/reference/formats/JSON/JSONStringsEachRowWithProgress,matched,31a8fa488c7303d5,false,,,false
/interfaces/formats/LineAsString,docs/interfaces/formats/LineAsString/LineAsString.md,reference/formats/LineAsString/LineAsString.mdx,https://clickhouse.com/docs/interfaces/formats/LineAsString,https://private-7c7dfe99.mintlify.app/reference/formats/LineAsString/LineAsString,matched,1adc889763f86e07,true,1adc889763f86e07,2026-05-07T14:49:41+00:00,false
/interfaces/formats/LineAsStringWithNames,docs/interfaces/formats/LineAsString/LineAsStringWithNames.md,reference/formats/LineAsString/LineAsStringWithNames.mdx,https://clickhouse.com/docs/interfaces/formats/LineAsStringWithNames,https://private-7c7dfe99.mintlify.app/reference/formats/LineAsString/LineAsStringWithNames,matched,0d354a4bc3cf5327,true,0d354a4bc3cf5327,2026-05-09T09:39:38+00:00,false
/interfaces/formats/LineAsStringWithNamesAndTypes,docs/interfaces/formats/LineAsString/LineAsStringWithNamesAndTypes.md,reference/formats/LineAsString/LineAsStringWithNamesAndTypes.mdx,https://clickhouse.com/docs/interfaces/formats/LineAsStringWithNamesAndTypes,https://private-7c7dfe99.mintlify.app/reference/formats/LineAsString/LineAsStringWithNamesAndTypes,matched,8742e923d01dd09d,true,8742e923d01dd09d,2026-05-09T09:39:38+00:00,false
/interfaces/formats/Markdown,docs/interfaces/formats/Markdown.md,reference/formats/Markdown.mdx,https://clickhouse.com/docs/interfaces/formats/Markdown,https://private-7c7dfe99.mintlify.app/reference/formats/Markdown,matched,85b1114daba44b00,false,,,false
/interfaces/formats/MsgPack,docs/interfaces/formats/MsgPack.md,reference/formats/MsgPack.mdx,https://clickhouse.com/docs/interfaces/formats/MsgPack,https://private-7c7dfe99.mintlify.app/reference/formats/MsgPack,matched,948846a8743f4a90,true,948846a8743f4a90,2026-05-07T15:41:11+00:00,false
/interfaces/formats/MySQLDump,docs/interfaces/formats/MySQLDump.md,reference/formats/MySQLDump.mdx,https://clickhouse.com/docs/interfaces/formats/MySQLDump,https://private-7c7dfe99.mintlify.app/reference/formats/MySQLDump,matched,ac6f44e72647bc38,true,ac6f44e72647bc38,2026-05-08T09:09:20+00:00,false
/interfaces/formats/MySQLWire,docs/interfaces/formats/MySQLWire.md,reference/formats/MySQLWire.mdx,https://clickhouse.com/docs/interfaces/formats/MySQLWire,https://private-7c7dfe99.mintlify.app/reference/formats/MySQLWire,matched,488ca0a5b4cba0af,false,,,false
/interfaces/formats/Native,docs/interfaces/formats/Native.md,reference/formats/Native.mdx,https://clickhouse.com/docs/interfaces/formats/Native,https://private-7c7dfe99.mintlify.app/reference/formats/Native,matched,d900939a969da7d4,true,d900939a969da7d4,2026-05-08T09:09:20+00:00,false
/interfaces/formats/Npy,docs/interfaces/formats/Npy.md,reference/formats/Npy.mdx,https://clickhouse.com/docs/interfaces/formats/Npy,https://private-7c7dfe99.mintlify.app/reference/formats/Npy,matched,da8c2bbfc6c34aa9,true,da8c2bbfc6c34aa9,2026-05-07T14:49:41+00:00,false
/interfaces/formats/Null,docs/interfaces/formats/Null.md,reference/formats/Null.mdx,https://clickhouse.com/docs/interfaces/formats/Null,https://private-7c7dfe99.mintlify.app/reference/formats/Null,matched,f80ac33db9f2499e,true,f80ac33db9f2499e,2026-05-08T09:09:20+00:00,false
/interfaces/formats/ODBCDriver2,docs/interfaces/formats/ODBCDriver2.md,reference/formats/ODBCDriver2.mdx,https://clickhouse.com/docs/interfaces/formats/ODBCDriver2,https://private-7c7dfe99.mintlify.app/reference/formats/ODBCDriver2,matched,1724335ae6c5171c,false,,,false
/interfaces/formats/ORC,docs/interfaces/formats/ORC.md,reference/formats/ORC.mdx,https://clickhouse.com/docs/interfaces/formats/ORC,https://private-7c7dfe99.mintlify.app/reference/formats/ORC,matched,3344d9c5165b7b63,true,3344d9c5165b7b63,2026-05-08T09:09:20+00:00,false
/interfaces/formats/One,docs/interfaces/formats/One.md,reference/formats/One.mdx,https://clickhouse.com/docs/interfaces/formats/One,https://private-7c7dfe99.mintlify.app/reference/formats/One,matched,b6e7b7146868d159,true,b6e7b7146868d159,2026-05-07T14:49:41+00:00,false
/interfaces/formats/Parquet,docs/interfaces/formats/Parquet/Parquet.md,reference/formats/Parquet/Parquet.mdx,https://clickhouse.com/docs/interfaces/formats/Parquet,https://private-7c7dfe99.mintlify.app/reference/formats/Parquet/Parquet,matched,b490e7db2c2d91b3,true,b490e7db2c2d91b3,2026-05-08T09:09:20+00:00,false
/interfaces/formats/ParquetMetadata,docs/interfaces/formats/Parquet/ParquetMetadata.md,reference/formats/Parquet/ParquetMetadata.mdx,https://clickhouse.com/docs/interfaces/formats/ParquetMetadata,https://private-7c7dfe99.mintlify.app/reference/formats/Parquet/ParquetMetadata,matched,9b6474c5f66a5e77,false,,,false
/interfaces/formats/PostgreSQLWire,docs/interfaces/formats/PostgreSQLWire.md,reference/formats/PostgreSQLWire.mdx,https://clickhouse.com/docs/interfaces/formats/PostgreSQLWire,https://private-7c7dfe99.mintlify.app/reference/formats/PostgreSQLWire,matched,ce873407eda99fea,false,,,false
/interfaces/formats/Pretty,docs/interfaces/formats/Pretty/Pretty.md,reference/formats/Pretty/Pretty.mdx,https://clickhouse.com/docs/interfaces/formats/Pretty,https://private-7c7dfe99.mintlify.app/reference/formats/Pretty/Pretty,matched,1691e237ea64aaca,true,1691e237ea64aaca,2026-05-09T09:39:38+00:00,false
/interfaces/formats/PrettyCompact,docs/interfaces/formats/Pretty/PrettyCompact.md,reference/formats/Pretty/PrettyCompact.mdx,https://clickhouse.com/docs/interfaces/formats/PrettyCompact,https://private-7c7dfe99.mintlify.app/reference/formats/Pretty/PrettyCompact,matched,1fee80d8af00c415,true,1fee80d8af00c415,2026-05-09T09:39:38+00:00,false
/interfaces/formats/PrettyCompactMonoBlock,docs/interfaces/formats/Pretty/PrettyCompactMonoBlock.md,reference/formats/Pretty/PrettyCompactMonoBlock.mdx,https://clickhouse.com/docs/interfaces/formats/PrettyCompactMonoBlock,https://private-7c7dfe99.mintlify.app/reference/formats/Pretty/PrettyCompactMonoBlock,matched,af620cd5ed38d265,true,af620cd5ed38d265,2026-05-09T09:39:38+00:00,false
/interfaces/formats/PrettyCompactNoEscapes,docs/interfaces/formats/Pretty/PrettyCompactNoEscapes.md,reference/formats/Pretty/PrettyCompactNoEscapes.mdx,https://clickhouse.com/docs/interfaces/formats/PrettyCompactNoEscapes,https://private-7c7dfe99.mintlify.app/reference/formats/Pretty/PrettyCompactNoEscapes,matched,e97df2367ee337a5,true,e97df2367ee337a5,2026-05-09T09:39:38+00:00,false
/interfaces/formats/PrettyCompactNoEscapesMonoBlock,docs/interfaces/formats/Pretty/PrettyCompactNoEscapesMonoBlock.md,reference/formats/Pretty/PrettyCompactNoEscapesMonoBlock.mdx,https://clickhouse.com/docs/interfaces/formats/PrettyCompactNoEscapesMonoBlock,https://private-7c7dfe99.mintlify.app/reference/formats/Pretty/PrettyCompactNoEscapesMonoBlock,matched,c61769f8b34a280f,true,c61769f8b34a280f,2026-05-09T09:39:38+00:00,false
/interfaces/formats/PrettyJSONEachRow,docs/interfaces/formats/JSON/PrettyJSONEachRow.md,reference/formats/JSON/PrettyJSONEachRow.mdx,https://clickhouse.com/docs/interfaces/formats/PrettyJSONEachRow,https://private-7c7dfe99.mintlify.app/reference/formats/JSON/PrettyJSONEachRow,matched,fe2aceb75f41309c,true,fe2aceb75f41309c,2026-05-09T09:39:38+00:00,false
/interfaces/formats/PrettyMonoBlock,docs/interfaces/formats/Pretty/PrettyMonoBlock.md,reference/formats/Pretty/PrettyMonoBlock.mdx,https://clickhouse.com/docs/interfaces/formats/PrettyMonoBlock,https://private-7c7dfe99.mintlify.app/reference/formats/Pretty/PrettyMonoBlock,matched,40371c6acad07196,true,40371c6acad07196,2026-05-09T09:39:38+00:00,false
/interfaces/formats/PrettyNoEscapes,docs/interfaces/formats/Pretty/PrettyNoEscapes.md,reference/formats/Pretty/PrettyNoEscapes.mdx,https://clickhouse.com/docs/interfaces/formats/PrettyNoEscapes,https://private-7c7dfe99.mintlify.app/reference/formats/Pretty/PrettyNoEscapes,matched,d3721cad34be7ac8,true,d3721cad34be7ac8,2026-05-09T09:39:38+00:00,false
/interfaces/formats/PrettyNoEscapesMonoBlock,docs/interfaces/formats/Pretty/PrettyNoEscapesMonoBlock.md,reference/formats/Pretty/PrettyNoEscapesMonoBlock.mdx,https://clickhouse.com/docs/interfaces/formats/PrettyNoEscapesMonoBlock,https://private-7c7dfe99.mintlify.app/reference/formats/Pretty/PrettyNoEscapesMonoBlock,matched,a35e75c19a0f228c,true,a35e75c19a0f228c,2026-05-09T09:39:38+00:00,false
/interfaces/formats/PrettySpace,docs/interfaces/formats/Pretty/PrettySpace.md,reference/formats/Pretty/PrettySpace.mdx,https://clickhouse.com/docs/interfaces/formats/PrettySpace,https://private-7c7dfe99.mintlify.app/reference/formats/Pretty/PrettySpace,matched,28f4800b7936b39a,true,28f4800b7936b39a,2026-05-09T09:39:38+00:00,false
/interfaces/formats/PrettySpaceMonoBlock,docs/interfaces/formats/Pretty/PrettySpaceMonoBlock.md,reference/formats/Pretty/PrettySpaceMonoBlock.mdx,https://clickhouse.com/docs/interfaces/formats/PrettySpaceMonoBlock,https://private-7c7dfe99.mintlify.app/reference/formats/Pretty/PrettySpaceMonoBlock,matched,77a1b67ca7c88505,true,77a1b67ca7c88505,2026-05-09T09:39:38+00:00,false
/interfaces/formats/PrettySpaceNoEscapes,docs/interfaces/formats/Pretty/PrettySpaceNoEscapes.md,reference/formats/Pretty/PrettySpaceNoEscapes.mdx,https://clickhouse.com/docs/interfaces/formats/PrettySpaceNoEscapes,https://private-7c7dfe99.mintlify.app/reference/formats/Pretty/PrettySpaceNoEscapes,matched,3f956529d3724204,true,3f956529d3724204,2026-05-09T09:39:38+00:00,false
/interfaces/formats/PrettySpaceNoEscapesMonoBlock,docs/interfaces/formats/Pretty/PrettySpaceNoEscapesMonoBlock.md,reference/formats/Pretty/PrettySpaceNoEscapesMonoBlock.mdx,https://clickhouse.com/docs/interfaces/formats/PrettySpaceNoEscapesMonoBlock,https://private-7c7dfe99.mintlify.app/reference/formats/Pretty/PrettySpaceNoEscapesMonoBlock,matched,aba92e4ddf93c8ac,true,aba92e4ddf93c8ac,2026-05-09T09:39:38+00:00,false
/interfaces/formats/Prometheus,docs/interfaces/formats/Prometheus.md,reference/formats/Prometheus.mdx,https://clickhouse.com/docs/interfaces/formats/Prometheus,https://private-7c7dfe99.mintlify.app/reference/formats/Prometheus,matched,72f38826fa27979a,true,72f38826fa27979a,2026-05-07T14:49:41+00:00,false
/interfaces/formats/Protobuf,docs/interfaces/formats/Protobuf/Protobuf.md,reference/formats/Protobuf/Protobuf.mdx,https://clickhouse.com/docs/interfaces/formats/Protobuf,https://private-7c7dfe99.mintlify.app/reference/formats/Protobuf/Protobuf,matched,d81d1d65b756efb0,true,d81d1d65b756efb0,2026-05-08T09:09:20+00:00,false
/interfaces/formats/ProtobufList,docs/interfaces/formats/Protobuf/ProtobufList.md,reference/formats/Protobuf/ProtobufList.mdx,https://clickhouse.com/docs/interfaces/formats/ProtobufList,https://private-7c7dfe99.mintlify.app/reference/formats/Protobuf/ProtobufList,matched,e99d4f3c7174e773,true,e99d4f3c7174e773,2026-05-08T09:09:20+00:00,false
/interfaces/formats/ProtobufSingle,docs/interfaces/formats/Protobuf/ProtobufSingle.md,reference/formats/Protobuf/ProtobufSingle.mdx,https://clickhouse.com/docs/interfaces/formats/ProtobufSingle,https://private-7c7dfe99.mintlify.app/reference/formats/Protobuf/ProtobufSingle,matched,6c958d1bfa513f4a,true,6c958d1bfa513f4a,2026-05-08T09:09:20+00:00,false
/interfaces/formats/RawBLOB,docs/interfaces/formats/RawBLOB.md,reference/formats/RawBLOB.mdx,https://clickhouse.com/docs/interfaces/formats/RawBLOB,https://private-7c7dfe99.mintlify.app/reference/formats/RawBLOB,matched,d344c46f769e848e,true,d344c46f769e848e,2026-05-07T14:49:41+00:00,false
/interfaces/formats/Regexp,docs/interfaces/formats/Regexp.md,reference/formats/Regexp.mdx,https://clickhouse.com/docs/interfaces/formats/Regexp,https://private-7c7dfe99.mintlify.app/reference/formats/Regexp,matched,b55f055c6ea29801,true,b55f055c6ea29801,2026-05-07T15:41:11+00:00,false
/interfaces/formats/RowBinary,docs/interfaces/formats/RowBinary/RowBinary.md,reference/formats/RowBinary/RowBinary.mdx,https://clickhouse.com/docs/interfaces/formats/RowBinary,https://private-7c7dfe99.mintlify.app/reference/formats/RowBinary/RowBinary,matched,687bad02e366f12b,true,687bad02e366f12b,2026-05-09T09:39:38+00:00,false
/interfaces/formats/RowBinaryWithDefaults,docs/interfaces/formats/RowBinary/RowBinaryWithDefaults.md,reference/formats/RowBinary/RowBinaryWithDefaults.mdx,https://clickhouse.com/docs/interfaces/formats/RowBinaryWithDefaults,https://private-7c7dfe99.mintlify.app/reference/formats/RowBinary/RowBinaryWithDefaults,matched,e6b73b30c4502fd5,true,e6b73b30c4502fd5,2026-05-09T09:39:38+00:00,false
/interfaces/formats/RowBinaryWithNames,docs/interfaces/formats/RowBinary/RowBinaryWithNames.md,reference/formats/RowBinary/RowBinaryWithNames.mdx,https://clickhouse.com/docs/interfaces/formats/RowBinaryWithNames,https://private-7c7dfe99.mintlify.app/reference/formats/RowBinary/RowBinaryWithNames,matched,2a83ac2cbaf9b2ed,true,2a83ac2cbaf9b2ed,2026-05-09T09:39:38+00:00,false
/interfaces/formats/RowBinaryWithNamesAndTypes,docs/interfaces/formats/RowBinary/RowBinaryWithNamesAndTypes.md,reference/formats/RowBinary/RowBinaryWithNamesAndTypes.mdx,https://clickhouse.com/docs/interfaces/formats/RowBinaryWithNamesAndTypes,https://private-7c7dfe99.mintlify.app/reference/formats/RowBinary/RowBinaryWithNamesAndTypes,matched,3c8db57986756c0b,true,3c8db57986756c0b,2026-05-09T09:39:38+00:00,false
/interfaces/formats/SQLInsert,docs/interfaces/formats/SQLInsert.md,reference/formats/SQLInsert.mdx,https://clickhouse.com/docs/interfaces/formats/SQLInsert,https://private-7c7dfe99.mintlify.app/reference/formats/SQLInsert,matched,2a5bbf839d622f7e,true,2a5bbf839d622f7e,2026-05-07T14:49:41+00:00,false
/interfaces/formats/TSKV,docs/interfaces/formats/TabSeparated/TSKV.md,reference/formats/TabSeparated/TSKV.mdx,https://clickhouse.com/docs/interfaces/formats/TSKV,https://private-7c7dfe99.mintlify.app/reference/formats/TabSeparated/TSKV,matched,414e7c4dfb6cd3da,true,414e7c4dfb6cd3da,2026-05-09T09:39:38+00:00,false
/interfaces/formats/TabSeparated,docs/interfaces/formats/TabSeparated/TabSeparated.md,reference/formats/TabSeparated/TabSeparated.mdx,https://clickhouse.com/docs/interfaces/formats/TabSeparated,https://private-7c7dfe99.mintlify.app/reference/formats/TabSeparated/TabSeparated,matched,d699d4175df21acc,true,d699d4175df21acc,2026-05-07T15:41:11+00:00,false
/interfaces/formats/TabSeparatedRaw,docs/interfaces/formats/TabSeparated/TabSeparatedRaw.md,reference/formats/TabSeparated/TabSeparatedRaw.mdx,https://clickhouse.com/docs/interfaces/formats/TabSeparatedRaw,https://private-7c7dfe99.mintlify.app/reference/formats/TabSeparated/TabSeparatedRaw,matched,8640bb0e91d0ce24,true,8640bb0e91d0ce24,2026-05-09T09:39:38+00:00,false
/interfaces/formats/TabSeparatedRawWithNames,docs/interfaces/formats/TabSeparated/TabSeparatedRawWithNames.md,reference/formats/TabSeparated/TabSeparatedRawWithNames.mdx,https://clickhouse.com/docs/interfaces/formats/TabSeparatedRawWithNames,https://private-7c7dfe99.mintlify.app/reference/formats/TabSeparated/TabSeparatedRawWithNames,matched,8e9c8e608b5e9c9e,true,8e9c8e608b5e9c9e,2026-05-08T09:09:20+00:00,false
/interfaces/formats/TabSeparatedRawWithNamesAndTypes,docs/interfaces/formats/TabSeparated/TabSeparatedRawWithNamesAndTypes.md,reference/formats/TabSeparated/TabSeparatedRawWithNamesAndTypes.mdx,https://clickhouse.com/docs/interfaces/formats/TabSeparatedRawWithNamesAndTypes,https://private-7c7dfe99.mintlify.app/reference/formats/TabSeparated/TabSeparatedRawWithNamesAndTypes,matched,6526c7597b3e43df,true,6526c7597b3e43df,2026-05-08T09:09:20+00:00,false
/interfaces/formats/TabSeparatedWithNames,docs/interfaces/formats/TabSeparated/TabSeparatedWithNames.md,reference/formats/TabSeparated/TabSeparatedWithNames.mdx,https://clickhouse.com/docs/interfaces/formats/TabSeparatedWithNames,https://private-7c7dfe99.mintlify.app/reference/formats/TabSeparated/TabSeparatedWithNames,matched,71530532e2635ead,true,71530532e2635ead,2026-05-09T09:39:38+00:00,false
/interfaces/formats/TabSeparatedWithNamesAndTypes,docs/interfaces/formats/TabSeparated/TabSeparatedWithNamesAndTypes.md,reference/formats/TabSeparated/TabSeparatedWithNamesAndTypes.mdx,https://clickhouse.com/docs/interfaces/formats/TabSeparatedWithNamesAndTypes,https://private-7c7dfe99.mintlify.app/reference/formats/TabSeparated/TabSeparatedWithNamesAndTypes,matched,79af085e05f9fd13,true,79af085e05f9fd13,2026-05-09T09:39:38+00:00,false
/interfaces/formats/Template,docs/interfaces/formats/Template/Template.md,reference/formats/Template/Template.mdx,https://clickhouse.com/docs/interfaces/formats/Template,https://private-7c7dfe99.mintlify.app/reference/formats/Template/Template,matched,32e97893f5bdae1c,true,32e97893f5bdae1c,2026-05-08T09:09:20+00:00,false
/interfaces/formats/TemplateIgnoreSpaces,docs/interfaces/formats/Template/TemplateIgnoreSpaces.md,reference/formats/Template/TemplateIgnoreSpaces.mdx,https://clickhouse.com/docs/interfaces/formats/TemplateIgnoreSpaces,https://private-7c7dfe99.mintlify.app/reference/formats/Template/TemplateIgnoreSpaces,matched,190e7c7b34bba92c,true,190e7c7b34bba92c,2026-05-08T09:09:20+00:00,false
/interfaces/formats/Values,docs/interfaces/formats/Values.md,reference/formats/Values.mdx,https://clickhouse.com/docs/interfaces/formats/Values,https://private-7c7dfe99.mintlify.app/reference/formats/Values,matched,635a54eaaef6f5e7,true,635a54eaaef6f5e7,2026-05-09T09:39:38+00:00,false
/interfaces/formats/Vertical,docs/interfaces/formats/Vertical.md,reference/formats/Vertical.mdx,https://clickhouse.com/docs/interfaces/formats/Vertical,https://private-7c7dfe99.mintlify.app/reference/formats/Vertical,matched,3de10984a294ee3a,true,3de10984a294ee3a,2026-05-07T14:49:41+00:00,false
/interfaces/formats/XML,docs/interfaces/formats/XML.md,reference/formats/XML.mdx,https://clickhouse.com/docs/interfaces/formats/XML,https://private-7c7dfe99.mintlify.app/reference/formats/XML,matched,f33dc7dd4c81c9ff,true,f33dc7dd4c81c9ff,2026-05-07T14:49:41+00:00,false
/interfaces/grpc,docs/integrations/interfaces/grpc.md,integrations/connectors/data-integrations/drivers-and-interfaces/grpc.mdx,https://clickhouse.com/docs/interfaces/grpc,https://private-7c7dfe99.mintlify.app/integrations/connectors/data-integrations/drivers-and-interfaces/grpc,matched,972a3d58a13d5f32,true,972a3d58a13d5f32,2026-05-08T13:01:57+00:00,false
/interfaces/http,docs/integrations/interfaces/http.md,integrations/connectors/data-integrations/drivers-and-interfaces/http.mdx,https://clickhouse.com/docs/interfaces/http,https://private-7c7dfe99.mintlify.app/integrations/connectors/data-integrations/drivers-and-interfaces/http,matched,a26f7c7e0b5565b2,true,a26f7c7e0b5565b2,2026-05-08T09:09:20+00:00,false
/interfaces/jdbc,docs/integrations/interfaces/jdbc.md,integrations/connectors/data-integrations/drivers-and-interfaces/jdbc.mdx,https://clickhouse.com/docs/interfaces/jdbc,https://private-7c7dfe99.mintlify.app/integrations/connectors/data-integrations/drivers-and-interfaces/jdbc,matched,cfce448da448f5c7,true,cfce448da448f5c7,2026-05-08T09:09:20+00:00,false
/interfaces/mysql,docs/integrations/interfaces/mysql.md,integrations/connectors/data-integrations/drivers-and-interfaces/mysql.mdx,https://clickhouse.com/docs/interfaces/mysql,https://private-7c7dfe99.mintlify.app/integrations/connectors/data-integrations/drivers-and-interfaces/mysql,matched,de14b44afeedd37f,true,de14b44afeedd37f,2026-05-08T11:53:27+00:00,false
/interfaces/natives-clients-and-interfaces,docs/interfaces/native-clients-interfaces-index.md,integrations/connectors/data-integrations/drivers-and-interfaces/native-clients-interfaces-index.mdx,https://clickhouse.com/docs/interfaces/natives-clients-and-interfaces,https://private-7c7dfe99.mintlify.app/integrations/connectors/data-integrations/drivers-and-interfaces/native-clients-interfaces-index,matched,0a4d9b4b27962280,true,0a4d9b4b27962280,2026-05-08T09:09:20+00:00,false
/interfaces/odbc,docs/integrations/interfaces/odbc.md,integrations/connectors/data-integrations/drivers-and-interfaces/odbc.mdx,https://clickhouse.com/docs/interfaces/odbc,https://private-7c7dfe99.mintlify.app/integrations/connectors/data-integrations/drivers-and-interfaces/odbc,matched,bb85adf30520ced6,true,bb85adf30520ced6,2026-05-09T11:14:51+00:00,false
/interfaces/overview,docs/integrations/interfaces/overview.md,integrations/connectors/data-integrations/drivers-and-interfaces/overview.mdx,https://clickhouse.com/docs/interfaces/overview,https://private-7c7dfe99.mintlify.app/integrations/connectors/data-integrations/drivers-and-interfaces/overview,matched,922c595b644efa83,true,922c595b644efa83,2026-05-09T09:39:38+00:00,false
/interfaces/postgresql,docs/integrations/interfaces/postgresql.md,integrations/connectors/data-integrations/drivers-and-interfaces/postgresql.mdx,https://clickhouse.com/docs/interfaces/postgresql,https://private-7c7dfe99.mintlify.app/integrations/connectors/data-integrations/drivers-and-interfaces/postgresql,matched,3b3e0a1f7ddb7471,true,3b3e0a1f7ddb7471,2026-05-08T09:09:20+00:00,false
/interfaces/prometheus,docs/integrations/interfaces/prometheus.md,integrations/connectors/data-integrations/drivers-and-interfaces/prometheus.mdx,https://clickhouse.com/docs/interfaces/prometheus,https://private-7c7dfe99.mintlify.app/integrations/connectors/data-integrations/drivers-and-interfaces/prometheus,matched,d10ca35ac3147e57,true,d10ca35ac3147e57,2026-05-08T09:09:20+00:00,false
/interfaces/schema-inference,docs/interfaces/schema-inference.md,integrations/connectors/data-integrations/drivers-and-interfaces/schema-inference.mdx,https://clickhouse.com/docs/interfaces/schema-inference,https://private-7c7dfe99.mintlify.app/integrations/connectors/data-integrations/drivers-and-interfaces/schema-inference,matched,17beaee611da9df4,true,17beaee611da9df4,2026-05-08T13:01:57+00:00,false
/interfaces/ssh,docs/integrations/interfaces/ssh.md,integrations/connectors/data-integrations/drivers-and-interfaces/ssh.mdx,https://clickhouse.com/docs/interfaces/ssh,https://private-7c7dfe99.mintlify.app/integrations/connectors/data-integrations/drivers-and-interfaces/ssh,matched,05310f7271c1ee03,true,05310f7271c1ee03,2026-05-08T09:09:20+00:00,false
/interfaces/tcp,docs/integrations/interfaces/tcp.md,integrations/connectors/data-integrations/drivers-and-interfaces/tcp.mdx,https://clickhouse.com/docs/interfaces/tcp,https://private-7c7dfe99.mintlify.app/integrations/connectors/data-integrations/drivers-and-interfaces/tcp,matched,c65c3ea67e2e1c06,true,c65c3ea67e2e1c06,2026-05-08T09:09:20+00:00,false
/interfaces/third-party/,docs/interfaces/third-party/index.md,integrations/connectors/data-integrations/drivers-and-interfaces/third-party/index.mdx,https://clickhouse.com/docs/interfaces/third-party/,https://private-7c7dfe99.mintlify.app/integrations/connectors/data-integrations/drivers-and-interfaces/third-party,matched,6449fcf1aab530d9,true,6449fcf1aab530d9,2026-05-08T11:59:43+00:00,false
/interfaces/third-party/client-libraries,docs/interfaces/third-party/client-libraries.md,integrations/language-clients/third-party/client-libraries.mdx,https://clickhouse.com/docs/interfaces/third-party/client-libraries,https://private-7c7dfe99.mintlify.app/integrations/language-clients/third-party/client-libraries,matched,53c55a2835c7f5e5,true,53c55a2835c7f5e5,2026-05-08T11:59:43+00:00,false
/interfaces/third-party/gui,docs/interfaces/third-party/gui.md,integrations/connectors/tools/gui.mdx,https://clickhouse.com/docs/interfaces/third-party/gui,https://private-7c7dfe99.mintlify.app/integrations/connectors/tools/gui,matched,66d69851b59c38ad,true,66d69851b59c38ad,2026-05-08T11:59:43+00:00,false
/interfaces/third-party/integrations,docs/interfaces/third-party/integrations.md,integrations/connectors/tools/third-party-libraries.mdx,https://clickhouse.com/docs/interfaces/third-party/integrations,https://private-7c7dfe99.mintlify.app/integrations/connectors/tools/third-party-libraries,matched,69e391ff6463d09b,true,69e391ff6463d09b,2026-05-08T11:59:43+00:00,false
/interfaces/third-party/moose-olap,docs/integrations/language-clients/moose-olap.md,integrations/language-clients/third-party/moose-olap.mdx,https://clickhouse.com/docs/interfaces/third-party/moose-olap,https://private-7c7dfe99.mintlify.app/integrations/language-clients/third-party/moose-olap,matched,7fcc162cac8f6a59,true,7fcc162cac8f6a59,2026-05-08T09:16:50+00:00,false
/interfaces/third-party/proxy,docs/interfaces/third-party/proxy.md,integrations/connectors/tools/proxy.mdx,https://clickhouse.com/docs/interfaces/third-party/proxy,https://private-7c7dfe99.mintlify.app/integrations/connectors/tools/proxy,matched,3a0381755f449a50,true,3a0381755f449a50,2026-05-08T11:59:43+00:00,false
/intro,docs/intro.md,get-started/about/intro.mdx,https://clickhouse.com/docs/intro,https://private-7c7dfe99.mintlify.app/get-started/about/intro,matched,ffe506c24865d5fd,true,ffe506c24865d5fd,2026-05-08T20:59:47+00:00,false
/introduction-clickhouse,docs/introduction-index.md,,https://clickhouse.com/docs/introduction-clickhouse,,unmatched,dc72366dcf698c0d,false,,,false
/knowledgebase/Insert_select_settings_tuning,knowledgebase/Insert_select_settings_tuning.mdx,,https://clickhouse.com/docs/knowledgebase/Insert_select_settings_tuning,,unmatched,a0801c6bb244ad72,false,,,false
/knowledgebase/ODBC-authentication-failed-error-using-PowerBI-CH-connector,knowledgebase/ODBC-authentication-failed-error-using-PowerBI-CH-connector.mdx,resources/support-center/knowledge-base/integrations/ODBC-authentication-failed-error-using-PowerBI-CH-connector.mdx,https://clickhouse.com/docs/knowledgebase/ODBC-authentication-failed-error-using-PowerBI-CH-connector,https://private-7c7dfe99.mintlify.app/resources/support-center/knowledge-base/integrations/ODBC-authentication-failed-error-using-PowerBI-CH-connector,matched,3d443c4abc73eddf,false,,,false
/knowledgebase/about-quotas-and-query-complexity,knowledgebase/about-quotas-and-query-complexity.mdx,resources/support-center/knowledge-base/configuration-settings/about-quotas-and-query-complexity.mdx,https://clickhouse.com/docs/knowledgebase/about-quotas-and-query-complexity,https://private-7c7dfe99.mintlify.app/resources/support-center/knowledge-base/configuration-settings/about-quotas-and-query-complexity,matched,b4b191db3e0a1686,false,,,false
/knowledgebase/add-column,knowledgebase/add-column.mdx,resources/support-center/knowledge-base/tables-schema/add-column.mdx,https://clickhouse.com/docs/knowledgebase/add-column,https://private-7c7dfe99.mintlify.app/resources/support-center/knowledge-base/tables-schema/add-column,matched,dc123045c6b5042b,false,,,false
/knowledgebase/alter-user-settings-exception,knowledgebase/alter-user-settings-exception.mdx,resources/support-center/knowledge-base/configuration-settings/alter-user-settings-exception.mdx,https://clickhouse.com/docs/knowledgebase/alter-user-settings-exception,https://private-7c7dfe99.mintlify.app/resources/support-center/knowledge-base/configuration-settings/alter-user-settings-exception,matched,27c7a63e2afca841,false,,,false
/knowledgebase/are_materialized_views_inserted_asynchronously,knowledgebase/are_materialized_views_inserted_asynchronously.mdx,,https://clickhouse.com/docs/knowledgebase/are_materialized_views_inserted_asynchronously,,unmatched,26bab87ac6555b58,false,,,false
/knowledgebase/async_vs_optimize_read_in_order,knowledgebase/async_vs_optimize_read_in_order.mdx,,https://clickhouse.com/docs/knowledgebase/async_vs_optimize_read_in_order,,unmatched,f5263d91719fc0aa,false,,,false
/knowledgebase/aws-privatelink-setup-for-clickpipes,knowledgebase/aws-privatelink-setup-for-clickpipes.mdx,resources/support-center/knowledge-base/cloud-services/aws-privatelink-setup-for-clickpipes.mdx,https://clickhouse.com/docs/knowledgebase/aws-privatelink-setup-for-clickpipes,https://private-7c7dfe99.mintlify.app/resources/support-center/knowledge-base/cloud-services/aws-privatelink-setup-for-clickpipes,matched,c8ec9fc9c8400c3e,false,,,false
/knowledgebase/aws-privatelink-setup-for-msk-clickpipes,knowledgebase/aws-privatelink-setup-for-msk-clickpipes.mdx,resources/support-center/knowledge-base/cloud-services/aws-privatelink-setup-for-msk-clickpipes.mdx,https://clickhouse.com/docs/knowledgebase/aws-privatelink-setup-for-msk-clickpipes,https://private-7c7dfe99.mintlify.app/resources/support-center/knowledge-base/cloud-services/aws-privatelink-setup-for-msk-clickpipes,matched,e5f73b56509c94c8,false,,,false
/knowledgebase/backing_up_a_specific_partition,knowledgebase/backing_up_a_specific_partition.mdx,,https://clickhouse.com/docs/knowledgebase/backing_up_a_specific_partition,,unmatched,eb1beb44798239cd,false,,,false
/knowledgebase/calculate-pi-using-sql,knowledgebase/calculate-pi-using-sql.mdx,resources/support-center/knowledge-base/queries-sql/calculate-pi-using-sql.mdx,https://clickhouse.com/docs/knowledgebase/calculate-pi-using-sql,https://private-7c7dfe99.mintlify.app/resources/support-center/knowledge-base/queries-sql/calculate-pi-using-sql,matched,4158e73583a46ee6,false,,,false
/knowledgebase/calculate_ratio_of_zero_sparse_serialization,knowledgebase/calculate_ratio_of_zero_sparse_serialization.mdx,,https://clickhouse.com/docs/knowledgebase/calculate_ratio_of_zero_sparse_serialization,,unmatched,720c459362ca150d,false,,,false
/knowledgebase/cannot-append-data-to-parquet-format,knowledgebase/cannot-append-data-to-parquet-format.mdx,resources/support-center/knowledge-base/data-import-export/cannot-append-data-to-parquet-format.mdx,https://clickhouse.com/docs/knowledgebase/cannot-append-data-to-parquet-format,https://private-7c7dfe99.mintlify.app/resources/support-center/knowledge-base/data-import-export/cannot-append-data-to-parquet-format,matched,cc59400f1e7b6cc7,false,,,false
/knowledgebase/certificate_verify_failed_error,knowledgebase/certificate_verify_failed_error.mdx,,https://clickhouse.com/docs/knowledgebase/certificate_verify_failed_error,,unmatched,675e12d63a5beef8,false,,,false
/knowledgebase/change-billing-email,knowledgebase/change-billing-email.mdx,resources/support-center/knowledge-base/cloud-services/change-billing-email.mdx,https://clickhouse.com/docs/knowledgebase/change-billing-email,https://private-7c7dfe99.mintlify.app/resources/support-center/knowledge-base/cloud-services/change-billing-email,matched,ba98a569e23d5a0b,false,,,false
/knowledgebase/change-the-prompt-in-clickhouse-client,knowledgebase/change-the-prompt-in-clickhouse-client.mdx,resources/support-center/knowledge-base/configuration-settings/change-the-prompt-in-clickhouse-client.mdx,https://clickhouse.com/docs/knowledgebase/change-the-prompt-in-clickhouse-client,https://private-7c7dfe99.mintlify.app/resources/support-center/knowledge-base/configuration-settings/change-the-prompt-in-clickhouse-client,matched,a29ff4b6f7e821d9,false,,,false
/knowledgebase/check-query-cache-in-use,knowledgebase/check-query-cache-in-use.mdx,resources/support-center/knowledge-base/monitoring-debugging/check-query-cache-in-use.mdx,https://clickhouse.com/docs/knowledgebase/check-query-cache-in-use,https://private-7c7dfe99.mintlify.app/resources/support-center/knowledge-base/monitoring-debugging/check-query-cache-in-use,matched,82625a723fba7e62,false,,,false
/knowledgebase/check_query_processing_time_only,knowledgebase/check_query_processing_time_only.mdx,,https://clickhouse.com/docs/knowledgebase/check_query_processing_time_only,,unmatched,b4657b26faf846e5,false,,,false
/knowledgebase/check_users_roles,knowledgebase/check_users_roles.mdx,,https://clickhouse.com/docs/knowledgebase/check_users_roles,,unmatched,aa3e533069b101ec,false,,,false
/knowledgebase/clickhouse_cloud_api_usage,knowledgebase/clickhouse_cloud_api_usage.mdx,,https://clickhouse.com/docs/knowledgebase/clickhouse_cloud_api_usage,,unmatched,4719caa724ba0e2a,false,,,false
/knowledgebase/collect-and-draw-traces,knowledgebase/collect-and-draw-traces.mdx,,https://clickhouse.com/docs/knowledgebase/collect-and-draw-traces,,unmatched,c6c1eb1889987864,false,,,false
/knowledgebase/columnar-database,knowledgebase/columnar-database.mdx,resources/support-center/knowledge-base/general-faqs/columnar-database.mdx,https://clickhouse.com/docs/knowledgebase/columnar-database,https://private-7c7dfe99.mintlify.app/resources/support-center/knowledge-base/general-faqs/columnar-database,matched,157c626f8a13dd4d,false,,,false
/knowledgebase/common-rbac-queries,knowledgebase/common-rbac-queries.mdx,resources/support-center/knowledge-base/security/common-rbac-queries.mdx,https://clickhouse.com/docs/knowledgebase/common-rbac-queries,https://private-7c7dfe99.mintlify.app/resources/support-center/knowledge-base/security/common-rbac-queries,matched,7eab19fd44668e93,false,,,false
/knowledgebase/compare_resultsets,knowledgebase/compare_resultsets.mdx,,https://clickhouse.com/docs/knowledgebase/compare_resultsets,,unmatched,f469d58719f26704,false,,,false
/knowledgebase/comparing-metrics-between-queries,knowledgebase/comparing-metrics-between-queries.mdx,resources/support-center/knowledge-base/queries-sql/comparing-metrics-between-queries.mdx,https://clickhouse.com/docs/knowledgebase/comparing-metrics-between-queries,https://private-7c7dfe99.mintlify.app/resources/support-center/knowledge-base/queries-sql/comparing-metrics-between-queries,matched,0140ef2e17d32f74,false,,,false
/knowledgebase/configure-a-user-setting,knowledgebase/configure-a-user-setting.mdx,resources/support-center/knowledge-base/configuration-settings/configure-a-user-setting.mdx,https://clickhouse.com/docs/knowledgebase/configure-a-user-setting,https://private-7c7dfe99.mintlify.app/resources/support-center/knowledge-base/configuration-settings/configure-a-user-setting,matched,812a3afac378b6d7,false,,,false
/knowledgebase/configure_cap_ipc_lock_and_cap_sys_nice_in_docker,knowledgebase/configure_cap_ipc_lock_and_cap_sys_nice_in_docker.mdx,,https://clickhouse.com/docs/knowledgebase/configure_cap_ipc_lock_and_cap_sys_nice_in_docker,,unmatched,94ce7d6626e94f91,false,,,false
/knowledgebase/connection_timeout_remote_remoteSecure,knowledgebase/connection_timeout_remote_remoteSecure.mdx,,https://clickhouse.com/docs/knowledgebase/connection_timeout_remote_remoteSecure,,unmatched,d745f7b346b2c1bf,false,,,false
/knowledgebase/count-parts-by-type,knowledgebase/count-parts-by-type.mdx,resources/support-center/knowledge-base/troubleshooting/count-parts-by-type.mdx,https://clickhouse.com/docs/knowledgebase/count-parts-by-type,https://private-7c7dfe99.mintlify.app/resources/support-center/knowledge-base/troubleshooting/count-parts-by-type,matched,cf0b12ff0323c6a4,false,,,false
/knowledgebase/custom-dns-alias-for-instance,knowledgebase/custom-dns-alias-for-instance.mdx,resources/support-center/knowledge-base/cloud-services/custom-dns-alias-for-instance.mdx,https://clickhouse.com/docs/knowledgebase/custom-dns-alias-for-instance,https://private-7c7dfe99.mintlify.app/resources/support-center/knowledge-base/cloud-services/custom-dns-alias-for-instance,matched,deeb4830e0b99b1e,false,,,false
/knowledgebase/dbms-naming,knowledgebase/dbms-naming.mdx,resources/support-center/knowledge-base/general-faqs/dbms-naming.mdx,https://clickhouse.com/docs/knowledgebase/dbms-naming,https://private-7c7dfe99.mintlify.app/resources/support-center/knowledge-base/general-faqs/dbms-naming,matched,c71c72e22f263d7e,false,,,false
/knowledgebase/delete-old-data,knowledgebase/delete-old-data.mdx,resources/support-center/knowledge-base/tables-schema/delete-old-data.mdx,https://clickhouse.com/docs/knowledgebase/delete-old-data,https://private-7c7dfe99.mintlify.app/resources/support-center/knowledge-base/tables-schema/delete-old-data,matched,79b34ec963ce2ab8,false,,,false
/knowledgebase/dictionaries-consistent-state,knowledgebase/dictionaries-consistent-state.mdx,resources/support-center/knowledge-base/data-management/dictionaries-consistent-state.mdx,https://clickhouse.com/docs/knowledgebase/dictionaries-consistent-state,https://private-7c7dfe99.mintlify.app/resources/support-center/knowledge-base/data-management/dictionaries-consistent-state,matched,35875b5d8355a345,false,,,false
/knowledgebase/dictionary_using_strings,knowledgebase/dictionary_using_strings.mdx,,https://clickhouse.com/docs/knowledgebase/dictionary_using_strings,,unmatched,f9ce484d23646e18,false,,,false
/knowledgebase/difference_between_official_builds_and_3rd_party,knowledgebase/difference_between_official_builds_and_3rd_party.mdx,,https://clickhouse.com/docs/knowledgebase/difference_between_official_builds_and_3rd_party,,unmatched,987df6e0573b5dad,false,,,false
/knowledgebase/enabling-ssl-with-lets-encrypt,knowledgebase/enabling-ssl-with-lets-encrypt.mdx,resources/support-center/knowledge-base/setup-installation/enabling-ssl-with-lets-encrypt.mdx,https://clickhouse.com/docs/knowledgebase/enabling-ssl-with-lets-encrypt,https://private-7c7dfe99.mintlify.app/resources/support-center/knowledge-base/setup-installation/enabling-ssl-with-lets-encrypt,matched,7deda54447cba9ac,false,,,false
/knowledgebase/exception-too-many-parts,knowledgebase/exception-too-many-parts.mdx,resources/support-center/knowledge-base/troubleshooting/exception-too-many-parts.mdx,https://clickhouse.com/docs/knowledgebase/exception-too-many-parts,https://private-7c7dfe99.mintlify.app/resources/support-center/knowledge-base/troubleshooting/exception-too-many-parts,matched,db61043ee1c3c508,false,,,false
/knowledgebase/exchangeStatementToSwitchTables,knowledgebase/exchangeStatementToSwitchTables.mdx,resources/support-center/knowledge-base/tables-schema/exchangeStatementToSwitchTables.mdx,https://clickhouse.com/docs/knowledgebase/exchangeStatementToSwitchTables,https://private-7c7dfe99.mintlify.app/resources/support-center/knowledge-base/tables-schema/exchangeStatementToSwitchTables,matched,9824c5507b882758,false,,,false
/knowledgebase/execute-system-queries-in-cloud,knowledgebase/execute-system-queries-in-cloud.mdx,resources/support-center/knowledge-base/cloud-services/execute-system-queries-in-cloud.mdx,https://clickhouse.com/docs/knowledgebase/execute-system-queries-in-cloud,https://private-7c7dfe99.mintlify.app/resources/support-center/knowledge-base/cloud-services/execute-system-queries-in-cloud,matched,95aa9403608d3239,false,,,false
/knowledgebase/file-export,knowledgebase/file-export.mdx,resources/support-center/knowledge-base/data-import-export/file-export.mdx,https://clickhouse.com/docs/knowledgebase/file-export,https://private-7c7dfe99.mintlify.app/resources/support-center/knowledge-base/data-import-export/file-export,matched,9280cf92c0f64187,false,,,false
/knowledgebase/filtered-aggregates,knowledgebase/filtered-aggregates.mdx,resources/support-center/knowledge-base/queries-sql/filtered-aggregates.mdx,https://clickhouse.com/docs/knowledgebase/filtered-aggregates,https://private-7c7dfe99.mintlify.app/resources/support-center/knowledge-base/queries-sql/filtered-aggregates,matched,0a7663696896ca53,false,,,false
/knowledgebase/find-expensive-queries,knowledgebase/find-expensive-queries.mdx,resources/support-center/knowledge-base/performance-optimization/find-expensive-queries.mdx,https://clickhouse.com/docs/knowledgebase/find-expensive-queries,https://private-7c7dfe99.mintlify.app/resources/support-center/knowledge-base/performance-optimization/find-expensive-queries,matched,b7b956c395ea6e55,false,,,false
/knowledgebase/finding_expensive_queries_by_memory_usage,knowledgebase/finding_expensive_queries_by_memory_usage.mdx,,https://clickhouse.com/docs/knowledgebase/finding_expensive_queries_by_memory_usage,,unmatched,42d9d42562a4f705,false,,,false
/knowledgebase/fix-developer-verification-error-in-macos,knowledgebase/fix-developer-verification-error-in-macos.mdx,resources/support-center/knowledge-base/troubleshooting/fix-developer-verification-error-in-macos.mdx,https://clickhouse.com/docs/knowledgebase/fix-developer-verification-error-in-macos,https://private-7c7dfe99.mintlify.app/resources/support-center/knowledge-base/troubleshooting/fix-developer-verification-error-in-macos,matched,2f641249f3103f78,false,,,false
/knowledgebase/generate-har-file,knowledgebase/generate-har-file.mdx,resources/support-center/knowledge-base/monitoring-debugging/generate-har-file.mdx,https://clickhouse.com/docs/knowledgebase/generate-har-file,https://private-7c7dfe99.mintlify.app/resources/support-center/knowledge-base/monitoring-debugging/generate-har-file,matched,7fe2061b7ffe48c9,false,,,false
/knowledgebase/how-do-i-contribute-code-to-clickhouse,knowledgebase/how-do-i-contribute-code-to-clickhouse.mdx,resources/support-center/knowledge-base/general-faqs/how-do-i-contribute-code-to-clickhouse.mdx,https://clickhouse.com/docs/knowledgebase/how-do-i-contribute-code-to-clickhouse,https://private-7c7dfe99.mintlify.app/resources/support-center/knowledge-base/general-faqs/how-do-i-contribute-code-to-clickhouse,matched,318568dae18d5390,false,,,false
/knowledgebase/how-to-check-my-clickhouse-cloud-sevice-state,knowledgebase/how-to-check-my-clickhouse-cloud-sevice-state.mdx,resources/support-center/knowledge-base/cloud-services/how-to-check-my-clickhouse-cloud-sevice-state.mdx,https://clickhouse.com/docs/knowledgebase/how-to-check-my-clickhouse-cloud-sevice-state,https://private-7c7dfe99.mintlify.app/resources/support-center/knowledge-base/cloud-services/how-to-check-my-clickhouse-cloud-sevice-state,matched,d2f79ac832b7a2d7,false,,,false
/knowledgebase/how-to-connect-to-ch-cloud-using-ssh-keys,knowledgebase/how-to-connect-to-ch-cloud-using-ssh-keys.mdx,resources/support-center/knowledge-base/cloud-services/how-to-connect-to-ch-cloud-using-ssh-keys.mdx,https://clickhouse.com/docs/knowledgebase/how-to-connect-to-ch-cloud-using-ssh-keys,https://private-7c7dfe99.mintlify.app/resources/support-center/knowledge-base/cloud-services/how-to-connect-to-ch-cloud-using-ssh-keys,matched,69cff4cb3337c445,false,,,false
/knowledgebase/how-to-create-table-to-query-multiple-remote-clusters,knowledgebase/how-to-create-table-to-query-multiple-remote-clusters.mdx,resources/support-center/knowledge-base/tables-schema/how-to-create-table-to-query-multiple-remote-clusters.mdx,https://clickhouse.com/docs/knowledgebase/how-to-create-table-to-query-multiple-remote-clusters,https://private-7c7dfe99.mintlify.app/resources/support-center/knowledge-base/tables-schema/how-to-create-table-to-query-multiple-remote-clusters,matched,891d96677ae49718,false,,,false
/knowledgebase/how-to-filter-a-clickhouse-table-by-an-array-column,knowledgebase/how-to-filter-a-clickhouse-table-by-an-array-column.mdx,resources/support-center/knowledge-base/queries-sql/how-to-filter-a-clickhouse-table-by-an-array-column.mdx,https://clickhouse.com/docs/knowledgebase/how-to-filter-a-clickhouse-table-by-an-array-column,https://private-7c7dfe99.mintlify.app/resources/support-center/knowledge-base/queries-sql/how-to-filter-a-clickhouse-table-by-an-array-column,matched,c393d1a8b5995f54,false,,,false
/knowledgebase/how-to-increase-thread-pool-size,knowledgebase/how-to-increase-thread-pool-size.mdx,resources/support-center/knowledge-base/setup-installation/how-to-increase-thread-pool-size.mdx,https://clickhouse.com/docs/knowledgebase/how-to-increase-thread-pool-size,https://private-7c7dfe99.mintlify.app/resources/support-center/knowledge-base/setup-installation/how-to-increase-thread-pool-size,matched,ef02a49eb6596c14,false,,,false
/knowledgebase/how-to-insert-all-rows-from-another-table,knowledgebase/how-to-insert-all-rows-from-another-table.mdx,resources/support-center/knowledge-base/queries-sql/how-to-insert-all-rows-from-another-table.mdx,https://clickhouse.com/docs/knowledgebase/how-to-insert-all-rows-from-another-table,https://private-7c7dfe99.mintlify.app/resources/support-center/knowledge-base/queries-sql/how-to-insert-all-rows-from-another-table,matched,9a5dd87bf7b22029,false,,,false
/knowledgebase/how-to-set-up-ch-on-docker-odbc-connect-mssql,knowledgebase/how-to-set-up-ch-on-docker-odbc-connect-mssql.mdx,resources/support-center/knowledge-base/integrations/how-to-set-up-ch-on-docker-odbc-connect-mssql.mdx,https://clickhouse.com/docs/knowledgebase/how-to-set-up-ch-on-docker-odbc-connect-mssql,https://private-7c7dfe99.mintlify.app/resources/support-center/knowledge-base/integrations/how-to-set-up-ch-on-docker-odbc-connect-mssql,matched,1f29d5a37e6fed39,false,,,false
/knowledgebase/how_to_display_queries_using_MV,knowledgebase/how_to_display_queries_using_MV.mdx,,https://clickhouse.com/docs/knowledgebase/how_to_display_queries_using_MV,,unmatched,b66740bd12022cce,false,,,false
/knowledgebase/how_to_use_parametrised_views,knowledgebase/how_to_use_parametrised_views.mdx,,https://clickhouse.com/docs/knowledgebase/how_to_use_parametrised_views,,unmatched,5d4659d3e6e8c514,false,,,false
/knowledgebase/ignoring-incorrect-settings,knowledgebase/ignoring-incorrect-settings.mdx,resources/support-center/knowledge-base/configuration-settings/ignoring-incorrect-settings.mdx,https://clickhouse.com/docs/knowledgebase/ignoring-incorrect-settings,https://private-7c7dfe99.mintlify.app/resources/support-center/knowledge-base/configuration-settings/ignoring-incorrect-settings,matched,84c653bd2e6590cb,false,,,false
/knowledgebase/importing-geojason-with-nested-object-array,knowledgebase/importing-geojason-with-nested-object-array.mdx,resources/support-center/knowledge-base/data-import-export/importing-geojason-with-nested-object-array.mdx,https://clickhouse.com/docs/knowledgebase/importing-geojason-with-nested-object-array,https://private-7c7dfe99.mintlify.app/resources/support-center/knowledge-base/data-import-export/importing-geojason-with-nested-object-array,matched,c93f95ca1da1b0ee,false,,,false
/knowledgebase/importing_and_working_with_JSON_array_objects,knowledgebase/importing_and_working_with_JSON_array_objects.mdx,,https://clickhouse.com/docs/knowledgebase/importing_and_working_with_JSON_array_objects,,unmatched,30382cd05cdfc447,false,,,false
/knowledgebase/improve-map-performance,knowledgebase/improve-map-performance.mdx,resources/support-center/knowledge-base/performance-optimization/improve-map-performance.mdx,https://clickhouse.com/docs/knowledgebase/improve-map-performance,https://private-7c7dfe99.mintlify.app/resources/support-center/knowledge-base/performance-optimization/improve-map-performance,matched,3c3975cd18217206,false,,,false
/knowledgebase/ingest-failures-23-9-release,knowledgebase/ingest-failures-23-9-release.mdx,resources/support-center/knowledge-base/cloud-services/ingest-failures-23-9-release.mdx,https://clickhouse.com/docs/knowledgebase/ingest-failures-23-9-release,https://private-7c7dfe99.mintlify.app/resources/support-center/knowledge-base/cloud-services/ingest-failures-23-9-release,matched,c5ef2e83c2e15155,false,,,false
/knowledgebase/ingest-parquet-files-in-s3,knowledgebase/ingest-parquet-files-in-s3.mdx,resources/support-center/knowledge-base/data-import-export/ingest-parquet-files-in-s3.mdx,https://clickhouse.com/docs/knowledgebase/ingest-parquet-files-in-s3,https://private-7c7dfe99.mintlify.app/resources/support-center/knowledge-base/data-import-export/ingest-parquet-files-in-s3,matched,75a61fac01b9a0c4,false,,,false
/knowledgebase/install-clickhouse-windows10,knowledgebase/install-clickhouse-windows10.mdx,resources/support-center/knowledge-base/setup-installation/install-clickhouse-windows10.mdx,https://clickhouse.com/docs/knowledgebase/install-clickhouse-windows10,https://private-7c7dfe99.mintlify.app/resources/support-center/knowledge-base/setup-installation/install-clickhouse-windows10,matched,96fa3e43effb19ba,false,,,false
/knowledgebase/json-import,knowledgebase/json-import.mdx,resources/support-center/knowledge-base/data-import-export/json-import.mdx,https://clickhouse.com/docs/knowledgebase/json-import,https://private-7c7dfe99.mintlify.app/resources/support-center/knowledge-base/data-import-export/json-import,matched,4e66ec48e4681668,false,,,false
/knowledgebase/json_extract_example,knowledgebase/json_extract_example.mdx,,https://clickhouse.com/docs/knowledgebase/json_extract_example,,unmatched,3ea6e01fdab2aaec,false,,,false
/knowledgebase/json_simple_example,knowledgebase/json_simple_example.mdx,,https://clickhouse.com/docs/knowledgebase/json_simple_example,,unmatched,cc687fc17daeeb33,false,,,false
/knowledgebase/kafka-clickhouse-json,knowledgebase/kafka-clickhouse-json.mdx,resources/support-center/knowledge-base/data-import-export/kafka-clickhouse-json.mdx,https://clickhouse.com/docs/knowledgebase/kafka-clickhouse-json,https://private-7c7dfe99.mintlify.app/resources/support-center/knowledge-base/data-import-export/kafka-clickhouse-json,matched,5ee021b8f49ccf1b,false,,,false
/knowledgebase/kafka-to-clickhouse-setup,knowledgebase/kafka-to-clickhouse-setup.mdx,resources/support-center/knowledge-base/data-import-export/kafka-to-clickhouse-setup.mdx,https://clickhouse.com/docs/knowledgebase/kafka-to-clickhouse-setup,https://private-7c7dfe99.mintlify.app/resources/support-center/knowledge-base/data-import-export/kafka-to-clickhouse-setup,matched,99ca8337276f2850,false,,,false
/knowledgebase/key-value,knowledgebase/key-value.mdx,resources/support-center/knowledge-base/general-faqs/key-value.mdx,https://clickhouse.com/docs/knowledgebase/key-value,https://private-7c7dfe99.mintlify.app/resources/support-center/knowledge-base/general-faqs/key-value,matched,8d2b293416240839,false,,,false
/knowledgebase/llvm-clang-up-to-date,knowledgebase/llvm-clang-up-to-date.mdx,resources/support-center/knowledge-base/setup-installation/llvm-clang-up-to-date.mdx,https://clickhouse.com/docs/knowledgebase/llvm-clang-up-to-date,https://private-7c7dfe99.mintlify.app/resources/support-center/knowledge-base/setup-installation/llvm-clang-up-to-date,matched,94c625175686dfb0,false,,,false
/knowledgebase/mapping-of-system-metrics-to-prometheus-metrics,knowledgebase/mapping-of-system-metrics-to-prometheus-metrics.mdx,resources/support-center/knowledge-base/monitoring-debugging/mapping-of-system-metrics-to-prometheus-metrics.mdx,https://clickhouse.com/docs/knowledgebase/mapping-of-system-metrics-to-prometheus-metrics,https://private-7c7dfe99.mintlify.app/resources/support-center/knowledge-base/monitoring-debugging/mapping-of-system-metrics-to-prometheus-metrics,matched,8d293de1b22941bb,false,,,false
/knowledgebase/mapreduce,knowledgebase/mapreduce.mdx,resources/support-center/knowledge-base/general-faqs/mapreduce.mdx,https://clickhouse.com/docs/knowledgebase/mapreduce,https://private-7c7dfe99.mintlify.app/resources/support-center/knowledge-base/general-faqs/mapreduce,matched,40ccc189c309d816,false,,,false
/knowledgebase/materialized-view-rollup-timeseries,docs/use-cases/time-series/06_materialized-view-rollup.mdx,guides/real-time-analytics/time-series/materialized-view-rollup.mdx,https://clickhouse.com/docs/knowledgebase/materialized-view-rollup-timeseries,https://private-7c7dfe99.mintlify.app/guides/real-time-analytics/time-series/materialized-view-rollup,matched,cbf44b30af8d3934,true,cbf44b30af8d3934,2026-05-08T09:09:20+00:00,false
/knowledgebase/maximum_number_of_tables_and_databases,knowledgebase/maximum_number_of_tables_and_databases.mdx,,https://clickhouse.com/docs/knowledgebase/maximum_number_of_tables_and_databases,,unmatched,a4494efc6991ad7d,false,,,false
/knowledgebase/memory-limit-exceeded-for-query,knowledgebase/memory-limit-exceeded-for-query.mdx,resources/support-center/knowledge-base/performance-optimization/memory-limit-exceeded-for-query.mdx,https://clickhouse.com/docs/knowledgebase/memory-limit-exceeded-for-query,https://private-7c7dfe99.mintlify.app/resources/support-center/knowledge-base/performance-optimization/memory-limit-exceeded-for-query,matched,be2b70c111bb6868,false,,,false
/knowledgebase/multi-region-replication,knowledgebase/multi-region-replication.mdx,resources/support-center/knowledge-base/cloud-services/multi-region-replication.mdx,https://clickhouse.com/docs/knowledgebase/multi-region-replication,https://private-7c7dfe99.mintlify.app/resources/support-center/knowledge-base/cloud-services/multi-region-replication,matched,5255a26915e56655,false,,,false
/knowledgebase/mysql-to-parquet-csv-json,knowledgebase/mysql-to-parquet-csv-json.mdx,resources/support-center/knowledge-base/data-import-export/mysql-to-parquet-csv-json.mdx,https://clickhouse.com/docs/knowledgebase/mysql-to-parquet-csv-json,https://private-7c7dfe99.mintlify.app/resources/support-center/knowledge-base/data-import-export/mysql-to-parquet-csv-json,matched,3a8f69d0d17e9065,false,,,false
/knowledgebase/node-js-example,knowledgebase/node-js-example.mdx,resources/support-center/knowledge-base/integrations/node-js-example.mdx,https://clickhouse.com/docs/knowledgebase/node-js-example,https://private-7c7dfe99.mintlify.app/resources/support-center/knowledge-base/integrations/node-js-example,matched,ae94f635f518e540,false,,,false
/knowledgebase/olap,knowledgebase/olap.mdx,resources/support-center/knowledge-base/general-faqs/olap.mdx,https://clickhouse.com/docs/knowledgebase/olap,https://private-7c7dfe99.mintlify.app/resources/support-center/knowledge-base/general-faqs/olap,matched,e20f9f94eb03e49c,false,,,false
/knowledgebase/opt-out-core-dump-collection,knowledgebase/opt-out-core-dump-collection.mdx,,https://clickhouse.com/docs/knowledgebase/opt-out-core-dump-collection,,unmatched,305afbbb6d384293,false,,,false
/knowledgebase/optimize_final_vs_final,knowledgebase/optimize_final_vs_final.mdx,,https://clickhouse.com/docs/knowledgebase/optimize_final_vs_final,,unmatched,046cb0e8076cf8c0,false,,,false
/knowledgebase/oracle-odbc,knowledgebase/oracle-odbc.mdx,resources/support-center/knowledge-base/integrations/oracle-odbc.mdx,https://clickhouse.com/docs/knowledgebase/oracle-odbc,https://private-7c7dfe99.mintlify.app/resources/support-center/knowledge-base/integrations/oracle-odbc,matched,e5b0ff50a5b4e2b5,false,,,false
/knowledgebase/outputSendLogsLevelTracesToFile,knowledgebase/outputSendLogsLevelTracesToFile.mdx,resources/support-center/knowledge-base/monitoring-debugging/outputSendLogsLevelTracesToFile.mdx,https://clickhouse.com/docs/knowledgebase/outputSendLogsLevelTracesToFile,https://private-7c7dfe99.mintlify.app/resources/support-center/knowledge-base/monitoring-debugging/outputSendLogsLevelTracesToFile,matched,7b366931a91740eb,false,,,false
/knowledgebase/parquet-to-csv-json,knowledgebase/parquet-to-csv-json.mdx,resources/support-center/knowledge-base/data-import-export/parquet-to-csv-json.mdx,https://clickhouse.com/docs/knowledgebase/parquet-to-csv-json,https://private-7c7dfe99.mintlify.app/resources/support-center/knowledge-base/data-import-export/parquet-to-csv-json,matched,fa37176654ae0b31,false,,,false
/knowledgebase/part_intersects_previous_part,knowledgebase/part_intersects_previous_part.mdx,,https://clickhouse.com/docs/knowledgebase/part_intersects_previous_part,,unmatched,3fadea060a820d56,false,,,false
/knowledgebase/pivot,knowledgebase/pivot.mdx,resources/support-center/knowledge-base/queries-sql/pivot.mdx,https://clickhouse.com/docs/knowledgebase/pivot,https://private-7c7dfe99.mintlify.app/resources/support-center/knowledge-base/queries-sql/pivot,matched,7a2277c1f4c5de65,false,,,false
/knowledgebase/postgresql-to-parquet-csv-json,knowledgebase/postgresql-to-parquet-csv-json.mdx,resources/support-center/knowledge-base/data-import-export/postgresql-to-parquet-csv-json.mdx,https://clickhouse.com/docs/knowledgebase/postgresql-to-parquet-csv-json,https://private-7c7dfe99.mintlify.app/resources/support-center/knowledge-base/data-import-export/postgresql-to-parquet-csv-json,matched,2af46578a95495d5,false,,,false
/knowledgebase/production,knowledgebase/production.mdx,resources/support-center/knowledge-base/setup-installation/production.mdx,https://clickhouse.com/docs/knowledgebase/production,https://private-7c7dfe99.mintlify.app/resources/support-center/knowledge-base/setup-installation/production,matched,f96e0b809311db6c,false,,,false
/knowledgebase/profiling-clickhouse-with-llvm-xray,knowledgebase/profiling-clickhouse-with-llvm-xray.mdx,resources/support-center/knowledge-base/monitoring-debugging/profiling-clickhouse-with-llvm-xray.mdx,https://clickhouse.com/docs/knowledgebase/profiling-clickhouse-with-llvm-xray,https://private-7c7dfe99.mintlify.app/resources/support-center/knowledge-base/monitoring-debugging/profiling-clickhouse-with-llvm-xray,matched,325c5dcfa90fba27,false,,,false
/knowledgebase/projection_example,knowledgebase/projection_example.mdx,,https://clickhouse.com/docs/knowledgebase/projection_example,,unmatched,4c2ab8cb337c681d,false,,,false
/knowledgebase/python-clickhouse-connect-example,knowledgebase/python-clickhouse-connect-example.mdx,resources/support-center/knowledge-base/integrations/python-clickhouse-connect-example.mdx,https://clickhouse.com/docs/knowledgebase/python-clickhouse-connect-example,https://private-7c7dfe99.mintlify.app/resources/support-center/knowledge-base/integrations/python-clickhouse-connect-example,matched,bec2f91a18ab29d7,false,,,false
/knowledgebase/python_http_requests,knowledgebase/python_http_requests.mdx,,https://clickhouse.com/docs/knowledgebase/python_http_requests,,unmatched,60b60a413c293223,false,,,false
/knowledgebase/query_max_execution_time,knowledgebase/query_max_execution_time.mdx,,https://clickhouse.com/docs/knowledgebase/query_max_execution_time,,unmatched,44a2121418c10665,false,,,false
/knowledgebase/read_consistency,knowledgebase/read_consistency.mdx,,https://clickhouse.com/docs/knowledgebase/read_consistency,,unmatched,ecb137fd1463f816,false,,,false
/knowledgebase/recovering-from-corrupt-keeper-snapshot,knowledgebase/recovering-from-corrupt-keeper-snapshot.mdx,,https://clickhouse.com/docs/knowledgebase/recovering-from-corrupt-keeper-snapshot,,unmatched,0f81e70c983cec06,false,,,false
/knowledgebase/recreate_table_across_terminals,knowledgebase/recreate_table_across_terminals.mdx,,https://clickhouse.com/docs/knowledgebase/recreate_table_across_terminals,,unmatched,fab3e9030eaa388b,false,,,false
/knowledgebase/remove-default-user,knowledgebase/remove-default-user.mdx,resources/support-center/knowledge-base/security/remove-default-user.mdx,https://clickhouse.com/docs/knowledgebase/remove-default-user,https://private-7c7dfe99.mintlify.app/resources/support-center/knowledge-base/security/remove-default-user,matched,803165c43e8eb2cc,false,,,false
/knowledgebase/restore-replica-after-storage-failure,knowledgebase/restore-replica-after-storage-failure.mdx,,https://clickhouse.com/docs/knowledgebase/restore-replica-after-storage-failure,,unmatched,9892fa9d4ee47152,false,,,false
/knowledgebase/row-column-policy,knowledgebase/row-column-policy.mdx,resources/support-center/knowledge-base/security/row-column-policy.mdx,https://clickhouse.com/docs/knowledgebase/row-column-policy,https://private-7c7dfe99.mintlify.app/resources/support-center/knowledge-base/security/row-column-policy,matched,04a1c4adbd60bd15,false,,,false
/knowledgebase/runbook-json,knowledgebase/runbook-json.mdx,,https://clickhouse.com/docs/knowledgebase/runbook-json,,unmatched,b9e2fda6899ad9c5,false,,,false
/knowledgebase/s3_export_data_year_month_folders,knowledgebase/s3_export_data_year_month_folders.mdx,,https://clickhouse.com/docs/knowledgebase/s3_export_data_year_month_folders,,unmatched,7b905336c6f75391,false,,,false
/knowledgebase/schema_migration_tools,knowledgebase/schema_migration_tools.md,,https://clickhouse.com/docs/knowledgebase/schema_migration_tools,,unmatched,31a0167fdd60f403,false,,,false
/knowledgebase/search-across-node-for-tables-with-a-wildcard,knowledgebase/search-across-node-for-tables-with-a-wildcard.mdx,resources/support-center/knowledge-base/tables-schema/search-across-node-for-tables-with-a-wildcard.mdx,https://clickhouse.com/docs/knowledgebase/search-across-node-for-tables-with-a-wildcard,https://private-7c7dfe99.mintlify.app/resources/support-center/knowledge-base/tables-schema/search-across-node-for-tables-with-a-wildcard,matched,7a7699a4379151bf,false,,,false
/knowledgebase/send_logs_level,knowledgebase/send_logs_level.mdx,,https://clickhouse.com/docs/knowledgebase/send_logs_level,,unmatched,b34875547efada96,false,,,false
/knowledgebase/terraform_example,knowledgebase/terraform_example.mdx,,https://clickhouse.com/docs/knowledgebase/terraform_example,,unmatched,48ad888591a6dabb,false,,,false
/knowledgebase/time-series,knowledgebase/time-series.mdx,resources/support-center/knowledge-base/general-faqs/time-series.mdx,https://clickhouse.com/docs/knowledgebase/time-series,https://private-7c7dfe99.mintlify.app/resources/support-center/knowledge-base/general-faqs/time-series,matched,0c0d01e2f586c0d7,false,,,false
/knowledgebase/tips-tricks-optimizing-basic-data-types-in-clickhouse,knowledgebase/tips-tricks-optimizing-basic-data-types-in-clickhouse.mdx,resources/support-center/knowledge-base/performance-optimization/tips-tricks-optimizing-basic-data-types-in-clickhouse.mdx,https://clickhouse.com/docs/knowledgebase/tips-tricks-optimizing-basic-data-types-in-clickhouse,https://private-7c7dfe99.mintlify.app/resources/support-center/knowledge-base/performance-optimization/tips-tricks-optimizing-basic-data-types-in-clickhouse,matched,193be2e12900fc92,false,,,false
/knowledgebase/unable-to-access-cloud-service,knowledgebase/unable-to-access-cloud-service.mdx,resources/support-center/knowledge-base/cloud-services/unable-to-access-cloud-service.mdx,https://clickhouse.com/docs/knowledgebase/unable-to-access-cloud-service,https://private-7c7dfe99.mintlify.app/resources/support-center/knowledge-base/cloud-services/unable-to-access-cloud-service,matched,df9135ddc19fc1bb,false,,,false
/knowledgebase/understanding-part-types-and-storage-formats,knowledgebase/understanding-part-types-and-storage-formats.mdx,,https://clickhouse.com/docs/knowledgebase/understanding-part-types-and-storage-formats,,unmatched,afb40c7d2cc36e85,false,,,false
/knowledgebase/use-clickhouse-for-log-analytics,knowledgebase/use-clickhouse-for-log-analytics.mdx,resources/support-center/knowledge-base/general-faqs/use-clickhouse-for-log-analytics.mdx,https://clickhouse.com/docs/knowledgebase/use-clickhouse-for-log-analytics,https://private-7c7dfe99.mintlify.app/resources/support-center/knowledge-base/general-faqs/use-clickhouse-for-log-analytics,matched,d5d6ea5e34429a4a,false,,,false
/knowledgebase/useful-queries-for-troubleshooting,knowledgebase/useful-queries-for-troubleshooting.mdx,resources/support-center/knowledge-base/queries-sql/useful-queries-for-troubleshooting.mdx,https://clickhouse.com/docs/knowledgebase/useful-queries-for-troubleshooting,https://private-7c7dfe99.mintlify.app/resources/support-center/knowledge-base/queries-sql/useful-queries-for-troubleshooting,matched,b323a03a283828a8,false,,,false
/knowledgebase/using-array-join-to-extract-and-query-attributes,knowledgebase/using-array-join-to-extract-and-query-attributes.mdx,resources/support-center/knowledge-base/queries-sql/using-array-join-to-extract-and-query-attributes.mdx,https://clickhouse.com/docs/knowledgebase/using-array-join-to-extract-and-query-attributes,https://private-7c7dfe99.mintlify.app/resources/support-center/knowledge-base/queries-sql/using-array-join-to-extract-and-query-attributes,matched,4ba84b799e9b0e8d,false,,,false
/knowledgebase/vector-search,knowledgebase/vector-search.mdx,resources/support-center/knowledge-base/general-faqs/vector-search.mdx,https://clickhouse.com/docs/knowledgebase/vector-search,https://private-7c7dfe99.mintlify.app/resources/support-center/knowledge-base/general-faqs/vector-search,matched,54eb6cb69d7901f3,false,,,false
/knowledgebase/view_number_of_active_mutations,knowledgebase/view_number_of_active_mutations.mdx,,https://clickhouse.com/docs/knowledgebase/view_number_of_active_mutations,,unmatched,ef840aa109bf4995,false,,,false
/knowledgebase/when_is_ttl_applied,knowledgebase/when_is_ttl_applied.mdx,,https://clickhouse.com/docs/knowledgebase/when_is_ttl_applied,,unmatched,30c6636556ee6c7c,false,,,false
/knowledgebase/which-processes-are-currently-running,knowledgebase/which-processes-are-currently-running.mdx,resources/support-center/knowledge-base/monitoring-debugging/which-processes-are-currently-running.mdx,https://clickhouse.com/docs/knowledgebase/which-processes-are-currently-running,https://private-7c7dfe99.mintlify.app/resources/support-center/knowledge-base/monitoring-debugging/which-processes-are-currently-running,matched,d6d3906022ccc331,false,,,false
/knowledgebase/who-is-using-clickhouse,knowledgebase/who-is-using-clickhouse.mdx,resources/support-center/knowledge-base/general-faqs/who-is-using-clickhouse.mdx,https://clickhouse.com/docs/knowledgebase/who-is-using-clickhouse,https://private-7c7dfe99.mintlify.app/resources/support-center/knowledge-base/general-faqs/who-is-using-clickhouse,matched,ee59cd484bdaa73a,false,,,false
/knowledgebase/why_default_logging_verbose,knowledgebase/why_default_logging_verbose.mdx,,https://clickhouse.com/docs/knowledgebase/why_default_logging_verbose,,unmatched,38b8464001ddae6e,false,,,false
/knowledgebase/why_is_my_primary_key_not_used,knowledgebase/why_is_my_primary_key_not_used.mdx,,https://clickhouse.com/docs/knowledgebase/why_is_my_primary_key_not_used,,unmatched,caa363689f97df04,false,,,false
/knowledgebase/why_recommend_clickhouse_keeper_over_zookeeper,knowledgebase/why_recommend_clickhouse_keeper_over_zookeeper.mdx,,https://clickhouse.com/docs/knowledgebase/why_recommend_clickhouse_keeper_over_zookeeper,,unmatched,f4e41d0b3fe1c048,false,,,false
/knowledgebase/windows_active_directory_to_ch_roles,knowledgebase/windows_active_directory_to_ch_roles.mdx,,https://clickhouse.com/docs/knowledgebase/windows_active_directory_to_ch_roles,,unmatched,8fe3205e82057a29,false,,,false
/manage/clickhouse-cloud-billing-compliance,docs/cloud/reference/03_billing/06_billing_compliance.md,products/cloud/reference/billing/billing-compliance.mdx,https://clickhouse.com/docs/manage/clickhouse-cloud-billing-compliance,https://private-7c7dfe99.mintlify.app/products/cloud/reference/billing/billing-compliance,matched,302961d0791c2a1b,true,302961d0791c2a1b,2026-05-08T09:09:20+00:00,false
/manage/data-catalogs,docs/cloud/features/02_integrations/02_data_catalogs.md,products/cloud/features/data-catalogs.mdx,https://clickhouse.com/docs/manage/data-catalogs,https://private-7c7dfe99.mintlify.app/products/cloud/features/data-catalogs,matched,1559a6a1f02a72d7,true,1559a6a1f02a72d7,2026-05-08T09:09:20+00:00,false
/manage/data-sources/cloud-endpoints-api,docs/cloud/guides/data_sources/01_cloud-endpoints-api.md,products/cloud/guides/data-sources/cloud-endpoints-api.mdx,https://clickhouse.com/docs/manage/data-sources/cloud-endpoints-api,https://private-7c7dfe99.mintlify.app/products/cloud/guides/data-sources/cloud-endpoints-api,matched,869f77577d16fd9e,true,869f77577d16fd9e,2026-05-08T09:09:20+00:00,false
/manage/integrations,docs/cloud/features/02_integrations/01_clickpipes_and_language_clients.md,products/cloud/features/integrations.mdx,https://clickhouse.com/docs/manage/integrations,https://private-7c7dfe99.mintlify.app/products/cloud/features/integrations,matched,c3a3749bef822b53,true,c3a3749bef822b53,2026-05-08T15:04:34+00:00,false
/manage/manage/billing/managing-payment-methods,docs/cloud/reference/03_billing/07_managing_payment_methods.md,products/cloud/reference/billing/managing-payment-methods.mdx,https://clickhouse.com/docs/manage/manage/billing/managing-payment-methods,https://private-7c7dfe99.mintlify.app/products/cloud/reference/billing/managing-payment-methods,matched,1c638768e306bf68,true,1c638768e306bf68,2026-05-08T09:09:20+00:00,false
/manage/replica-aware-routing,docs/cloud/features/05_infrastructure/replica-aware-routing.md,products/cloud/features/infrastructure/replica-aware-routing.mdx,https://clickhouse.com/docs/manage/replica-aware-routing,https://private-7c7dfe99.mintlify.app/products/cloud/features/infrastructure/replica-aware-routing,matched,95eb374114e63cab,true,95eb374114e63cab,2026-05-08T09:09:20+00:00,false
/manage/scaling,docs/cloud/features/04_automatic_scaling/01_overview.md,products/cloud/features/autoscaling/overview.mdx,https://clickhouse.com/docs/manage/scaling,https://private-7c7dfe99.mintlify.app/products/cloud/features/autoscaling/overview,matched,92b5c07a28c87e64,true,92b5c07a28c87e64,2026-05-08T09:09:20+00:00,false
/manage/security/aws-privatelink,docs/cloud/guides/security/02_connectivity/private_networking/02_aws-privatelink.md,products/cloud/guides/security/connectivity/private-networking/aws-privatelink.mdx,https://clickhouse.com/docs/manage/security/aws-privatelink,https://private-7c7dfe99.mintlify.app/products/cloud/guides/security/connectivity/private-networking/aws-privatelink,matched,95d6aadfc32a7eee,true,95d6aadfc32a7eee,2026-05-08T09:09:20+00:00,false
/manage/security/gcp-private-service-connect,docs/cloud/guides/security/02_connectivity/private_networking/03_gcp-private-service-connect.md,products/cloud/guides/security/connectivity/private-networking/gcp-private-service-connect.mdx,https://clickhouse.com/docs/manage/security/gcp-private-service-connect,https://private-7c7dfe99.mintlify.app/products/cloud/guides/security/connectivity/private-networking/gcp-private-service-connect,matched,6cdb6679989b8a4f,true,6cdb6679989b8a4f,2026-05-08T09:09:20+00:00,false
/manage/settings,docs/cloud/reference/08_settings.md,products/cloud/reference/settings.mdx,https://clickhouse.com/docs/manage/settings,https://private-7c7dfe99.mintlify.app/products/cloud/reference/settings,matched,f7ab2f792dc532d7,true,f7ab2f792dc532d7,2026-05-08T09:09:20+00:00,false
/manage/updates,docs/cloud/features/06_admin_features/upgrades.md,products/cloud/features/admin-features/upgrades.mdx,https://clickhouse.com/docs/manage/updates,https://private-7c7dfe99.mintlify.app/products/cloud/features/admin-features/upgrades,matched,d781676b74694a2b,true,d781676b74694a2b,2026-05-08T13:14:52+00:00,false
/managing-data/core-concepts,docs/managing-data/core-concepts/index.md,concepts/core-concepts/index.mdx,https://clickhouse.com/docs/managing-data/core-concepts,https://private-7c7dfe99.mintlify.app/concepts/core-concepts,matched,490ca15b90dd7fad,true,490ca15b90dd7fad,2026-05-08T18:23:34+00:00,false
/managing-data/delete_mutations,docs/managing-data/deleting-data/delete_mutations.mdx,concepts/operations/delete/delete-mutations.mdx,https://clickhouse.com/docs/managing-data/delete_mutations,https://private-7c7dfe99.mintlify.app/concepts/operations/delete/delete-mutations,matched,9a516f2e140076fd,true,9a516f2e140076fd,2026-05-08T11:28:37+00:00,false
/managing-data/deleting-data/overview,docs/managing-data/deleting-data/index.md,guides/data-modelling/deleting-data/index.mdx,https://clickhouse.com/docs/managing-data/deleting-data/overview,https://private-7c7dfe99.mintlify.app/guides/data-modelling/deleting-data,matched,c07ea006ce7ea6ab,true,c07ea006ce7ea6ab,2026-05-08T18:41:21+00:00,false
/managing-data/drop_partition,docs/managing-data/drop_partition.mdx,concepts/operations/delete/drop-partition.mdx,https://clickhouse.com/docs/managing-data/drop_partition,https://private-7c7dfe99.mintlify.app/concepts/operations/delete/drop-partition,matched,1c57c679e355f3f9,true,1c57c679e355f3f9,2026-05-07T14:49:41+00:00,false
/managing-data/materialized-views-versus-projections,docs/data-modeling/projections/2_materialized-views-versus-projections.md,concepts/features/projections/materialized-views-versus-projections.mdx,https://clickhouse.com/docs/managing-data/materialized-views-versus-projections,https://private-7c7dfe99.mintlify.app/concepts/features/projections/materialized-views-versus-projections,matched,ecec14a993aa486e,true,ecec14a993aa486e,2026-05-08T09:09:20+00:00,false
/managing-data/truncate,docs/managing-data/truncate.md,concepts/operations/delete/truncate.mdx,https://clickhouse.com/docs/managing-data/truncate,https://private-7c7dfe99.mintlify.app/concepts/operations/delete/truncate,matched,85c977ff2c68bbc2,true,85c977ff2c68bbc2,2026-05-08T18:14:16+00:00,false
/materialized-view/incremental-materialized-view,docs/materialized-view/incremental-materialized-view.md,concepts/features/materialized-views/incremental-materialized-view.mdx,https://clickhouse.com/docs/materialized-view/incremental-materialized-view,https://private-7c7dfe99.mintlify.app/concepts/features/materialized-views/incremental-materialized-view,matched,b8d188b15cf0f6d6,true,b8d188b15cf0f6d6,2026-05-08T09:09:20+00:00,false
/materialized-view/refreshable-materialized-view,docs/materialized-view/refreshable-materialized-view.md,concepts/features/materialized-views/refreshable-materialized-view.mdx,https://clickhouse.com/docs/materialized-view/refreshable-materialized-view,https://private-7c7dfe99.mintlify.app/concepts/features/materialized-views/refreshable-materialized-view,matched,c2f2accf06323932,true,c2f2accf06323932,2026-05-08T12:19:52+00:00,false
/materialized-views,docs/materialized-view/index.md,concepts/features/materialized-views/index.mdx,https://clickhouse.com/docs/materialized-views,https://private-7c7dfe99.mintlify.app/concepts/features/materialized-views,matched,15213eb6a61085ad,true,15213eb6a61085ad,2026-05-08T12:19:52+00:00,false
/merges,docs/managing-data/core-concepts/merges.mdx,concepts/core-concepts/merges.mdx,https://clickhouse.com/docs/merges,https://private-7c7dfe99.mintlify.app/concepts/core-concepts/merges,matched,23cd1a4eacc6d35e,true,23cd1a4eacc6d35e,2026-05-08T09:09:20+00:00,false
/migrations/bigquery,docs/cloud/onboard/02_migrate/01_migration_guides/03_bigquery/index.md,get-started/setup/migration-guides/bigquery/index.mdx,https://clickhouse.com/docs/migrations/bigquery,https://private-7c7dfe99.mintlify.app/get-started/setup/migration-guides/bigquery,matched,6e9ef6dfd8e741fb,true,6e9ef6dfd8e741fb,2026-05-07T16:15:52+00:00,false
/migrations/bigquery/biquery-vs-clickhouse-cloud,docs/cloud/onboard/02_migrate/01_migration_guides/03_bigquery/01_overview.md,get-started/setup/migration-guides/bigquery/overview.mdx,https://clickhouse.com/docs/migrations/bigquery/biquery-vs-clickhouse-cloud,https://private-7c7dfe99.mintlify.app/get-started/setup/migration-guides/bigquery/overview,matched,dd35989fc89db44d,true,dd35989fc89db44d,2026-05-08T09:09:20+00:00,false
/migrations/bigquery/loading-data,docs/cloud/onboard/02_migrate/01_migration_guides/03_bigquery/03_loading-data.md,get-started/setup/migration-guides/bigquery/loading-data.mdx,https://clickhouse.com/docs/migrations/bigquery/loading-data,https://private-7c7dfe99.mintlify.app/get-started/setup/migration-guides/bigquery/loading-data,matched,db99c807a578b973,true,db99c807a578b973,2026-05-08T09:09:20+00:00,false
/migrations/bigquery/migrating-to-clickhouse-cloud,docs/cloud/onboard/02_migrate/01_migration_guides/03_bigquery/02_migrating-to-clickhouse-cloud.md,get-started/setup/migration-guides/bigquery/migrating-to-clickhouse-cloud.mdx,https://clickhouse.com/docs/migrations/bigquery/migrating-to-clickhouse-cloud,https://private-7c7dfe99.mintlify.app/get-started/setup/migration-guides/bigquery/migrating-to-clickhouse-cloud,matched,acfd8dc42b8be408,true,acfd8dc42b8be408,2026-05-08T09:09:20+00:00,false
/migrations/elastic-overview,docs/cloud/onboard/02_migrate/01_migration_guides/05_elastic/01_overview.md,get-started/setup/migration-guides/elastic/overview.mdx,https://clickhouse.com/docs/migrations/elastic-overview,https://private-7c7dfe99.mintlify.app/get-started/setup/migration-guides/elastic/overview,matched,d4db09e4eb18cba7,true,d4db09e4eb18cba7,2026-05-08T09:09:20+00:00,false
/migrations/postgresql,docs/cloud/onboard/02_migrate/01_migration_guides/02_postgres/index.md,get-started/setup/migration-guides/postgres/index.mdx,https://clickhouse.com/docs/migrations/postgresql,https://private-7c7dfe99.mintlify.app/get-started/setup/migration-guides/postgres,matched,1fc6d064882a931f,true,1fc6d064882a931f,2026-05-09T10:08:44+00:00,false
/migrations/postgresql/appendix,docs/cloud/onboard/02_migrate/01_migration_guides/02_postgres/appendix.md,get-started/setup/migration-guides/postgres/appendix.mdx,https://clickhouse.com/docs/migrations/postgresql/appendix,https://private-7c7dfe99.mintlify.app/get-started/setup/migration-guides/postgres/appendix,matched,f7211aaf84e07266,true,f7211aaf84e07266,2026-05-08T09:09:20+00:00,false
/migrations/postgresql/data-modeling-techniques,docs/cloud/onboard/02_migrate/01_migration_guides/02_postgres/migration_guide/03_migration_guide_part3.md,get-started/setup/migration-guides/postgres/migration-guide/migration-guide-part3.mdx,https://clickhouse.com/docs/migrations/postgresql/data-modeling-techniques,https://private-7c7dfe99.mintlify.app/get-started/setup/migration-guides/postgres/migration-guide/migration-guide-part3,matched,c30cdf3133afce5d,true,c30cdf3133afce5d,2026-05-08T09:09:20+00:00,false
/migrations/postgresql/dataset,docs/cloud/onboard/02_migrate/01_migration_guides/02_postgres/migration_guide/01_migration_guide_part1.md,get-started/setup/migration-guides/postgres/migration-guide/migration-guide-part1.mdx,https://clickhouse.com/docs/migrations/postgresql/dataset,https://private-7c7dfe99.mintlify.app/get-started/setup/migration-guides/postgres/migration-guide/migration-guide-part1,matched,c3c60d781f027a81,true,c3c60d781f027a81,2026-05-08T09:09:20+00:00,false
/migrations/postgresql/overview,docs/cloud/onboard/02_migrate/01_migration_guides/02_postgres/01_overview.md,get-started/setup/migration-guides/postgres/overview.mdx,https://clickhouse.com/docs/migrations/postgresql/overview,https://private-7c7dfe99.mintlify.app/get-started/setup/migration-guides/postgres/overview,matched,ebf208903172abd6,true,ebf208903172abd6,2026-05-08T09:09:20+00:00,false
/migrations/postgresql/rewriting-queries,docs/cloud/onboard/02_migrate/01_migration_guides/02_postgres/migration_guide/02_migration_guide_part2.md,get-started/setup/migration-guides/postgres/migration-guide/migration-guide-part2.mdx,https://clickhouse.com/docs/migrations/postgresql/rewriting-queries,https://private-7c7dfe99.mintlify.app/get-started/setup/migration-guides/postgres/migration-guide/migration-guide-part2,matched,b1a77208aa2a5a32,true,b1a77208aa2a5a32,2026-05-08T09:09:20+00:00,false
/migrations/redshift-overview,docs/cloud/onboard/02_migrate/01_migration_guides/06_redshift/01_overview.md,get-started/setup/migration-guides/redshift/overview.mdx,https://clickhouse.com/docs/migrations/redshift-overview,https://private-7c7dfe99.mintlify.app/get-started/setup/migration-guides/redshift/overview,matched,f6f2edce29f9de1a,true,f6f2edce29f9de1a,2026-05-08T09:09:20+00:00,false
/migrations/redshift/migration-guide,docs/cloud/onboard/02_migrate/01_migration_guides/06_redshift/02_migration_guide.md,get-started/setup/migration-guides/redshift/migration-guide.mdx,https://clickhouse.com/docs/migrations/redshift/migration-guide,https://private-7c7dfe99.mintlify.app/get-started/setup/migration-guides/redshift/migration-guide,matched,9b17a57ce389bca0,true,9b17a57ce389bca0,2026-05-08T11:33:34+00:00,false
/migrations/redshift/sql-translation-reference,docs/cloud/onboard/02_migrate/01_migration_guides/06_redshift/03_sql_translation_reference.md,get-started/setup/migration-guides/redshift/sql-translation-reference.mdx,https://clickhouse.com/docs/migrations/redshift/sql-translation-reference,https://private-7c7dfe99.mintlify.app/get-started/setup/migration-guides/redshift/sql-translation-reference,matched,3200244f2e43be7e,true,3200244f2e43be7e,2026-05-08T09:09:20+00:00,false
/migrations/snowflake,docs/cloud/onboard/02_migrate/01_migration_guides/04_snowflake/02_migration_guide.md,get-started/setup/migration-guides/snowflake/migration-guide.mdx,https://clickhouse.com/docs/migrations/snowflake,https://private-7c7dfe99.mintlify.app/get-started/setup/migration-guides/snowflake/migration-guide,matched,c650d56bdfeafa74,true,c650d56bdfeafa74,2026-05-08T09:09:20+00:00,false
/migrations/snowflake-overview,docs/cloud/onboard/02_migrate/01_migration_guides/04_snowflake/01_overview.md,get-started/setup/migration-guides/snowflake/overview.mdx,https://clickhouse.com/docs/migrations/snowflake-overview,https://private-7c7dfe99.mintlify.app/get-started/setup/migration-guides/snowflake/overview,matched,5e48b24459dae079,true,5e48b24459dae079,2026-05-08T09:09:20+00:00,false
/migrations/snowflake-translation-reference,docs/cloud/onboard/02_migrate/01_migration_guides/04_snowflake/03_sql_translation_reference.md,get-started/setup/migration-guides/snowflake/sql-translation-reference.mdx,https://clickhouse.com/docs/migrations/snowflake-translation-reference,https://private-7c7dfe99.mintlify.app/get-started/setup/migration-guides/snowflake/sql-translation-reference,matched,92a002944a241da2,true,92a002944a241da2,2026-05-08T13:01:57+00:00,false
/native-protocol/basics,docs/native-protocol/basics.md,resources/contribute/native-protocol/basics.mdx,https://clickhouse.com/docs/native-protocol/basics,https://private-7c7dfe99.mintlify.app/resources/contribute/native-protocol/basics,matched,63c7afb1ad7b7072,true,63c7afb1ad7b7072,2026-05-08T09:09:20+00:00,false
/native-protocol/client,docs/native-protocol/client.md,resources/contribute/native-protocol/client.mdx,https://clickhouse.com/docs/native-protocol/client,https://private-7c7dfe99.mintlify.app/resources/contribute/native-protocol/client,matched,50a687b93a811001,true,50a687b93a811001,2026-05-08T09:09:20+00:00,false
/native-protocol/columns,docs/native-protocol/columns.md,resources/contribute/native-protocol/columns.mdx,https://clickhouse.com/docs/native-protocol/columns,https://private-7c7dfe99.mintlify.app/resources/contribute/native-protocol/columns,matched,d125f35b59774466,true,d125f35b59774466,2026-05-08T09:09:20+00:00,false
/native-protocol/hash,docs/native-protocol/hash.md,resources/contribute/native-protocol/hash.mdx,https://clickhouse.com/docs/native-protocol/hash,https://private-7c7dfe99.mintlify.app/resources/contribute/native-protocol/hash,matched,11ca88940183f46c,true,11ca88940183f46c,2026-05-08T09:09:20+00:00,false
/native-protocol/server,docs/native-protocol/server.md,resources/contribute/native-protocol/server.mdx,https://clickhouse.com/docs/native-protocol/server,https://private-7c7dfe99.mintlify.app/resources/contribute/native-protocol/server,matched,b1a72f898456e3c0,true,b1a72f898456e3c0,2026-05-09T09:39:38+00:00,false
/observability/demo-application,docs/use-cases/observability/build-your-own/demo-application.md,guides/observability/build-your-own/demo-application.mdx,https://clickhouse.com/docs/observability/demo-application,https://private-7c7dfe99.mintlify.app/guides/observability/build-your-own/demo-application,matched,1f0a4b693ba5e0ec,false,,,false
/observability/grafana,docs/use-cases/observability/build-your-own/grafana.md,guides/observability/build-your-own/grafana.mdx,https://clickhouse.com/docs/observability/grafana,https://private-7c7dfe99.mintlify.app/guides/observability/build-your-own/grafana,matched,6dc8fd3088ed4f08,true,6dc8fd3088ed4f08,2026-05-08T09:09:20+00:00,false
/observability/integrating-opentelemetry,docs/use-cases/observability/build-your-own/integrating-opentelemetry.md,guides/observability/build-your-own/integrating-opentelemetry.mdx,https://clickhouse.com/docs/observability/integrating-opentelemetry,https://private-7c7dfe99.mintlify.app/guides/observability/build-your-own/integrating-opentelemetry,matched,5165c90c3e181d42,true,5165c90c3e181d42,2026-05-08T09:09:20+00:00,false
/observability/managing-data,docs/use-cases/observability/build-your-own/managing-data.md,guides/observability/build-your-own/managing-data.mdx,https://clickhouse.com/docs/observability/managing-data,https://private-7c7dfe99.mintlify.app/guides/observability/build-your-own/managing-data,matched,4e906e75b0ab47ca,true,4e906e75b0ab47ca,2026-05-08T09:09:20+00:00,false
/operations/access-rights,docs/guides/sre/user-management/index.md,concepts/features/security/access-rights.mdx,https://clickhouse.com/docs/operations/access-rights,https://private-7c7dfe99.mintlify.app/concepts/features/security/access-rights,matched,2f8521c988a5c1b1,true,2f8521c988a5c1b1,2026-05-09T11:14:51+00:00,false
/operations/allocation-profiling,docs/operations/allocation-profiling.md,concepts/features/performance/allocation-profiling.mdx,https://clickhouse.com/docs/operations/allocation-profiling,https://private-7c7dfe99.mintlify.app/concepts/features/performance/allocation-profiling,matched,aeeb6ec3bd877a51,true,aeeb6ec3bd877a51,2026-05-08T09:09:20+00:00,false
/operations/allocation-profiling-old,docs/operations/allocation-profiling-old.md,concepts/features/performance/allocation-profiling-old.mdx,https://clickhouse.com/docs/operations/allocation-profiling-old,https://private-7c7dfe99.mintlify.app/concepts/features/performance/allocation-profiling-old,matched,09dbdbce2cf9b2dd,true,09dbdbce2cf9b2dd,2026-05-08T09:09:20+00:00,false
/operations/analyzer,docs/operations/analyzer.md,guides/cloud-oss/performance-and-monitoring/analyzer.mdx,https://clickhouse.com/docs/operations/analyzer,https://private-7c7dfe99.mintlify.app/guides/cloud-oss/performance-and-monitoring/analyzer,matched,30d060b9f19f6985,true,30d060b9f19f6985,2026-05-08T09:09:20+00:00,false
/operations/backup/alternative_methods,docs/operations_/backup_restore/04_alternative_methods.md,concepts/features/backup-restore/alternative-methods.mdx,https://clickhouse.com/docs/operations/backup/alternative_methods,https://private-7c7dfe99.mintlify.app/concepts/features/backup-restore/alternative-methods,matched,56c2924502a1a956,true,56c2924502a1a956,2026-05-08T09:09:20+00:00,false
/operations/backup/azure,docs/operations_/backup_restore/03_azure_blob_storage.md,concepts/features/backup-restore/azure-blob-storage.mdx,https://clickhouse.com/docs/operations/backup/azure,https://private-7c7dfe99.mintlify.app/concepts/features/backup-restore/azure-blob-storage,matched,a014826091cc7de6,true,a014826091cc7de6,2026-05-08T09:09:20+00:00,false
/operations/backup/disk,docs/operations_/backup_restore/01_local_disk.md,concepts/features/backup-restore/local-disk.mdx,https://clickhouse.com/docs/operations/backup/disk,https://private-7c7dfe99.mintlify.app/concepts/features/backup-restore/local-disk,matched,c4dd19b827ee5be4,true,c4dd19b827ee5be4,2026-05-08T20:59:47+00:00,false
/operations/backup/overview,docs/operations_/backup_restore/00_overview.md,concepts/features/backup-restore/overview.mdx,https://clickhouse.com/docs/operations/backup/overview,https://private-7c7dfe99.mintlify.app/concepts/features/backup-restore/overview,matched,cf2f951338bcd3c1,true,cf2f951338bcd3c1,2026-05-08T13:14:52+00:00,false
/operations/backup/s3_endpoint,docs/operations_/backup_restore/02_s3_endpoint.md,concepts/features/backup-restore/s3-endpoint.mdx,https://clickhouse.com/docs/operations/backup/s3_endpoint,https://private-7c7dfe99.mintlify.app/concepts/features/backup-restore/s3-endpoint,matched,c3ff551589fda47e,true,c3ff551589fda47e,2026-05-08T09:09:20+00:00,false
/operations/backup/snapshot,docs/operations_/backup_restore/05_snapshot.md,concepts/features/backup-restore/snapshot.mdx,https://clickhouse.com/docs/operations/backup/snapshot,https://private-7c7dfe99.mintlify.app/concepts/features/backup-restore/snapshot,matched,8630d4ea4459a12d,true,8630d4ea4459a12d,2026-05-08T09:09:20+00:00,false
/operations/caches,docs/operations/caches.md,concepts/features/performance/caches/caches.mdx,https://clickhouse.com/docs/operations/caches,https://private-7c7dfe99.mintlify.app/concepts/features/performance/caches/caches,matched,e18f1ea2efc46626,true,e18f1ea2efc46626,2026-05-07T14:49:41+00:00,false
/operations/cluster-discovery,docs/operations/cluster-discovery.md,guides/oss/deployment-and-scaling/cluster-discovery.mdx,https://clickhouse.com/docs/operations/cluster-discovery,https://private-7c7dfe99.mintlify.app/guides/oss/deployment-and-scaling/cluster-discovery,matched,343ceb09449e6436,true,343ceb09449e6436,2026-05-08T09:09:20+00:00,false
/operations/configuration-files,docs/operations/configuration-files.md,concepts/features/configuration/server-config/configuration-files.mdx,https://clickhouse.com/docs/operations/configuration-files,https://private-7c7dfe99.mintlify.app/concepts/features/configuration/server-config/configuration-files,matched,9e71d3c2fa185cdf,true,9e71d3c2fa185cdf,2026-05-08T09:09:20+00:00,false
/operations/external-authenticators/,docs/operations/external-authenticators/index.md,concepts/features/security/external-authenticators/index.mdx,https://clickhouse.com/docs/operations/external-authenticators/,https://private-7c7dfe99.mintlify.app/concepts/features/security/external-authenticators,matched,16c47449f5275998,true,16c47449f5275998,2026-05-08T09:09:20+00:00,false
/operations/external-authenticators/http,docs/operations/external-authenticators/http.md,concepts/features/security/external-authenticators/http.mdx,https://clickhouse.com/docs/operations/external-authenticators/http,https://private-7c7dfe99.mintlify.app/concepts/features/security/external-authenticators/http,matched,04f510d66c9b376c,true,04f510d66c9b376c,2026-05-08T09:09:20+00:00,false
/operations/external-authenticators/kerberos,docs/operations/external-authenticators/kerberos.md,concepts/features/security/external-authenticators/kerberos.mdx,https://clickhouse.com/docs/operations/external-authenticators/kerberos,https://private-7c7dfe99.mintlify.app/concepts/features/security/external-authenticators/kerberos,matched,b7a3734788840b66,true,b7a3734788840b66,2026-05-08T09:09:20+00:00,false
/operations/external-authenticators/ldap,docs/operations/external-authenticators/ldap.md,concepts/features/security/external-authenticators/ldap.mdx,https://clickhouse.com/docs/operations/external-authenticators/ldap,https://private-7c7dfe99.mintlify.app/concepts/features/security/external-authenticators/ldap,matched,b862cac0f11b4d02,true,b862cac0f11b4d02,2026-05-08T09:09:20+00:00,false
/operations/external-authenticators/ssl-x509,docs/operations/external-authenticators/ssl-x509.md,concepts/features/security/external-authenticators/ssl-x509.mdx,https://clickhouse.com/docs/operations/external-authenticators/ssl-x509,https://private-7c7dfe99.mintlify.app/concepts/features/security/external-authenticators/ssl-x509,matched,947a7d558e471c72,true,947a7d558e471c72,2026-05-08T09:09:20+00:00,false
/operations/monitoring,docs/operations/monitoring.md,guides/oss/deployment-and-scaling/monitoring/monitoring.mdx,https://clickhouse.com/docs/operations/monitoring,https://private-7c7dfe99.mintlify.app/guides/oss/deployment-and-scaling/monitoring/monitoring,matched,ee6d9f1af26926d6,true,ee6d9f1af26926d6,2026-05-08T09:09:20+00:00,false
/operations/named-collections,docs/operations/named-collections.md,concepts/features/configuration/server-config/named-collections.mdx,https://clickhouse.com/docs/operations/named-collections,https://private-7c7dfe99.mintlify.app/concepts/features/configuration/server-config/named-collections,matched,8dc09979b83996cf,true,8dc09979b83996cf,2026-05-09T10:26:02+00:00,false
/operations/opentelemetry,docs/operations/opentelemetry.md,guides/oss/deployment-and-scaling/monitoring/opentelemetry.mdx,https://clickhouse.com/docs/operations/opentelemetry,https://private-7c7dfe99.mintlify.app/guides/oss/deployment-and-scaling/monitoring/opentelemetry,matched,57b2ec3c9af7907d,true,57b2ec3c9af7907d,2026-05-08T09:09:20+00:00,false
/operations/optimizing-performance/profile-guided-optimization,docs/operations/optimizing-performance/profile-guided-optimization.md,resources/contribute/profile-guided-optimization.mdx,https://clickhouse.com/docs/operations/optimizing-performance/profile-guided-optimization,https://private-7c7dfe99.mintlify.app/resources/contribute/profile-guided-optimization,matched,a06cd352188c57c4,true,a06cd352188c57c4,2026-05-08T09:09:20+00:00,false
/operations/optimizing-performance/sampling-query-profiler,docs/operations/optimizing-performance/sampling-query-profiler.md,concepts/features/performance/troubleshoot/sampling-query-profiler.mdx,https://clickhouse.com/docs/operations/optimizing-performance/sampling-query-profiler,https://private-7c7dfe99.mintlify.app/concepts/features/performance/troubleshoot/sampling-query-profiler,matched,331303dc6c9ac8ef,true,331303dc6c9ac8ef,2026-05-08T11:59:43+00:00,false
/operations/overview,docs/guides/best-practices/index.md,guides/performance-and-monitoring/index.mdx,https://clickhouse.com/docs/operations/overview,https://private-7c7dfe99.mintlify.app/guides/performance-and-monitoring,matched,63df4b0ede3f1809,true,63df4b0ede3f1809,2026-05-08T11:28:15+00:00,false
/operations/performance-test,docs/operations/performance-test.md,concepts/features/performance/troubleshoot/performance-test.mdx,https://clickhouse.com/docs/operations/performance-test,https://private-7c7dfe99.mintlify.app/concepts/features/performance/troubleshoot/performance-test,matched,9e5d4bd1e5379d30,true,9e5d4bd1e5379d30,2026-05-08T09:09:20+00:00,false
/operations/query-cache,docs/operations/query-cache.md,concepts/features/performance/caches/query-cache.mdx,https://clickhouse.com/docs/operations/query-cache,https://private-7c7dfe99.mintlify.app/concepts/features/performance/caches/query-cache,matched,7867cf786d57b72d,true,7867cf786d57b72d,2026-05-09T11:14:51+00:00,false
/operations/query-condition-cache,docs/operations/query-condition-cache.md,concepts/features/performance/caches/query-condition-cache.mdx,https://clickhouse.com/docs/operations/query-condition-cache,https://private-7c7dfe99.mintlify.app/concepts/features/performance/caches/query-condition-cache,matched,f67e1d9bf36c40cc,true,f67e1d9bf36c40cc,2026-05-09T10:26:02+00:00,false
/operations/quotas,docs/operations/quotas.md,concepts/features/configuration/server-config/quotas.mdx,https://clickhouse.com/docs/operations/quotas,https://private-7c7dfe99.mintlify.app/concepts/features/configuration/server-config/quotas,matched,91a218790dd605e3,true,91a218790dd605e3,2026-05-08T09:09:20+00:00,false
/operations/server-configuration-parameters/settings,docs/operations/server-configuration-parameters/settings.md,reference/settings/server-settings/settings.mdx,https://clickhouse.com/docs/operations/server-configuration-parameters/settings,https://private-7c7dfe99.mintlify.app/reference/settings/server-settings/settings,matched,cb783e8c4771ad54,true,cb783e8c4771ad54,2026-05-09T09:39:38+00:00,false
/operations/settings/,docs/operations/settings/index.md,reference/settings/index.mdx,https://clickhouse.com/docs/operations/settings/,https://private-7c7dfe99.mintlify.app/reference/settings,matched,027d2488fe130352,true,027d2488fe130352,2026-05-08T21:00:24+00:00,false
/operations/settings/composable-protocols,docs/operations/settings/composable-protocols.md,concepts/features/configuration/server-config/composable-protocols.mdx,https://clickhouse.com/docs/operations/settings/composable-protocols,https://private-7c7dfe99.mintlify.app/concepts/features/configuration/server-config/composable-protocols,matched,fac105353a202b3d,true,fac105353a202b3d,2026-05-08T09:09:20+00:00,false
/operations/settings/constraints-on-settings,docs/operations/settings/constraints-on-settings.md,concepts/features/configuration/settings/constraints-on-settings.mdx,https://clickhouse.com/docs/operations/settings/constraints-on-settings,https://private-7c7dfe99.mintlify.app/concepts/features/configuration/settings/constraints-on-settings,matched,8a07567dde304465,true,8a07567dde304465,2026-05-08T09:09:20+00:00,false
/operations/settings/formats,docs/operations/settings/settings-formats.md,reference/settings/formats.mdx,https://clickhouse.com/docs/operations/settings/formats,https://private-7c7dfe99.mintlify.app/reference/settings/formats,matched,06f1fcd76357456e,true,06f1fcd76357456e,2026-05-08T21:00:24+00:00,false
/operations/settings/memory-overcommit,docs/operations/settings/memory-overcommit.md,concepts/features/configuration/settings/memory-overcommit.mdx,https://clickhouse.com/docs/operations/settings/memory-overcommit,https://private-7c7dfe99.mintlify.app/concepts/features/configuration/settings/memory-overcommit,matched,56a8436026a55bc5,true,56a8436026a55bc5,2026-05-07T14:49:41+00:00,false
/operations/settings/merge-tree-settings,docs/operations/settings/merge-tree-settings.md,reference/settings/merge-tree-settings.mdx,https://clickhouse.com/docs/operations/settings/merge-tree-settings,https://private-7c7dfe99.mintlify.app/reference/settings/merge-tree-settings,matched,356d0905aa99b61c,true,356d0905aa99b61c,2026-05-08T21:00:24+00:00,false
/operations/settings/overview,docs/operations/settings/overview.md,concepts/features/configuration/settings/overview.mdx,https://clickhouse.com/docs/operations/settings/overview,https://private-7c7dfe99.mintlify.app/concepts/features/configuration/settings/overview,matched,d67f616f50eb112f,true,d67f616f50eb112f,2026-05-08T09:09:20+00:00,false
/operations/settings/permissions-for-queries,docs/operations/settings/permissions-for-queries.md,concepts/features/configuration/settings/permissions-for-queries.mdx,https://clickhouse.com/docs/operations/settings/permissions-for-queries,https://private-7c7dfe99.mintlify.app/concepts/features/configuration/settings/permissions-for-queries,matched,b20d70e81bda348f,true,b20d70e81bda348f,2026-05-09T11:14:51+00:00,false
/operations/settings/query-complexity,docs/operations/settings/query-complexity.md,concepts/features/configuration/settings/query-complexity.mdx,https://clickhouse.com/docs/operations/settings/query-complexity,https://private-7c7dfe99.mintlify.app/concepts/features/configuration/settings/query-complexity,matched,a3b2b2da1705264e,true,a3b2b2da1705264e,2026-05-08T09:09:20+00:00,false
/operations/settings/query-level,docs/operations/settings/settings-query-level.md,concepts/features/configuration/settings/settings-query-level.mdx,https://clickhouse.com/docs/operations/settings/query-level,https://private-7c7dfe99.mintlify.app/concepts/features/configuration/settings/settings-query-level,matched,03f99ff0a17572c9,true,03f99ff0a17572c9,2026-05-08T09:09:20+00:00,false
/operations/settings/server-overload,docs/operations/settings/server-overload.md,concepts/features/configuration/settings/server-overload.mdx,https://clickhouse.com/docs/operations/settings/server-overload,https://private-7c7dfe99.mintlify.app/concepts/features/configuration/settings/server-overload,matched,62c5c6e1debf8e9f,true,62c5c6e1debf8e9f,2026-05-07T14:49:41+00:00,false
/operations/settings/settings,docs/operations/settings/settings.md,reference/settings/session-settings.mdx,https://clickhouse.com/docs/operations/settings/settings,https://private-7c7dfe99.mintlify.app/reference/settings/session-settings,matched,e43a2b06a658d597,true,e43a2b06a658d597,2026-05-09T10:26:02+00:00,false
/operations/settings/settings-profiles,docs/operations/settings/settings-profiles.md,concepts/features/configuration/settings/settings-profiles.mdx,https://clickhouse.com/docs/operations/settings/settings-profiles,https://private-7c7dfe99.mintlify.app/concepts/features/configuration/settings/settings-profiles,matched,d921a22cfbb36622,true,d921a22cfbb36622,2026-05-08T09:09:20+00:00,false
/operations/settings/settings-users,docs/operations/settings/settings-users.md,concepts/features/configuration/settings/settings-users.mdx,https://clickhouse.com/docs/operations/settings/settings-users,https://private-7c7dfe99.mintlify.app/concepts/features/configuration/settings/settings-users,matched,75b7bfaa451e0787,true,75b7bfaa451e0787,2026-05-08T09:09:20+00:00,false
/operations/settings/tcp-connection-limits,docs/operations/settings/tcp-connection-limits.md,concepts/features/configuration/settings/tcp-connection-limits.mdx,https://clickhouse.com/docs/operations/settings/tcp-connection-limits,https://private-7c7dfe99.mintlify.app/concepts/features/configuration/settings/tcp-connection-limits,matched,27fdf16a587cb870,true,27fdf16a587cb870,2026-05-07T14:49:41+00:00,false
/operations/ssl-zookeeper,docs/operations/ssl-zookeeper.md,guides/oss/deployment-and-scaling/keeper/ssl-zookeeper.mdx,https://clickhouse.com/docs/operations/ssl-zookeeper,https://private-7c7dfe99.mintlify.app/guides/oss/deployment-and-scaling/keeper/ssl-zookeeper,matched,9a1b6a07af2168ed,true,9a1b6a07af2168ed,2026-05-08T09:09:20+00:00,false
/operations/startup-scripts,docs/operations/startup-scripts.md,concepts/features/configuration/server-config/startup-scripts.mdx,https://clickhouse.com/docs/operations/startup-scripts,https://private-7c7dfe99.mintlify.app/concepts/features/configuration/server-config/startup-scripts,matched,4866f2bf5a753196,true,4866f2bf5a753196,2026-05-08T09:09:20+00:00,false
/operations/storing-data,docs/operations/storing-data.md,concepts/features/configuration/server-config/storing-data.mdx,https://clickhouse.com/docs/operations/storing-data,https://private-7c7dfe99.mintlify.app/concepts/features/configuration/server-config/storing-data,matched,ba0615ec15899614,true,ba0615ec15899614,2026-05-09T10:08:44+00:00,false
/operations/system-tables/,docs/operations/system-tables/index.md,reference/system-tables/index.mdx,https://clickhouse.com/docs/operations/system-tables/,https://private-7c7dfe99.mintlify.app/reference/system-tables,matched,775cf01183c5e9d9,true,775cf01183c5e9d9,2026-05-08T21:00:35+00:00,false
/operations/system-tables/aggregate_function_combinators,docs/operations/system-tables/aggregate_function_combinators.md,reference/system-tables/aggregate_function_combinators.mdx,https://clickhouse.com/docs/operations/system-tables/aggregate_function_combinators,https://private-7c7dfe99.mintlify.app/reference/system-tables/aggregate_function_combinators,matched,74e843ffb796d988,true,74e843ffb796d988,2026-05-08T21:00:25+00:00,false
/operations/system-tables/aggregated_zookeeper_log,docs/operations/system-tables/aggregated_zookeeper_log.md,reference/system-tables/aggregated_zookeeper_log.mdx,https://clickhouse.com/docs/operations/system-tables/aggregated_zookeeper_log,https://private-7c7dfe99.mintlify.app/reference/system-tables/aggregated_zookeeper_log,matched,742b21a5013ba1fc,true,742b21a5013ba1fc,2026-05-09T09:39:38+00:00,false
/operations/system-tables/asynchronous_insert_log,docs/operations/system-tables/asynchronous_insert_log.md,reference/system-tables/asynchronous_insert_log.mdx,https://clickhouse.com/docs/operations/system-tables/asynchronous_insert_log,https://private-7c7dfe99.mintlify.app/reference/system-tables/asynchronous_insert_log,matched,47988524b69bb268,true,47988524b69bb268,2026-05-08T21:00:25+00:00,false
/operations/system-tables/asynchronous_inserts,docs/operations/system-tables/asynchronous_inserts.md,reference/system-tables/asynchronous_inserts.mdx,https://clickhouse.com/docs/operations/system-tables/asynchronous_inserts,https://private-7c7dfe99.mintlify.app/reference/system-tables/asynchronous_inserts,matched,6160869499ef76dd,true,6160869499ef76dd,2026-05-08T21:00:26+00:00,false
/operations/system-tables/asynchronous_loader,docs/operations/system-tables/asynchronous_loader.md,reference/system-tables/asynchronous_loader.mdx,https://clickhouse.com/docs/operations/system-tables/asynchronous_loader,https://private-7c7dfe99.mintlify.app/reference/system-tables/asynchronous_loader,matched,2974d35942161d69,true,2974d35942161d69,2026-05-08T21:00:26+00:00,false
/operations/system-tables/asynchronous_metric_log,docs/operations/system-tables/asynchronous_metric_log.md,reference/system-tables/asynchronous_metric_log.mdx,https://clickhouse.com/docs/operations/system-tables/asynchronous_metric_log,https://private-7c7dfe99.mintlify.app/reference/system-tables/asynchronous_metric_log,matched,f247ee3ddee4545c,true,f247ee3ddee4545c,2026-05-08T21:00:26+00:00,false
/operations/system-tables/asynchronous_metrics,docs/operations/system-tables/asynchronous_metrics.md,reference/system-tables/asynchronous_metrics.mdx,https://clickhouse.com/docs/operations/system-tables/asynchronous_metrics,https://private-7c7dfe99.mintlify.app/reference/system-tables/asynchronous_metrics,matched,2823f6dcfcae7c62,true,2823f6dcfcae7c62,2026-05-08T21:00:26+00:00,false
/operations/system-tables/azure_queue_metadata_cache,docs/operations/system-tables/azure_queue_metadata_cache.md,reference/system-tables/azure_queue_metadata_cache.mdx,https://clickhouse.com/docs/operations/system-tables/azure_queue_metadata_cache,https://private-7c7dfe99.mintlify.app/reference/system-tables/azure_queue_metadata_cache,matched,a1a4f88881741c60,true,a1a4f88881741c60,2026-05-08T21:00:26+00:00,false
/operations/system-tables/azure_queue_settings,docs/operations/system-tables/azure_queue_settings.md,reference/system-tables/azure_queue_settings.mdx,https://clickhouse.com/docs/operations/system-tables/azure_queue_settings,https://private-7c7dfe99.mintlify.app/reference/system-tables/azure_queue_settings,matched,b47c4addf4ff730f,true,b47c4addf4ff730f,2026-05-08T21:00:26+00:00,false
/operations/system-tables/background_schedule_pool,docs/operations/system-tables/background_schedule_pool.md,reference/system-tables/background_schedule_pool.mdx,https://clickhouse.com/docs/operations/system-tables/background_schedule_pool,https://private-7c7dfe99.mintlify.app/reference/system-tables/background_schedule_pool,matched,003f06920ccec6ad,true,003f06920ccec6ad,2026-05-08T21:00:27+00:00,false
/operations/system-tables/background_schedule_pool_log,docs/operations/system-tables/background_schedule_pool_log.md,reference/system-tables/background_schedule_pool_log.mdx,https://clickhouse.com/docs/operations/system-tables/background_schedule_pool_log,https://private-7c7dfe99.mintlify.app/reference/system-tables/background_schedule_pool_log,matched,fcc30c56955d6040,true,fcc30c56955d6040,2026-05-08T21:00:27+00:00,false
/operations/system-tables/backup_log,docs/operations/system-tables/backup_log.md,reference/system-tables/backup_log.mdx,https://clickhouse.com/docs/operations/system-tables/backup_log,https://private-7c7dfe99.mintlify.app/reference/system-tables/backup_log,matched,5e1d9fafcd6903c7,true,5e1d9fafcd6903c7,2026-05-08T21:00:27+00:00,false
/operations/system-tables/backups,docs/operations/system-tables/backups.md,reference/system-tables/backups.mdx,https://clickhouse.com/docs/operations/system-tables/backups,https://private-7c7dfe99.mintlify.app/reference/system-tables/backups,matched,474096c2d8465fd9,true,474096c2d8465fd9,2026-05-08T21:00:27+00:00,false
/operations/system-tables/blob_storage_log,docs/operations/system-tables/blob_storage_log.md,reference/system-tables/blob_storage_log.mdx,https://clickhouse.com/docs/operations/system-tables/blob_storage_log,https://private-7c7dfe99.mintlify.app/reference/system-tables/blob_storage_log,matched,642d72e0870806ce,true,642d72e0870806ce,2026-05-08T21:00:27+00:00,false
/operations/system-tables/build_options,docs/operations/system-tables/build_options.md,reference/system-tables/build_options.mdx,https://clickhouse.com/docs/operations/system-tables/build_options,https://private-7c7dfe99.mintlify.app/reference/system-tables/build_options,matched,fb2cc9ed0b52f163,true,fb2cc9ed0b52f163,2026-05-08T21:00:28+00:00,false
/operations/system-tables/certificates,docs/operations/system-tables/certificates.md,reference/system-tables/certificates.mdx,https://clickhouse.com/docs/operations/system-tables/certificates,https://private-7c7dfe99.mintlify.app/reference/system-tables/certificates,matched,7dfacd8a49ab3d16,true,7dfacd8a49ab3d16,2026-05-08T21:00:28+00:00,false
/operations/system-tables/clusters,docs/operations/system-tables/clusters.md,reference/system-tables/clusters.mdx,https://clickhouse.com/docs/operations/system-tables/clusters,https://private-7c7dfe99.mintlify.app/reference/system-tables/clusters,matched,80ea24939d1f573f,true,80ea24939d1f573f,2026-05-08T21:00:28+00:00,false
/operations/system-tables/codecs,docs/operations/system-tables/codecs.md,reference/system-tables/codecs.mdx,https://clickhouse.com/docs/operations/system-tables/codecs,https://private-7c7dfe99.mintlify.app/reference/system-tables/codecs,matched,7cf08cdbeb0adcf4,true,7cf08cdbeb0adcf4,2026-05-08T21:00:28+00:00,false
/operations/system-tables/collations,docs/operations/system-tables/collations.md,reference/system-tables/collations.mdx,https://clickhouse.com/docs/operations/system-tables/collations,https://private-7c7dfe99.mintlify.app/reference/system-tables/collations,matched,1018414d0db6f58b,true,1018414d0db6f58b,2026-05-08T21:00:28+00:00,false
/operations/system-tables/columns,docs/operations/system-tables/columns.md,reference/system-tables/columns.mdx,https://clickhouse.com/docs/operations/system-tables/columns,https://private-7c7dfe99.mintlify.app/reference/system-tables/columns,matched,35cc22f48b6d4980,true,35cc22f48b6d4980,2026-05-08T21:00:28+00:00,false
/operations/system-tables/completions,docs/operations/system-tables/completions.md,reference/system-tables/completions.mdx,https://clickhouse.com/docs/operations/system-tables/completions,https://private-7c7dfe99.mintlify.app/reference/system-tables/completions,matched,b24edc206695568d,true,b24edc206695568d,2026-05-08T21:00:29+00:00,false
/operations/system-tables/contributors,docs/operations/system-tables/contributors.md,reference/system-tables/contributors.mdx,https://clickhouse.com/docs/operations/system-tables/contributors,https://private-7c7dfe99.mintlify.app/reference/system-tables/contributors,matched,ed99fe2f369bdcd6,true,ed99fe2f369bdcd6,2026-05-08T21:00:29+00:00,false
/operations/system-tables/crash_log,docs/operations/system-tables/crash_log.md,reference/system-tables/crash_log.mdx,https://clickhouse.com/docs/operations/system-tables/crash_log,https://private-7c7dfe99.mintlify.app/reference/system-tables/crash_log,matched,fd394307070d4dbf,true,fd394307070d4dbf,2026-05-08T21:00:29+00:00,false
/operations/system-tables/current_roles,docs/operations/system-tables/current_roles.md,reference/system-tables/current_roles.mdx,https://clickhouse.com/docs/operations/system-tables/current_roles,https://private-7c7dfe99.mintlify.app/reference/system-tables/current_roles,matched,d5fa5b1ccc479454,true,d5fa5b1ccc479454,2026-05-08T21:00:29+00:00,false
/operations/system-tables/dashboards,docs/operations/system-tables/dashboards.md,reference/system-tables/dashboards.mdx,https://clickhouse.com/docs/operations/system-tables/dashboards,https://private-7c7dfe99.mintlify.app/reference/system-tables/dashboards,matched,32447efddfacf342,true,32447efddfacf342,2026-05-08T21:00:29+00:00,false
/operations/system-tables/data_skipping_indices,docs/operations/system-tables/data_skipping_indices.md,reference/system-tables/data_skipping_indices.mdx,https://clickhouse.com/docs/operations/system-tables/data_skipping_indices,https://private-7c7dfe99.mintlify.app/reference/system-tables/data_skipping_indices,matched,1c40e02429b9f61c,true,1c40e02429b9f61c,2026-05-08T21:00:29+00:00,false
/operations/system-tables/data_type_families,docs/operations/system-tables/data_type_families.md,reference/system-tables/data_type_families.mdx,https://clickhouse.com/docs/operations/system-tables/data_type_families,https://private-7c7dfe99.mintlify.app/reference/system-tables/data_type_families,matched,ccb0ebaf9e3ed522,true,ccb0ebaf9e3ed522,2026-05-08T21:00:30+00:00,false
/operations/system-tables/database_engines,docs/operations/system-tables/database_engines.md,reference/system-tables/database_engines.mdx,https://clickhouse.com/docs/operations/system-tables/database_engines,https://private-7c7dfe99.mintlify.app/reference/system-tables/database_engines,matched,f01ae499a1ec57e3,true,f01ae499a1ec57e3,2026-05-08T21:00:30+00:00,false
/operations/system-tables/database_replicas,docs/operations/system-tables/database_replicas.md,reference/system-tables/database_replicas.mdx,https://clickhouse.com/docs/operations/system-tables/database_replicas,https://private-7c7dfe99.mintlify.app/reference/system-tables/database_replicas,matched,b5267afb5b3dc4b3,true,b5267afb5b3dc4b3,2026-05-08T21:00:30+00:00,false
/operations/system-tables/databases,docs/operations/system-tables/databases.md,reference/system-tables/databases.mdx,https://clickhouse.com/docs/operations/system-tables/databases,https://private-7c7dfe99.mintlify.app/reference/system-tables/databases,matched,6a2b210b0e8dd5df,true,6a2b210b0e8dd5df,2026-05-08T21:00:30+00:00,false
/operations/system-tables/dead_letter_queue,docs/operations/system-tables/dead_letter_queue.md,reference/system-tables/dead_letter_queue.mdx,https://clickhouse.com/docs/operations/system-tables/dead_letter_queue,https://private-7c7dfe99.mintlify.app/reference/system-tables/dead_letter_queue,matched,80d57e9103d88363,true,80d57e9103d88363,2026-05-08T21:00:30+00:00,false
/operations/system-tables/delta_lake_metadata_log,docs/operations/system-tables/delta_metadata_log.md,reference/system-tables/delta_metadata_log.mdx,https://clickhouse.com/docs/operations/system-tables/delta_lake_metadata_log,https://private-7c7dfe99.mintlify.app/reference/system-tables/delta_metadata_log,matched,521607c945a760b7,true,521607c945a760b7,2026-05-08T21:00:30+00:00,false
/operations/system-tables/detached_parts,docs/operations/system-tables/detached_parts.md,reference/system-tables/detached_parts.mdx,https://clickhouse.com/docs/operations/system-tables/detached_parts,https://private-7c7dfe99.mintlify.app/reference/system-tables/detached_parts,matched,40b3900db699b5e0,true,40b3900db699b5e0,2026-05-08T21:00:31+00:00,false
/operations/system-tables/detached_tables,docs/operations/system-tables/detached_tables.md,reference/system-tables/detached_tables.mdx,https://clickhouse.com/docs/operations/system-tables/detached_tables,https://private-7c7dfe99.mintlify.app/reference/system-tables/detached_tables,matched,363ca00e053d40a5,true,363ca00e053d40a5,2026-05-08T21:00:31+00:00,false
/operations/system-tables/dictionaries,docs/operations/system-tables/dictionaries.md,reference/system-tables/dictionaries.mdx,https://clickhouse.com/docs/operations/system-tables/dictionaries,https://private-7c7dfe99.mintlify.app/reference/system-tables/dictionaries,matched,30d9c72de8848950,true,30d9c72de8848950,2026-05-08T21:00:31+00:00,false
/operations/system-tables/dimensional_metrics,docs/operations/system-tables/dimensional_metrics.md,reference/system-tables/dimensional_metrics.mdx,https://clickhouse.com/docs/operations/system-tables/dimensional_metrics,https://private-7c7dfe99.mintlify.app/reference/system-tables/dimensional_metrics,matched,d690494c9acd1d68,true,d690494c9acd1d68,2026-05-08T21:00:31+00:00,false
/operations/system-tables/disks,docs/operations/system-tables/disks.md,reference/system-tables/disks.mdx,https://clickhouse.com/docs/operations/system-tables/disks,https://private-7c7dfe99.mintlify.app/reference/system-tables/disks,matched,f5aad12f0f49430a,true,f5aad12f0f49430a,2026-05-08T21:00:31+00:00,false
/operations/system-tables/distributed_ddl_queue,docs/operations/system-tables/distributed_ddl_queue.md,reference/system-tables/distributed_ddl_queue.mdx,https://clickhouse.com/docs/operations/system-tables/distributed_ddl_queue,https://private-7c7dfe99.mintlify.app/reference/system-tables/distributed_ddl_queue,matched,1ffce34c4d08703f,true,1ffce34c4d08703f,2026-05-08T21:00:32+00:00,false
/operations/system-tables/distribution_queue,docs/operations/system-tables/distribution_queue.md,reference/system-tables/distribution_queue.mdx,https://clickhouse.com/docs/operations/system-tables/distribution_queue,https://private-7c7dfe99.mintlify.app/reference/system-tables/distribution_queue,matched,9a1e70d903a00965,true,9a1e70d903a00965,2026-05-08T21:00:32+00:00,false
/operations/system-tables/dns_cache,docs/operations/system-tables/dns_cache.md,reference/system-tables/dns_cache.mdx,https://clickhouse.com/docs/operations/system-tables/dns_cache,https://private-7c7dfe99.mintlify.app/reference/system-tables/dns_cache,matched,832dfe91488177fd,true,832dfe91488177fd,2026-05-08T21:00:32+00:00,false
/operations/system-tables/dropped_tables,docs/operations/system-tables/dropped_tables.md,reference/system-tables/dropped_tables.mdx,https://clickhouse.com/docs/operations/system-tables/dropped_tables,https://private-7c7dfe99.mintlify.app/reference/system-tables/dropped_tables,matched,99ce3ddea83a7a37,true,99ce3ddea83a7a37,2026-05-08T21:00:32+00:00,false
/operations/system-tables/dropped_tables_parts,docs/operations/system-tables/dropped_tables_parts.md,reference/system-tables/dropped_tables_parts.mdx,https://clickhouse.com/docs/operations/system-tables/dropped_tables_parts,https://private-7c7dfe99.mintlify.app/reference/system-tables/dropped_tables_parts,matched,3a8a37e019539cd7,true,3a8a37e019539cd7,2026-05-09T09:39:38+00:00,false
/operations/system-tables/enabled_roles,docs/operations/system-tables/enabled_roles.md,reference/system-tables/enabled_roles.mdx,https://clickhouse.com/docs/operations/system-tables/enabled_roles,https://private-7c7dfe99.mintlify.app/reference/system-tables/enabled_roles,matched,53ba95975c120c13,true,53ba95975c120c13,2026-05-08T21:00:32+00:00,false
/operations/system-tables/errors,docs/operations/system-tables/errors.md,reference/system-tables/errors.mdx,https://clickhouse.com/docs/operations/system-tables/errors,https://private-7c7dfe99.mintlify.app/reference/system-tables/errors,matched,7779b6a80d11c73a,true,7779b6a80d11c73a,2026-05-08T21:00:33+00:00,false
/operations/system-tables/events,docs/operations/system-tables/events.md,reference/system-tables/events.mdx,https://clickhouse.com/docs/operations/system-tables/events,https://private-7c7dfe99.mintlify.app/reference/system-tables/events,matched,62e4f44a0e79f6d0,true,62e4f44a0e79f6d0,2026-05-08T21:00:33+00:00,false
/operations/system-tables/fail_points,docs/operations/system-tables/fail_points.md,reference/system-tables/fail_points.mdx,https://clickhouse.com/docs/operations/system-tables/fail_points,https://private-7c7dfe99.mintlify.app/reference/system-tables/fail_points,matched,dba698b365d9ef95,true,dba698b365d9ef95,2026-05-08T21:00:33+00:00,false
/operations/system-tables/filesystem_cache,docs/operations/system-tables/filesystem_cache.md,reference/system-tables/filesystem_cache.mdx,https://clickhouse.com/docs/operations/system-tables/filesystem_cache,https://private-7c7dfe99.mintlify.app/reference/system-tables/filesystem_cache,matched,a2328859464bad53,true,a2328859464bad53,2026-05-08T21:00:33+00:00,false
/operations/system-tables/filesystem_cache_settings,docs/operations/system-tables/filesystem_cache_settings.md,reference/system-tables/filesystem_cache_settings.mdx,https://clickhouse.com/docs/operations/system-tables/filesystem_cache_settings,https://private-7c7dfe99.mintlify.app/reference/system-tables/filesystem_cache_settings,matched,f63a3ce78be78d76,true,f63a3ce78be78d76,2026-05-08T21:00:34+00:00,false
/operations/system-tables/formats,docs/operations/system-tables/formats.md,reference/system-tables/formats.mdx,https://clickhouse.com/docs/operations/system-tables/formats,https://private-7c7dfe99.mintlify.app/reference/system-tables/formats,matched,6bf140e370f7095a,true,6bf140e370f7095a,2026-05-08T21:00:34+00:00,false
/operations/system-tables/functions,docs/operations/system-tables/functions.md,reference/system-tables/functions.mdx,https://clickhouse.com/docs/operations/system-tables/functions,https://private-7c7dfe99.mintlify.app/reference/system-tables/functions,matched,317a31646da43871,true,317a31646da43871,2026-05-08T21:00:34+00:00,false
/operations/system-tables/grants,docs/operations/system-tables/grants.md,reference/system-tables/grants.mdx,https://clickhouse.com/docs/operations/system-tables/grants,https://private-7c7dfe99.mintlify.app/reference/system-tables/grants,matched,db93d4275fb4da54,true,db93d4275fb4da54,2026-05-08T21:00:34+00:00,false
/operations/system-tables/graphite_retentions,docs/operations/system-tables/graphite_retentions.md,reference/system-tables/graphite_retentions.mdx,https://clickhouse.com/docs/operations/system-tables/graphite_retentions,https://private-7c7dfe99.mintlify.app/reference/system-tables/graphite_retentions,matched,464bac9447aad728,true,464bac9447aad728,2026-05-08T21:00:34+00:00,false
/operations/system-tables/histogram_metric_log,docs/operations/system-tables/histogram_metric_log.md,reference/system-tables/histogram_metric_log.mdx,https://clickhouse.com/docs/operations/system-tables/histogram_metric_log,https://private-7c7dfe99.mintlify.app/reference/system-tables/histogram_metric_log,matched,308a76483b4fe0e8,true,308a76483b4fe0e8,2026-05-08T09:09:20+00:00,false
/operations/system-tables/histogram_metrics,docs/operations/system-tables/histogram_metrics.md,reference/system-tables/histogram_metrics.mdx,https://clickhouse.com/docs/operations/system-tables/histogram_metrics,https://private-7c7dfe99.mintlify.app/reference/system-tables/histogram_metrics,matched,b080a161165dcec1,true,b080a161165dcec1,2026-05-08T21:00:35+00:00,false
/operations/system-tables/iceberg_history,docs/operations/system-tables/iceberg_history.md,reference/system-tables/iceberg_history.mdx,https://clickhouse.com/docs/operations/system-tables/iceberg_history,https://private-7c7dfe99.mintlify.app/reference/system-tables/iceberg_history,matched,0ffc57c3e2b81eab,true,0ffc57c3e2b81eab,2026-05-08T21:00:35+00:00,false
/operations/system-tables/iceberg_metadata_log,docs/operations/system-tables/iceberg_metadata_log.md,reference/system-tables/iceberg_metadata_log.mdx,https://clickhouse.com/docs/operations/system-tables/iceberg_metadata_log,https://private-7c7dfe99.mintlify.app/reference/system-tables/iceberg_metadata_log,matched,9486f94203c4e2aa,true,9486f94203c4e2aa,2026-05-09T09:39:38+00:00,false
/operations/system-tables/information_schema,docs/operations/system-tables/information_schema.md,reference/system-tables/information_schema.mdx,https://clickhouse.com/docs/operations/system-tables/information_schema,https://private-7c7dfe99.mintlify.app/reference/system-tables/information_schema,matched,2bf3990b6391d6e4,true,2bf3990b6391d6e4,2026-05-08T21:00:35+00:00,false
/operations/system-tables/instrumentation,docs/operations/system-tables/instrumentation.md,reference/system-tables/instrumentation.mdx,https://clickhouse.com/docs/operations/system-tables/instrumentation,https://private-7c7dfe99.mintlify.app/reference/system-tables/instrumentation,matched,84e4433828e2eebd,true,84e4433828e2eebd,2026-05-08T21:00:35+00:00,false
/operations/system-tables/jemalloc_bins,docs/operations/system-tables/jemalloc_bins.md,reference/system-tables/jemalloc_bins.mdx,https://clickhouse.com/docs/operations/system-tables/jemalloc_bins,https://private-7c7dfe99.mintlify.app/reference/system-tables/jemalloc_bins,matched,a41ea66e95fd065e,true,a41ea66e95fd065e,2026-05-08T21:00:36+00:00,false
/operations/system-tables/jemalloc_profile_text,docs/operations/system-tables/jemalloc_profile_text.md,reference/system-tables/jemalloc_profile_text.mdx,https://clickhouse.com/docs/operations/system-tables/jemalloc_profile_text,https://private-7c7dfe99.mintlify.app/reference/system-tables/jemalloc_profile_text,matched,cca46516004deb0d,true,cca46516004deb0d,2026-05-08T21:00:36+00:00,false
/operations/system-tables/jemalloc_stats,docs/operations/system-tables/jemalloc_stats.md,reference/system-tables/jemalloc_stats.mdx,https://clickhouse.com/docs/operations/system-tables/jemalloc_stats,https://private-7c7dfe99.mintlify.app/reference/system-tables/jemalloc_stats,matched,929f907b08f2ee2d,true,929f907b08f2ee2d,2026-05-08T21:00:36+00:00,false
/operations/system-tables/kafka_consumers,docs/operations/system-tables/kafka_consumers.md,reference/system-tables/kafka_consumers.mdx,https://clickhouse.com/docs/operations/system-tables/kafka_consumers,https://private-7c7dfe99.mintlify.app/reference/system-tables/kafka_consumers,matched,e094d2f770da5230,true,e094d2f770da5230,2026-05-08T21:00:36+00:00,false
/operations/system-tables/keywords,docs/operations/system-tables/keywords.md,reference/system-tables/keywords.mdx,https://clickhouse.com/docs/operations/system-tables/keywords,https://private-7c7dfe99.mintlify.app/reference/system-tables/keywords,matched,580293e04e4b5ef0,true,580293e04e4b5ef0,2026-05-08T21:00:36+00:00,false
/operations/system-tables/licenses,docs/operations/system-tables/licenses.md,reference/system-tables/licenses.mdx,https://clickhouse.com/docs/operations/system-tables/licenses,https://private-7c7dfe99.mintlify.app/reference/system-tables/licenses,matched,9d1423ef5ce07210,true,9d1423ef5ce07210,2026-05-08T21:00:36+00:00,false
/operations/system-tables/macros,docs/operations/system-tables/macros.md,reference/system-tables/macros.mdx,https://clickhouse.com/docs/operations/system-tables/macros,https://private-7c7dfe99.mintlify.app/reference/system-tables/macros,matched,ca6dd30401322eb5,true,ca6dd30401322eb5,2026-05-08T21:00:37+00:00,false
/operations/system-tables/masking_policies,docs/operations/system-tables/masking_policies.md,reference/system-tables/masking_policies.mdx,https://clickhouse.com/docs/operations/system-tables/masking_policies,https://private-7c7dfe99.mintlify.app/reference/system-tables/masking_policies,matched,2122b6c04db57faf,true,2122b6c04db57faf,2026-05-08T21:00:37+00:00,false
/operations/system-tables/merge_tree_settings,docs/operations/system-tables/merge_tree_settings.md,reference/system-tables/merge_tree_settings.mdx,https://clickhouse.com/docs/operations/system-tables/merge_tree_settings,https://private-7c7dfe99.mintlify.app/reference/system-tables/merge_tree_settings,matched,e5e8db50498b1673,true,e5e8db50498b1673,2026-05-08T21:00:37+00:00,false
/operations/system-tables/merges,docs/operations/system-tables/merges.md,reference/system-tables/merges.mdx,https://clickhouse.com/docs/operations/system-tables/merges,https://private-7c7dfe99.mintlify.app/reference/system-tables/merges,matched,60c36e1d757cb666,true,60c36e1d757cb666,2026-05-08T21:00:37+00:00,false
/operations/system-tables/metric_log,docs/operations/system-tables/metric_log.md,reference/system-tables/metric_log.mdx,https://clickhouse.com/docs/operations/system-tables/metric_log,https://private-7c7dfe99.mintlify.app/reference/system-tables/metric_log,matched,1d512cf16da54748,true,1d512cf16da54748,2026-05-08T21:00:37+00:00,false
/operations/system-tables/metrics,docs/operations/system-tables/metrics.md,reference/system-tables/metrics.mdx,https://clickhouse.com/docs/operations/system-tables/metrics,https://private-7c7dfe99.mintlify.app/reference/system-tables/metrics,matched,3c50826b4bb3b3b5,true,3c50826b4bb3b3b5,2026-05-08T21:00:38+00:00,false
/operations/system-tables/models,docs/operations/system-tables/models.md,reference/system-tables/models.mdx,https://clickhouse.com/docs/operations/system-tables/models,https://private-7c7dfe99.mintlify.app/reference/system-tables/models,matched,6d6f942a7cc2bcb5,true,6d6f942a7cc2bcb5,2026-05-08T21:00:38+00:00,false
/operations/system-tables/moves,docs/operations/system-tables/moves.md,reference/system-tables/moves.mdx,https://clickhouse.com/docs/operations/system-tables/moves,https://private-7c7dfe99.mintlify.app/reference/system-tables/moves,matched,b7f2eb2b29243e5a,true,b7f2eb2b29243e5a,2026-05-08T21:00:38+00:00,false
/operations/system-tables/mutations,docs/operations/system-tables/mutations.md,reference/system-tables/mutations.mdx,https://clickhouse.com/docs/operations/system-tables/mutations,https://private-7c7dfe99.mintlify.app/reference/system-tables/mutations,matched,5e9568ccde263373,true,5e9568ccde263373,2026-05-08T21:00:38+00:00,false
/operations/system-tables/named_collections,docs/operations/system-tables/named_collections.md,reference/system-tables/named_collections.mdx,https://clickhouse.com/docs/operations/system-tables/named_collections,https://private-7c7dfe99.mintlify.app/reference/system-tables/named_collections,matched,7219d93d3bc75213,true,7219d93d3bc75213,2026-05-08T21:00:38+00:00,false
/operations/system-tables/numbers,docs/operations/system-tables/numbers.md,reference/system-tables/numbers.mdx,https://clickhouse.com/docs/operations/system-tables/numbers,https://private-7c7dfe99.mintlify.app/reference/system-tables/numbers,matched,99047aec8c3514df,true,99047aec8c3514df,2026-05-08T21:00:38+00:00,false
/operations/system-tables/numbers_mt,docs/operations/system-tables/numbers_mt.md,reference/system-tables/numbers_mt.mdx,https://clickhouse.com/docs/operations/system-tables/numbers_mt,https://private-7c7dfe99.mintlify.app/reference/system-tables/numbers_mt,matched,fb734a6e8fefc43a,true,fb734a6e8fefc43a,2026-05-08T21:00:39+00:00,false
/operations/system-tables/one,docs/operations/system-tables/one.md,reference/system-tables/one.mdx,https://clickhouse.com/docs/operations/system-tables/one,https://private-7c7dfe99.mintlify.app/reference/system-tables/one,matched,8cebbfc8b51d7d1e,true,8cebbfc8b51d7d1e,2026-05-08T21:00:39+00:00,false
/operations/system-tables/opentelemetry_span_log,docs/operations/system-tables/opentelemetry_span_log.md,reference/system-tables/opentelemetry_span_log.mdx,https://clickhouse.com/docs/operations/system-tables/opentelemetry_span_log,https://private-7c7dfe99.mintlify.app/reference/system-tables/opentelemetry_span_log,matched,d9cb18593cf23a1b,true,d9cb18593cf23a1b,2026-05-08T21:00:39+00:00,false
/operations/system-tables/overview,docs/operations/system-tables/overview.md,reference/system-tables/overview.mdx,https://clickhouse.com/docs/operations/system-tables/overview,https://private-7c7dfe99.mintlify.app/reference/system-tables/overview,matched,9aff12963c1e1db4,true,9aff12963c1e1db4,2026-05-08T09:09:20+00:00,false
/operations/system-tables/part_log,docs/operations/system-tables/part_log.md,reference/system-tables/part_log.mdx,https://clickhouse.com/docs/operations/system-tables/part_log,https://private-7c7dfe99.mintlify.app/reference/system-tables/part_log,matched,4ea58a41ff4e740f,true,4ea58a41ff4e740f,2026-05-08T21:00:39+00:00,false
/operations/system-tables/part_moves_between_shards,docs/operations/system-tables/part_moves_between_shards.md,reference/system-tables/part_moves_between_shards.mdx,https://clickhouse.com/docs/operations/system-tables/part_moves_between_shards,https://private-7c7dfe99.mintlify.app/reference/system-tables/part_moves_between_shards,matched,2caa49aba757cf95,true,2caa49aba757cf95,2026-05-08T21:00:39+00:00,false
/operations/system-tables/parts,docs/operations/system-tables/parts.md,reference/system-tables/parts.mdx,https://clickhouse.com/docs/operations/system-tables/parts,https://private-7c7dfe99.mintlify.app/reference/system-tables/parts,matched,e7902abf92be8d42,true,e7902abf92be8d42,2026-05-08T21:00:39+00:00,false
/operations/system-tables/parts_columns,docs/operations/system-tables/parts_columns.md,reference/system-tables/parts_columns.mdx,https://clickhouse.com/docs/operations/system-tables/parts_columns,https://private-7c7dfe99.mintlify.app/reference/system-tables/parts_columns,matched,54ddc77af6501853,true,54ddc77af6501853,2026-05-08T21:00:40+00:00,false
/operations/system-tables/predicate_statistics_log,docs/operations/system-tables/predicate_statistics_log.md,reference/system-tables/predicate_statistics_log.mdx,https://clickhouse.com/docs/operations/system-tables/predicate_statistics_log,https://private-7c7dfe99.mintlify.app/reference/system-tables/predicate_statistics_log,matched,e59c66b02a8f6dc5,true,e59c66b02a8f6dc5,2026-05-08T21:00:40+00:00,false
/operations/system-tables/primes,docs/operations/system-tables/primes.md,reference/system-tables/primes.mdx,https://clickhouse.com/docs/operations/system-tables/primes,https://private-7c7dfe99.mintlify.app/reference/system-tables/primes,matched,c8bd5508638d5ac1,true,c8bd5508638d5ac1,2026-05-08T21:00:40+00:00,false
/operations/system-tables/privileges,docs/operations/system-tables/privileges.md,reference/system-tables/privileges.mdx,https://clickhouse.com/docs/operations/system-tables/privileges,https://private-7c7dfe99.mintlify.app/reference/system-tables/privileges,matched,0eaf18fdf6d84297,true,0eaf18fdf6d84297,2026-05-08T21:00:40+00:00,false
/operations/system-tables/processes,docs/operations/system-tables/processes.md,reference/system-tables/processes.mdx,https://clickhouse.com/docs/operations/system-tables/processes,https://private-7c7dfe99.mintlify.app/reference/system-tables/processes,matched,095da99b65d76a75,true,095da99b65d76a75,2026-05-08T21:00:40+00:00,false
/operations/system-tables/processors_profile_log,docs/operations/system-tables/processors_profile_log.md,reference/system-tables/processors_profile_log.mdx,https://clickhouse.com/docs/operations/system-tables/processors_profile_log,https://private-7c7dfe99.mintlify.app/reference/system-tables/processors_profile_log,matched,2e55127c1f88d4a0,true,2e55127c1f88d4a0,2026-05-08T21:00:40+00:00,false
/operations/system-tables/projection_parts,docs/operations/system-tables/projection_parts.md,reference/system-tables/projection_parts.mdx,https://clickhouse.com/docs/operations/system-tables/projection_parts,https://private-7c7dfe99.mintlify.app/reference/system-tables/projection_parts,matched,b10448ea435d4160,true,b10448ea435d4160,2026-05-08T21:00:41+00:00,false
/operations/system-tables/projection_parts_columns,docs/operations/system-tables/projection_parts_columns.md,reference/system-tables/projection_parts_columns.mdx,https://clickhouse.com/docs/operations/system-tables/projection_parts_columns,https://private-7c7dfe99.mintlify.app/reference/system-tables/projection_parts_columns,matched,60999602641591a7,true,60999602641591a7,2026-05-08T21:00:41+00:00,false
/operations/system-tables/projections,docs/operations/system-tables/projections.md,reference/system-tables/projections.mdx,https://clickhouse.com/docs/operations/system-tables/projections,https://private-7c7dfe99.mintlify.app/reference/system-tables/projections,matched,43812f2032aac42f,true,43812f2032aac42f,2026-05-08T21:00:41+00:00,false
/operations/system-tables/query_cache,docs/operations/system-tables/query_cache.md,reference/system-tables/query_cache.mdx,https://clickhouse.com/docs/operations/system-tables/query_cache,https://private-7c7dfe99.mintlify.app/reference/system-tables/query_cache,matched,23a6576a6892b3c7,true,23a6576a6892b3c7,2026-05-08T21:00:41+00:00,false
/operations/system-tables/query_condition_cache,docs/operations/system-tables/query_condition_cache.md,reference/system-tables/query_condition_cache.mdx,https://clickhouse.com/docs/operations/system-tables/query_condition_cache,https://private-7c7dfe99.mintlify.app/reference/system-tables/query_condition_cache,matched,2cdfd85810116d3e,true,2cdfd85810116d3e,2026-05-08T21:00:41+00:00,false
/operations/system-tables/query_log,docs/operations/system-tables/query_log.md,reference/system-tables/query_log.mdx,https://clickhouse.com/docs/operations/system-tables/query_log,https://private-7c7dfe99.mintlify.app/reference/system-tables/query_log,matched,3de852b13baf776a,true,3de852b13baf776a,2026-05-08T21:00:41+00:00,false
/operations/system-tables/query_metric_log,docs/operations/system-tables/query_metric_log.md,reference/system-tables/query_metric_log.mdx,https://clickhouse.com/docs/operations/system-tables/query_metric_log,https://private-7c7dfe99.mintlify.app/reference/system-tables/query_metric_log,matched,0f956a9e2deda16e,true,0f956a9e2deda16e,2026-05-08T21:00:42+00:00,false
/operations/system-tables/query_thread_log,docs/operations/system-tables/query_thread_log.md,reference/system-tables/query_thread_log.mdx,https://clickhouse.com/docs/operations/system-tables/query_thread_log,https://private-7c7dfe99.mintlify.app/reference/system-tables/query_thread_log,matched,00f6f70694ad25ba,true,00f6f70694ad25ba,2026-05-08T21:00:42+00:00,false
/operations/system-tables/query_views_log,docs/operations/system-tables/query_views_log.md,reference/system-tables/query_views_log.mdx,https://clickhouse.com/docs/operations/system-tables/query_views_log,https://private-7c7dfe99.mintlify.app/reference/system-tables/query_views_log,matched,c768e17eef005330,true,c768e17eef005330,2026-05-08T21:00:42+00:00,false
/operations/system-tables/quota_limits,docs/operations/system-tables/quota_limits.md,reference/system-tables/quota_limits.mdx,https://clickhouse.com/docs/operations/system-tables/quota_limits,https://private-7c7dfe99.mintlify.app/reference/system-tables/quota_limits,matched,89cf3fd2c278ac25,true,89cf3fd2c278ac25,2026-05-08T21:00:42+00:00,false
/operations/system-tables/quota_usage,docs/operations/system-tables/quota_usage.md,reference/system-tables/quota_usage.mdx,https://clickhouse.com/docs/operations/system-tables/quota_usage,https://private-7c7dfe99.mintlify.app/reference/system-tables/quota_usage,matched,553a83991534ff79,true,553a83991534ff79,2026-05-08T21:00:42+00:00,false
/operations/system-tables/quotas,docs/operations/system-tables/quotas.md,reference/system-tables/quotas.mdx,https://clickhouse.com/docs/operations/system-tables/quotas,https://private-7c7dfe99.mintlify.app/reference/system-tables/quotas,matched,c7e6b2b4098b55ea,true,c7e6b2b4098b55ea,2026-05-08T21:00:43+00:00,false
/operations/system-tables/quotas_usage,docs/operations/system-tables/quotas_usage.md,reference/system-tables/quotas_usage.mdx,https://clickhouse.com/docs/operations/system-tables/quotas_usage,https://private-7c7dfe99.mintlify.app/reference/system-tables/quotas_usage,matched,e236c52aec1f14c5,true,e236c52aec1f14c5,2026-05-08T21:00:43+00:00,false
/operations/system-tables/remote_data_paths,docs/operations/system-tables/remote_data_paths.md,reference/system-tables/remote_data_paths.mdx,https://clickhouse.com/docs/operations/system-tables/remote_data_paths,https://private-7c7dfe99.mintlify.app/reference/system-tables/remote_data_paths,matched,16f789c68faf453c,true,16f789c68faf453c,2026-05-08T21:00:43+00:00,false
/operations/system-tables/replicas,docs/operations/system-tables/replicas.md,reference/system-tables/replicas.mdx,https://clickhouse.com/docs/operations/system-tables/replicas,https://private-7c7dfe99.mintlify.app/reference/system-tables/replicas,matched,ff3c69a1ea9499a7,true,ff3c69a1ea9499a7,2026-05-08T21:00:43+00:00,false
/operations/system-tables/replicated_fetches,docs/operations/system-tables/replicated_fetches.md,reference/system-tables/replicated_fetches.mdx,https://clickhouse.com/docs/operations/system-tables/replicated_fetches,https://private-7c7dfe99.mintlify.app/reference/system-tables/replicated_fetches,matched,36f5e02689262f81,true,36f5e02689262f81,2026-05-08T21:00:43+00:00,false
/operations/system-tables/replicated_merge_tree_settings,docs/operations/system-tables/replicated_merge_tree_settings.md,reference/system-tables/replicated_merge_tree_settings.mdx,https://clickhouse.com/docs/operations/system-tables/replicated_merge_tree_settings,https://private-7c7dfe99.mintlify.app/reference/system-tables/replicated_merge_tree_settings,matched,9db9dabaac8efd5c,true,9db9dabaac8efd5c,2026-05-08T21:00:43+00:00,false
/operations/system-tables/replication_queue,docs/operations/system-tables/replication_queue.md,reference/system-tables/replication_queue.mdx,https://clickhouse.com/docs/operations/system-tables/replication_queue,https://private-7c7dfe99.mintlify.app/reference/system-tables/replication_queue,matched,d358990d7d9272e1,true,d358990d7d9272e1,2026-05-08T21:00:44+00:00,false
/operations/system-tables/resources,docs/operations/system-tables/resources.md,reference/system-tables/resources.mdx,https://clickhouse.com/docs/operations/system-tables/resources,https://private-7c7dfe99.mintlify.app/reference/system-tables/resources,matched,4fb371b9dfddd759,true,4fb371b9dfddd759,2026-05-08T21:00:44+00:00,false
/operations/system-tables/rocksdb,docs/operations/system-tables/rocksdb.md,reference/system-tables/rocksdb.mdx,https://clickhouse.com/docs/operations/system-tables/rocksdb,https://private-7c7dfe99.mintlify.app/reference/system-tables/rocksdb,matched,82024034ca9109cc,true,82024034ca9109cc,2026-05-08T21:00:44+00:00,false
/operations/system-tables/role_grants,docs/operations/system-tables/role_grants.md,reference/system-tables/role_grants.mdx,https://clickhouse.com/docs/operations/system-tables/role_grants,https://private-7c7dfe99.mintlify.app/reference/system-tables/role_grants,matched,b74709322c8154c6,true,b74709322c8154c6,2026-05-08T21:00:44+00:00,false
/operations/system-tables/roles,docs/operations/system-tables/roles.md,reference/system-tables/roles.mdx,https://clickhouse.com/docs/operations/system-tables/roles,https://private-7c7dfe99.mintlify.app/reference/system-tables/roles,matched,af7a908a7c67e751,true,af7a908a7c67e751,2026-05-08T21:00:44+00:00,false
/operations/system-tables/row_policies,docs/operations/system-tables/row_policies.md,reference/system-tables/row_policies.mdx,https://clickhouse.com/docs/operations/system-tables/row_policies,https://private-7c7dfe99.mintlify.app/reference/system-tables/row_policies,matched,6890a710e54e1699,true,6890a710e54e1699,2026-05-08T21:00:44+00:00,false
/operations/system-tables/s3_queue_settings,docs/operations/system-tables/s3_queue_settings.md,reference/system-tables/s3_queue_settings.mdx,https://clickhouse.com/docs/operations/system-tables/s3_queue_settings,https://private-7c7dfe99.mintlify.app/reference/system-tables/s3_queue_settings,matched,83ef2d10121b8a8e,true,83ef2d10121b8a8e,2026-05-08T21:00:45+00:00,false
/operations/system-tables/s3queue_metadata_cache,docs/operations/system-tables/s3queue_metadata_cache.md,reference/system-tables/s3queue_metadata_cache.mdx,https://clickhouse.com/docs/operations/system-tables/s3queue_metadata_cache,https://private-7c7dfe99.mintlify.app/reference/system-tables/s3queue_metadata_cache,matched,5383de79a1001a99,true,5383de79a1001a99,2026-05-08T21:00:45+00:00,false
/operations/system-tables/scheduler,docs/operations/system-tables/scheduler.md,reference/system-tables/scheduler.mdx,https://clickhouse.com/docs/operations/system-tables/scheduler,https://private-7c7dfe99.mintlify.app/reference/system-tables/scheduler,matched,31f0f12a50186fe9,true,31f0f12a50186fe9,2026-05-08T21:00:45+00:00,false
/operations/system-tables/schema_inference_cache,docs/operations/system-tables/schema_inference_cache.md,reference/system-tables/schema_inference_cache.mdx,https://clickhouse.com/docs/operations/system-tables/schema_inference_cache,https://private-7c7dfe99.mintlify.app/reference/system-tables/schema_inference_cache,matched,553ff97032d7232d,true,553ff97032d7232d,2026-05-08T21:00:45+00:00,false
/operations/system-tables/server_settings,docs/operations/system-tables/server_settings.md,reference/system-tables/server_settings.mdx,https://clickhouse.com/docs/operations/system-tables/server_settings,https://private-7c7dfe99.mintlify.app/reference/system-tables/server_settings,matched,e25fce44808bcb06,true,e25fce44808bcb06,2026-05-08T21:00:45+00:00,false
/operations/system-tables/session_log,docs/operations/system-tables/session_log.md,reference/system-tables/session_log.mdx,https://clickhouse.com/docs/operations/system-tables/session_log,https://private-7c7dfe99.mintlify.app/reference/system-tables/session_log,matched,5b148a260543108d,true,5b148a260543108d,2026-05-08T21:00:45+00:00,false
/operations/system-tables/settings,docs/operations/system-tables/settings.md,reference/system-tables/settings.mdx,https://clickhouse.com/docs/operations/system-tables/settings,https://private-7c7dfe99.mintlify.app/reference/system-tables/settings,matched,2ebf7340bff64f63,true,2ebf7340bff64f63,2026-05-08T21:00:46+00:00,false
/operations/system-tables/settings_changes,docs/operations/system-tables/settings_changes.md,reference/system-tables/settings_changes.mdx,https://clickhouse.com/docs/operations/system-tables/settings_changes,https://private-7c7dfe99.mintlify.app/reference/system-tables/settings_changes,matched,1cd1742d0fa202ae,true,1cd1742d0fa202ae,2026-05-09T09:39:38+00:00,false
/operations/system-tables/settings_profile_elements,docs/operations/system-tables/settings_profile_elements.md,reference/system-tables/settings_profile_elements.mdx,https://clickhouse.com/docs/operations/system-tables/settings_profile_elements,https://private-7c7dfe99.mintlify.app/reference/system-tables/settings_profile_elements,matched,97bd32e8684d20f5,true,97bd32e8684d20f5,2026-05-08T21:00:46+00:00,false
/operations/system-tables/settings_profiles,docs/operations/system-tables/settings_profiles.md,reference/system-tables/settings_profiles.mdx,https://clickhouse.com/docs/operations/system-tables/settings_profiles,https://private-7c7dfe99.mintlify.app/reference/system-tables/settings_profiles,matched,37014ff91f7b8d7d,true,37014ff91f7b8d7d,2026-05-08T21:00:46+00:00,false
/operations/system-tables/stack_trace,docs/operations/system-tables/stack_trace.md,reference/system-tables/stack_trace.mdx,https://clickhouse.com/docs/operations/system-tables/stack_trace,https://private-7c7dfe99.mintlify.app/reference/system-tables/stack_trace,matched,1411b6e4f944dbe1,true,1411b6e4f944dbe1,2026-05-08T21:00:46+00:00,false
/operations/system-tables/storage_policies,docs/operations/system-tables/storage_policies.md,reference/system-tables/storage_policies.mdx,https://clickhouse.com/docs/operations/system-tables/storage_policies,https://private-7c7dfe99.mintlify.app/reference/system-tables/storage_policies,matched,fed2f7775762fe30,true,fed2f7775762fe30,2026-05-08T21:00:46+00:00,false
/operations/system-tables/symbols,docs/operations/system-tables/symbols.md,reference/system-tables/symbols.mdx,https://clickhouse.com/docs/operations/system-tables/symbols,https://private-7c7dfe99.mintlify.app/reference/system-tables/symbols,matched,54037cfdf8943d44,true,54037cfdf8943d44,2026-05-08T21:00:47+00:00,false
/operations/system-tables/system-error-log,docs/operations/system-tables/error_log.md,reference/system-tables/error_log.mdx,https://clickhouse.com/docs/operations/system-tables/system-error-log,https://private-7c7dfe99.mintlify.app/reference/system-tables/error_log,matched,321bfc2e913f12ba,true,321bfc2e913f12ba,2026-05-08T21:00:33+00:00,false
/operations/system-tables/system_warnings,docs/operations/system-tables/system_warnings.md,reference/system-tables/system_warnings.mdx,https://clickhouse.com/docs/operations/system-tables/system_warnings,https://private-7c7dfe99.mintlify.app/reference/system-tables/system_warnings,matched,019d08eb5d53c4d2,true,019d08eb5d53c4d2,2026-05-08T09:09:20+00:00,false
/operations/system-tables/table_engines,docs/operations/system-tables/table_engines.md,reference/system-tables/table_engines.mdx,https://clickhouse.com/docs/operations/system-tables/table_engines,https://private-7c7dfe99.mintlify.app/reference/system-tables/table_engines,matched,8638422eb124890a,true,8638422eb124890a,2026-05-08T21:00:47+00:00,false
/operations/system-tables/table_functions,docs/operations/system-tables/table_functions.md,reference/system-tables/table_functions.mdx,https://clickhouse.com/docs/operations/system-tables/table_functions,https://private-7c7dfe99.mintlify.app/reference/system-tables/table_functions,matched,49b4a602760f3947,true,49b4a602760f3947,2026-05-08T21:00:47+00:00,false
/operations/system-tables/tables,docs/operations/system-tables/tables.md,reference/system-tables/tables.mdx,https://clickhouse.com/docs/operations/system-tables/tables,https://private-7c7dfe99.mintlify.app/reference/system-tables/tables,matched,fbc64c07a416dc15,true,fbc64c07a416dc15,2026-05-08T21:00:47+00:00,false
/operations/system-tables/text_log,docs/operations/system-tables/text_log.md,reference/system-tables/text_log.mdx,https://clickhouse.com/docs/operations/system-tables/text_log,https://private-7c7dfe99.mintlify.app/reference/system-tables/text_log,matched,677a1ea4207cee55,true,677a1ea4207cee55,2026-05-08T21:00:47+00:00,false
/operations/system-tables/time_zones,docs/operations/system-tables/time_zones.md,reference/system-tables/time_zones.mdx,https://clickhouse.com/docs/operations/system-tables/time_zones,https://private-7c7dfe99.mintlify.app/reference/system-tables/time_zones,matched,bb828e8cbba5f6cb,true,bb828e8cbba5f6cb,2026-05-08T21:00:48+00:00,false
/operations/system-tables/tokenizers,docs/operations/system-tables/tokenizers.md,reference/system-tables/tokenizers.mdx,https://clickhouse.com/docs/operations/system-tables/tokenizers,https://private-7c7dfe99.mintlify.app/reference/system-tables/tokenizers,matched,f38b49844109c253,true,f38b49844109c253,2026-05-08T21:00:48+00:00,false
/operations/system-tables/trace_log,docs/operations/system-tables/trace_log.md,reference/system-tables/trace_log.mdx,https://clickhouse.com/docs/operations/system-tables/trace_log,https://private-7c7dfe99.mintlify.app/reference/system-tables/trace_log,matched,8d1e605ed467e6ee,true,8d1e605ed467e6ee,2026-05-08T21:00:48+00:00,false
/operations/system-tables/transactions,docs/operations/system-tables/transactions.md,reference/system-tables/transactions.mdx,https://clickhouse.com/docs/operations/system-tables/transactions,https://private-7c7dfe99.mintlify.app/reference/system-tables/transactions,matched,2bf44ed2ecafc08d,true,2bf44ed2ecafc08d,2026-05-08T21:00:48+00:00,false
/operations/system-tables/unicode,docs/operations/system-tables/unicode.md,reference/system-tables/unicode.mdx,https://clickhouse.com/docs/operations/system-tables/unicode,https://private-7c7dfe99.mintlify.app/reference/system-tables/unicode,matched,627dfc36a5b58ce7,true,627dfc36a5b58ce7,2026-05-08T21:00:48+00:00,false
/operations/system-tables/user_defined_functions,docs/operations/system-tables/user_defined_functions.md,reference/system-tables/user_defined_functions.mdx,https://clickhouse.com/docs/operations/system-tables/user_defined_functions,https://private-7c7dfe99.mintlify.app/reference/system-tables/user_defined_functions,matched,b1a8f52c5076b0b4,true,b1a8f52c5076b0b4,2026-05-08T21:00:48+00:00,false
/operations/system-tables/user_directories,docs/operations/system-tables/user_directories.md,reference/system-tables/user_directories.mdx,https://clickhouse.com/docs/operations/system-tables/user_directories,https://private-7c7dfe99.mintlify.app/reference/system-tables/user_directories,matched,54f4b3a41b32add7,true,54f4b3a41b32add7,2026-05-08T21:00:49+00:00,false
/operations/system-tables/user_processes,docs/operations/system-tables/user_processes.md,reference/system-tables/user_processes.mdx,https://clickhouse.com/docs/operations/system-tables/user_processes,https://private-7c7dfe99.mintlify.app/reference/system-tables/user_processes,matched,ee79d5d7c8a9bde9,true,ee79d5d7c8a9bde9,2026-05-08T21:00:49+00:00,false
/operations/system-tables/users,docs/operations/system-tables/users.md,reference/system-tables/users.mdx,https://clickhouse.com/docs/operations/system-tables/users,https://private-7c7dfe99.mintlify.app/reference/system-tables/users,matched,221907cf57c6edf9,true,221907cf57c6edf9,2026-05-08T21:00:49+00:00,false
/operations/system-tables/view_refreshes,docs/operations/system-tables/view_refreshes.md,reference/system-tables/view_refreshes.mdx,https://clickhouse.com/docs/operations/system-tables/view_refreshes,https://private-7c7dfe99.mintlify.app/reference/system-tables/view_refreshes,matched,b66716f71c70efe5,true,b66716f71c70efe5,2026-05-08T21:00:49+00:00,false
/operations/system-tables/warnings,docs/operations/system-tables/warnings.md,reference/system-tables/warnings.mdx,https://clickhouse.com/docs/operations/system-tables/warnings,https://private-7c7dfe99.mintlify.app/reference/system-tables/warnings,matched,4ca12d45f778f2dd,true,4ca12d45f778f2dd,2026-05-08T21:00:49+00:00,false
/operations/system-tables/workloads,docs/operations/system-tables/workloads.md,reference/system-tables/workloads.mdx,https://clickhouse.com/docs/operations/system-tables/workloads,https://private-7c7dfe99.mintlify.app/reference/system-tables/workloads,matched,53709c958ad3629b,true,53709c958ad3629b,2026-05-08T21:00:49+00:00,false
/operations/system-tables/zeros,docs/operations/system-tables/zeros.md,reference/system-tables/zeros.mdx,https://clickhouse.com/docs/operations/system-tables/zeros,https://private-7c7dfe99.mintlify.app/reference/system-tables/zeros,matched,c97ffc28ac196b6f,true,c97ffc28ac196b6f,2026-05-08T21:00:50+00:00,false
/operations/system-tables/zeros_mt,docs/operations/system-tables/zeros_mt.md,reference/system-tables/zeros_mt.mdx,https://clickhouse.com/docs/operations/system-tables/zeros_mt,https://private-7c7dfe99.mintlify.app/reference/system-tables/zeros_mt,matched,f709df8aa2bea480,true,f709df8aa2bea480,2026-05-08T21:00:50+00:00,false
/operations/system-tables/zookeeper,docs/operations/system-tables/zookeeper.md,reference/system-tables/zookeeper.mdx,https://clickhouse.com/docs/operations/system-tables/zookeeper,https://private-7c7dfe99.mintlify.app/reference/system-tables/zookeeper,matched,8450f27e685917ef,true,8450f27e685917ef,2026-05-08T21:00:50+00:00,false
/operations/system-tables/zookeeper_connection,docs/operations/system-tables/zookeeper_connection.md,reference/system-tables/zookeeper_connection.mdx,https://clickhouse.com/docs/operations/system-tables/zookeeper_connection,https://private-7c7dfe99.mintlify.app/reference/system-tables/zookeeper_connection,matched,b9e9457ffdd3c09e,true,b9e9457ffdd3c09e,2026-05-08T21:00:50+00:00,false
/operations/system-tables/zookeeper_connection_log,docs/operations/system-tables/zookeeper_connection_log.md,reference/system-tables/zookeeper_connection_log.mdx,https://clickhouse.com/docs/operations/system-tables/zookeeper_connection_log,https://private-7c7dfe99.mintlify.app/reference/system-tables/zookeeper_connection_log,matched,82cc939a254ee147,true,82cc939a254ee147,2026-05-08T21:00:50+00:00,false
/operations/system-tables/zookeeper_info,docs/operations/system-tables/zookeeper_info.md,reference/system-tables/zookeeper_info.mdx,https://clickhouse.com/docs/operations/system-tables/zookeeper_info,https://private-7c7dfe99.mintlify.app/reference/system-tables/zookeeper_info,matched,71cb3c42bf1acccf,true,71cb3c42bf1acccf,2026-05-08T21:00:51+00:00,false
/operations/system-tables/zookeeper_log,docs/operations/system-tables/zookeeper_log.md,reference/system-tables/zookeeper_log.mdx,https://clickhouse.com/docs/operations/system-tables/zookeeper_log,https://private-7c7dfe99.mintlify.app/reference/system-tables/zookeeper_log,matched,56f5d967c297b388,true,56f5d967c297b388,2026-05-08T21:00:51+00:00,false
/operations/system-tables/zookeeper_watches,docs/operations/system-tables/zookeeper_watches.md,reference/system-tables/zookeeper_watches.mdx,https://clickhouse.com/docs/operations/system-tables/zookeeper_watches,https://private-7c7dfe99.mintlify.app/reference/system-tables/zookeeper_watches,matched,55bceb25398b0ba4,true,55bceb25398b0ba4,2026-05-07T14:49:41+00:00,false
/operations/tips,docs/operations/tips.md,guides/oss/best-practices/tips.mdx,https://clickhouse.com/docs/operations/tips,https://private-7c7dfe99.mintlify.app/guides/oss/best-practices/tips,matched,5994e62267d818a6,true,5994e62267d818a6,2026-05-08T09:09:20+00:00,false
/operations/update,docs/operations/update.md,guides/oss/update.mdx,https://clickhouse.com/docs/operations/update,https://private-7c7dfe99.mintlify.app/guides/oss/update,matched,3ad40142a5980106,true,3ad40142a5980106,2026-05-08T09:09:20+00:00,false
/operations/userspace-page-cache,docs/operations/userspace-page-cache.md,concepts/features/performance/caches/userspace-page-cache.mdx,https://clickhouse.com/docs/operations/userspace-page-cache,https://private-7c7dfe99.mintlify.app/concepts/features/performance/caches/userspace-page-cache,matched,ea6fc6dcc9635bc1,true,ea6fc6dcc9635bc1,2026-05-08T09:09:20+00:00,false
/operations/utilities/,docs/operations/utilities/index.md,concepts/features/tools-and-utilities/index.mdx,https://clickhouse.com/docs/operations/utilities/,https://private-7c7dfe99.mintlify.app/concepts/features/tools-and-utilities,matched,139b82d21c5fea2d,true,139b82d21c5fea2d,2026-05-08T09:09:20+00:00,false
/operations/utilities/backupview,docs/operations/utilities/backupview.md,concepts/features/tools-and-utilities/backupview.mdx,https://clickhouse.com/docs/operations/utilities/backupview,https://private-7c7dfe99.mintlify.app/concepts/features/tools-and-utilities/backupview,matched,2554afce44bd3f4c,true,2554afce44bd3f4c,2026-05-07T14:49:41+00:00,false
/operations/utilities/clickhouse-benchmark,docs/operations/utilities/clickhouse-benchmark.md,concepts/features/tools-and-utilities/clickhouse-benchmark.mdx,https://clickhouse.com/docs/operations/utilities/clickhouse-benchmark,https://private-7c7dfe99.mintlify.app/concepts/features/tools-and-utilities/clickhouse-benchmark,matched,a600c7b329322e5b,true,a600c7b329322e5b,2026-05-07T14:49:41+00:00,false
/operations/utilities/clickhouse-compressor,docs/operations/utilities/clickhouse-compressor.md,concepts/features/tools-and-utilities/clickhouse-compressor.mdx,https://clickhouse.com/docs/operations/utilities/clickhouse-compressor,https://private-7c7dfe99.mintlify.app/concepts/features/tools-and-utilities/clickhouse-compressor,matched,e1d20246377ea770,false,,,false
/operations/utilities/clickhouse-disks,docs/operations/utilities/clickhouse-disks.md,concepts/features/tools-and-utilities/clickhouse-disks.mdx,https://clickhouse.com/docs/operations/utilities/clickhouse-disks,https://private-7c7dfe99.mintlify.app/concepts/features/tools-and-utilities/clickhouse-disks,matched,39a62a98184d3c05,true,39a62a98184d3c05,2026-05-07T14:49:41+00:00,false
/operations/utilities/clickhouse-format,docs/operations/utilities/clickhouse-format.md,concepts/features/tools-and-utilities/clickhouse-format.mdx,https://clickhouse.com/docs/operations/utilities/clickhouse-format,https://private-7c7dfe99.mintlify.app/concepts/features/tools-and-utilities/clickhouse-format,matched,620bb0c22df1a23b,false,,,false
/operations/utilities/clickhouse-keeper-client,docs/operations/utilities/clickhouse-keeper-client.md,concepts/features/tools-and-utilities/clickhouse-keeper-client.mdx,https://clickhouse.com/docs/operations/utilities/clickhouse-keeper-client,https://private-7c7dfe99.mintlify.app/concepts/features/tools-and-utilities/clickhouse-keeper-client,matched,a09632bedf043e16,true,a09632bedf043e16,2026-05-07T14:49:41+00:00,false
/operations/utilities/clickhouse-keeper-http-api,docs/operations/utilities/clickhouse-keeper-http-api.md,concepts/features/tools-and-utilities/clickhouse-keeper-http-api.mdx,https://clickhouse.com/docs/operations/utilities/clickhouse-keeper-http-api,https://private-7c7dfe99.mintlify.app/concepts/features/tools-and-utilities/clickhouse-keeper-http-api,matched,149558e56598d90d,true,149558e56598d90d,2026-05-07T14:49:41+00:00,false
/operations/utilities/clickhouse-local,docs/operations/utilities/clickhouse-local.md,concepts/features/tools-and-utilities/clickhouse-local.mdx,https://clickhouse.com/docs/operations/utilities/clickhouse-local,https://private-7c7dfe99.mintlify.app/concepts/features/tools-and-utilities/clickhouse-local,matched,5aa92f2c169b4c56,true,5aa92f2c169b4c56,2026-05-08T18:29:43+00:00,false
/operations/utilities/clickhouse-obfuscator,docs/operations/utilities/clickhouse-obfuscator.md,concepts/features/tools-and-utilities/clickhouse-obfuscator.mdx,https://clickhouse.com/docs/operations/utilities/clickhouse-obfuscator,https://private-7c7dfe99.mintlify.app/concepts/features/tools-and-utilities/clickhouse-obfuscator,matched,a1465aea8fd40bd2,false,,,false
/operations/utilities/odbc-bridge,docs/operations/utilities/odbc-bridge.md,concepts/features/tools-and-utilities/odbc-bridge.mdx,https://clickhouse.com/docs/operations/utilities/odbc-bridge,https://private-7c7dfe99.mintlify.app/concepts/features/tools-and-utilities/odbc-bridge,matched,85d971b7567c96e5,false,,,false
/operations/utilities/static-files-disk-uploader,docs/tools-and-utilities/static-files-disk-uploader.md,concepts/features/tools-and-utilities/static-files-disk-uploader.mdx,https://clickhouse.com/docs/operations/utilities/static-files-disk-uploader,https://private-7c7dfe99.mintlify.app/concepts/features/tools-and-utilities/static-files-disk-uploader,matched,74f0f1b06ffe8edd,true,74f0f1b06ffe8edd,2026-05-07T14:49:41+00:00,false
/operations/workload-scheduling,docs/operations/workload-scheduling.md,concepts/features/configuration/server-config/workload-scheduling.mdx,https://clickhouse.com/docs/operations/workload-scheduling,https://private-7c7dfe99.mintlify.app/concepts/features/configuration/server-config/workload-scheduling,matched,8032e74c1af9f4e6,true,8032e74c1af9f4e6,2026-05-08T09:09:20+00:00,false
/optimize/asynchronous-inserts,docs/guides/best-practices/asyncinserts.md,concepts/operations/insert/asyncinserts.mdx,https://clickhouse.com/docs/optimize/asynchronous-inserts,https://private-7c7dfe99.mintlify.app/concepts/operations/insert/asyncinserts,matched,090826f9f6e052fc,true,090826f9f6e052fc,2026-05-08T09:09:20+00:00,false
/optimize/avoid-mutations,docs/guides/best-practices/avoidmutations.md,,https://clickhouse.com/docs/optimize/avoid-mutations,,unmatched,d6bdbbc76771255f,false,,,false
/optimize/avoid-nullable-columns,docs/guides/best-practices/avoidnullablecolumns.md,concepts/best-practices/avoidnullablecolumns.mdx,https://clickhouse.com/docs/optimize/avoid-nullable-columns,https://private-7c7dfe99.mintlify.app/concepts/best-practices/avoidnullablecolumns,matched,ebe75f7a8b4095db,true,ebe75f7a8b4095db,2026-05-08T09:09:20+00:00,false
/optimize/avoidoptimizefinal,docs/guides/best-practices/avoidoptimizefinal.md,,https://clickhouse.com/docs/optimize/avoidoptimizefinal,,unmatched,e4c6027417950512,false,,,false
/optimize/bulk-inserts,docs/guides/best-practices/bulkinserts.md,concepts/operations/insert/bulkinserts.mdx,https://clickhouse.com/docs/optimize/bulk-inserts,https://private-7c7dfe99.mintlify.app/concepts/operations/insert/bulkinserts,matched,c3a2fac6bf16acda,true,c3a2fac6bf16acda,2026-05-08T09:09:20+00:00,false
/optimize/lazy-materialization,docs/guides/lazy-materialization.mdx,concepts/features/performance/lazy-materialization.mdx,https://clickhouse.com/docs/optimize/lazy-materialization,https://private-7c7dfe99.mintlify.app/concepts/features/performance/lazy-materialization,matched,3179c84b30d5c3f0,true,3179c84b30d5c3f0,2026-05-08T09:09:20+00:00,false
/optimize/partitioning-key,docs/guides/best-practices/partitioningkey.md,,https://clickhouse.com/docs/optimize/partitioning-key,,unmatched,34465b4971d3c1d3,false,,,false
/optimize/prewhere,docs/guides/best-practices/prewhere.md,concepts/features/performance/prewhere.mdx,https://clickhouse.com/docs/optimize/prewhere,https://private-7c7dfe99.mintlify.app/concepts/features/performance/prewhere,matched,2336e34b998efec4,true,2336e34b998efec4,2026-05-08T09:09:20+00:00,false
/optimize/query-optimization,docs/guides/best-practices/query-optimization.md,guides/cloud-oss/performance-and-monitoring/query-optimization.mdx,https://clickhouse.com/docs/optimize/query-optimization,https://private-7c7dfe99.mintlify.app/guides/cloud-oss/performance-and-monitoring/query-optimization,matched,eb97d0e4804d4a57,true,eb97d0e4804d4a57,2026-05-09T10:06:27+00:00,false
/optimize/query-parallelism,docs/guides/best-practices/query-parallelism.md,concepts/core-concepts/query-parallelism.mdx,https://clickhouse.com/docs/optimize/query-parallelism,https://private-7c7dfe99.mintlify.app/concepts/core-concepts/query-parallelism,matched,4b49846b352f28ab,true,4b49846b352f28ab,2026-05-08T12:19:52+00:00,false
/optimize/skipping-indexes,docs/guides/best-practices/skipping-indexes.md,concepts/features/performance/skip-indexes/skipping-indexes.mdx,https://clickhouse.com/docs/optimize/skipping-indexes,https://private-7c7dfe99.mintlify.app/concepts/features/performance/skip-indexes/skipping-indexes,matched,a0765ef7def30754,true,a0765ef7def30754,2026-05-08T20:59:47+00:00,false
/optimize/skipping-indexes/examples,docs/guides/best-practices/skipping-indexes-examples.md,concepts/features/performance/skip-indexes/skipping-indexes-examples.mdx,https://clickhouse.com/docs/optimize/skipping-indexes/examples,https://private-7c7dfe99.mintlify.app/concepts/features/performance/skip-indexes/skipping-indexes-examples,matched,ae7afef712ee6e7b,true,ae7afef712ee6e7b,2026-05-08T09:09:20+00:00,false
/partitions,docs/managing-data/core-concepts/partitions.mdx,concepts/core-concepts/partitions.mdx,https://clickhouse.com/docs/partitions,https://private-7c7dfe99.mintlify.app/concepts/core-concepts/partitions,matched,705e5c138efe6555,true,705e5c138efe6555,2026-05-08T09:09:20+00:00,false
/parts,docs/managing-data/core-concepts/parts.md,concepts/core-concepts/parts.mdx,https://clickhouse.com/docs/parts,https://private-7c7dfe99.mintlify.app/concepts/core-concepts/parts,matched,2159d40884f408fa,true,2159d40884f408fa,2026-05-08T09:09:20+00:00,false
/primary-indexes,docs/managing-data/core-concepts/primary-indexes.mdx,concepts/core-concepts/primary-indexes.mdx,https://clickhouse.com/docs/primary-indexes,https://private-7c7dfe99.mintlify.app/concepts/core-concepts/primary-indexes,matched,72e33543511fe165,true,72e33543511fe165,2026-05-08T09:09:20+00:00,false
/security-and-authentication,docs/guides/sre/index.md,guides/security/index.mdx,https://clickhouse.com/docs/security-and-authentication,https://private-7c7dfe99.mintlify.app/guides/security,matched,765ed19ac411d1bf,true,765ed19ac411d1bf,2026-05-08T09:09:20+00:00,false
/shards,docs/managing-data/core-concepts/shards.mdx,guides/oss/deployment-and-scaling/shards.mdx,https://clickhouse.com/docs/shards,https://private-7c7dfe99.mintlify.app/guides/oss/deployment-and-scaling/shards,matched,c09957405447bdec,true,c09957405447bdec,2026-05-08T12:19:52+00:00,false
/sql-reference,docs/sql-reference/index.md,reference/home.mdx | reference/functions/index.mdx,https://clickhouse.com/docs/sql-reference,,ambiguous,1aafbee1019940fc,true,1aafbee1019940fc,2026-05-08T15:26:17+00:00,false
/sql-reference/aggregate-functions/,docs/sql-reference/aggregate-functions/index.md,reference/functions/aggregate-functions/index.mdx,https://clickhouse.com/docs/sql-reference/aggregate-functions/,https://private-7c7dfe99.mintlify.app/reference/functions/aggregate-functions,matched,8e89cf7d6f4105f7,true,8e89cf7d6f4105f7,2026-05-08T09:51:10+00:00,false
/sql-reference/aggregate-functions/combinators,docs/sql-reference/aggregate-functions/combinators.md,reference/functions/aggregate-functions/combinators.mdx,https://clickhouse.com/docs/sql-reference/aggregate-functions/combinators,https://private-7c7dfe99.mintlify.app/reference/functions/aggregate-functions/combinators,matched,cbb2ecab8a6e77bb,true,cbb2ecab8a6e77bb,2026-05-08T09:09:20+00:00,false
/sql-reference/aggregate-functions/grouping_function,docs/sql-reference/aggregate-functions/grouping_function.md,reference/functions/aggregate-functions/grouping_function.mdx,https://clickhouse.com/docs/sql-reference/aggregate-functions/grouping_function,https://private-7c7dfe99.mintlify.app/reference/functions/aggregate-functions/grouping_function,matched,4ae0bd2c9234eb6b,true,4ae0bd2c9234eb6b,2026-05-08T09:09:20+00:00,false
/sql-reference/aggregate-functions/parametric-functions,docs/sql-reference/aggregate-functions/parametric-functions.md,reference/functions/aggregate-functions/parametric-functions.mdx,https://clickhouse.com/docs/sql-reference/aggregate-functions/parametric-functions,https://private-7c7dfe99.mintlify.app/reference/functions/aggregate-functions/parametric-functions,matched,dac69c9f1a48df07,true,dac69c9f1a48df07,2026-05-08T09:09:20+00:00,false
/sql-reference/aggregate-functions/reference/,docs/sql-reference/aggregate-functions/reference/index.md,reference/functions/aggregate-functions/reference/index.mdx,https://clickhouse.com/docs/sql-reference/aggregate-functions/reference/,https://private-7c7dfe99.mintlify.app/reference/functions/aggregate-functions/reference,matched,d4290e8f40995530,true,d4290e8f40995530,2026-05-09T09:39:38+00:00,false
/sql-reference/aggregate-functions/reference/aggthrow,docs/sql-reference/aggregate-functions/reference/aggThrow.md,reference/functions/aggregate-functions/reference/aggThrow.mdx,https://clickhouse.com/docs/sql-reference/aggregate-functions/reference/aggthrow,https://private-7c7dfe99.mintlify.app/reference/functions/aggregate-functions/reference/aggThrow,matched,6ba276ab5cfbe4d3,true,6ba276ab5cfbe4d3,2026-05-08T20:59:52+00:00,false
/sql-reference/aggregate-functions/reference/analysis_of_variance,docs/sql-reference/aggregate-functions/reference/analysisOfVariance.md,reference/functions/aggregate-functions/reference/analysis_of_variance.mdx,https://clickhouse.com/docs/sql-reference/aggregate-functions/reference/analysis_of_variance,https://private-7c7dfe99.mintlify.app/reference/functions/aggregate-functions/reference/analysis_of_variance,matched,398aae7e93baf0b0,true,398aae7e93baf0b0,2026-05-08T20:59:52+00:00,false
/sql-reference/aggregate-functions/reference/any,docs/sql-reference/aggregate-functions/reference/any.md,reference/functions/aggregate-functions/reference/any.mdx,https://clickhouse.com/docs/sql-reference/aggregate-functions/reference/any,https://private-7c7dfe99.mintlify.app/reference/functions/aggregate-functions/reference/any,matched,a3176632042c5129,true,a3176632042c5129,2026-05-08T20:59:52+00:00,false
/sql-reference/aggregate-functions/reference/anyheavy,docs/sql-reference/aggregate-functions/reference/anyHeavy.md,reference/functions/aggregate-functions/reference/anyHeavy.mdx,https://clickhouse.com/docs/sql-reference/aggregate-functions/reference/anyheavy,https://private-7c7dfe99.mintlify.app/reference/functions/aggregate-functions/reference/anyHeavy,matched,a21ee7b1ac3b959c,true,a21ee7b1ac3b959c,2026-05-08T20:59:52+00:00,false
/sql-reference/aggregate-functions/reference/anylast,docs/sql-reference/aggregate-functions/reference/anyLast.md,reference/functions/aggregate-functions/reference/anyLast.mdx,https://clickhouse.com/docs/sql-reference/aggregate-functions/reference/anylast,https://private-7c7dfe99.mintlify.app/reference/functions/aggregate-functions/reference/anyLast,matched,b7d60158c0d2b54a,true,b7d60158c0d2b54a,2026-05-08T20:59:52+00:00,false
/sql-reference/aggregate-functions/reference/approxtopk,docs/sql-reference/aggregate-functions/reference/approx_top_k.md,reference/functions/aggregate-functions/reference/approxtopk.mdx,https://clickhouse.com/docs/sql-reference/aggregate-functions/reference/approxtopk,https://private-7c7dfe99.mintlify.app/reference/functions/aggregate-functions/reference/approxtopk,matched,e759b1fe48e70697,true,e759b1fe48e70697,2026-05-08T20:59:53+00:00,false
/sql-reference/aggregate-functions/reference/approxtopsum,docs/sql-reference/aggregate-functions/reference/approx_top_sum.md,reference/functions/aggregate-functions/reference/approxtopsum.mdx,https://clickhouse.com/docs/sql-reference/aggregate-functions/reference/approxtopsum,https://private-7c7dfe99.mintlify.app/reference/functions/aggregate-functions/reference/approxtopsum,matched,dd0d07b84d9d533f,true,dd0d07b84d9d533f,2026-05-08T20:59:53+00:00,false
/sql-reference/aggregate-functions/reference/argandmax,docs/sql-reference/aggregate-functions/reference/argAndMax.md,reference/functions/aggregate-functions/reference/argAndMax.mdx,https://clickhouse.com/docs/sql-reference/aggregate-functions/reference/argandmax,https://private-7c7dfe99.mintlify.app/reference/functions/aggregate-functions/reference/argAndMax,matched,4a0b65b563ac6374,true,4a0b65b563ac6374,2026-05-09T10:03:34+00:00,false
/sql-reference/aggregate-functions/reference/argandmin,docs/sql-reference/aggregate-functions/reference/argAndMin.md,reference/functions/aggregate-functions/reference/argAndMin.mdx,https://clickhouse.com/docs/sql-reference/aggregate-functions/reference/argandmin,https://private-7c7dfe99.mintlify.app/reference/functions/aggregate-functions/reference/argAndMin,matched,0cb02e2dc7a0ac01,true,0cb02e2dc7a0ac01,2026-05-09T10:03:34+00:00,false
/sql-reference/aggregate-functions/reference/argmax,docs/sql-reference/aggregate-functions/reference/argMax.md,reference/functions/aggregate-functions/reference/argMax.mdx,https://clickhouse.com/docs/sql-reference/aggregate-functions/reference/argmax,https://private-7c7dfe99.mintlify.app/reference/functions/aggregate-functions/reference/argMax,matched,1bb7830c175f6110,true,1bb7830c175f6110,2026-05-08T20:59:53+00:00,false
/sql-reference/aggregate-functions/reference/argmin,docs/sql-reference/aggregate-functions/reference/argMin.md,reference/functions/aggregate-functions/reference/argMin.mdx,https://clickhouse.com/docs/sql-reference/aggregate-functions/reference/argmin,https://private-7c7dfe99.mintlify.app/reference/functions/aggregate-functions/reference/argMin,matched,2323b12ec894a16b,true,2323b12ec894a16b,2026-05-08T20:59:54+00:00,false
/sql-reference/aggregate-functions/reference/avg,docs/sql-reference/aggregate-functions/reference/avg.md,reference/functions/aggregate-functions/reference/avg.mdx,https://clickhouse.com/docs/sql-reference/aggregate-functions/reference/avg,https://private-7c7dfe99.mintlify.app/reference/functions/aggregate-functions/reference/avg,matched,d9d595a6a1a18d45,true,d9d595a6a1a18d45,2026-05-08T20:59:54+00:00,false
/sql-reference/aggregate-functions/reference/avgweighted,docs/sql-reference/aggregate-functions/reference/avgWeighted.md,reference/functions/aggregate-functions/reference/avgWeighted.mdx,https://clickhouse.com/docs/sql-reference/aggregate-functions/reference/avgweighted,https://private-7c7dfe99.mintlify.app/reference/functions/aggregate-functions/reference/avgWeighted,matched,e383814143b85e4d,true,e383814143b85e4d,2026-05-08T20:59:54+00:00,false
/sql-reference/aggregate-functions/reference/boundingRatio,docs/sql-reference/aggregate-functions/reference/boundingRatio.md,reference/functions/aggregate-functions/reference/boundrat.mdx,https://clickhouse.com/docs/sql-reference/aggregate-functions/reference/boundingRatio,https://private-7c7dfe99.mintlify.app/reference/functions/aggregate-functions/reference/boundrat,matched,698529c1c233004e,true,698529c1c233004e,2026-05-08T20:59:54+00:00,false
/sql-reference/aggregate-functions/reference/categoricalinformationvalue,docs/sql-reference/aggregate-functions/reference/categoricalInformationValue.md,reference/functions/aggregate-functions/reference/categoricalInformationValue.mdx,https://clickhouse.com/docs/sql-reference/aggregate-functions/reference/categoricalinformationvalue,https://private-7c7dfe99.mintlify.app/reference/functions/aggregate-functions/reference/categoricalInformationValue,matched,8e2f2cade587700c,true,8e2f2cade587700c,2026-05-08T20:59:54+00:00,false
/sql-reference/aggregate-functions/reference/contingency,docs/sql-reference/aggregate-functions/reference/contingency.md,reference/functions/aggregate-functions/reference/contingency.mdx,https://clickhouse.com/docs/sql-reference/aggregate-functions/reference/contingency,https://private-7c7dfe99.mintlify.app/reference/functions/aggregate-functions/reference/contingency,matched,76fe747ef9e3df7f,true,76fe747ef9e3df7f,2026-05-08T20:59:54+00:00,false
/sql-reference/aggregate-functions/reference/corr,docs/sql-reference/aggregate-functions/reference/corr.md,reference/functions/aggregate-functions/reference/corr.mdx,https://clickhouse.com/docs/sql-reference/aggregate-functions/reference/corr,https://private-7c7dfe99.mintlify.app/reference/functions/aggregate-functions/reference/corr,matched,c8693c629f190e01,true,c8693c629f190e01,2026-05-09T09:39:38+00:00,false
/sql-reference/aggregate-functions/reference/corrmatrix,docs/sql-reference/aggregate-functions/reference/corrMatrix.md,reference/functions/aggregate-functions/reference/corrMatrix.mdx,https://clickhouse.com/docs/sql-reference/aggregate-functions/reference/corrmatrix,https://private-7c7dfe99.mintlify.app/reference/functions/aggregate-functions/reference/corrMatrix,matched,5ccf3ca405085bfb,true,5ccf3ca405085bfb,2026-05-08T20:59:55+00:00,false
/sql-reference/aggregate-functions/reference/corrstable,docs/sql-reference/aggregate-functions/reference/corrStable.md,reference/functions/aggregate-functions/reference/corrStable.mdx,https://clickhouse.com/docs/sql-reference/aggregate-functions/reference/corrstable,https://private-7c7dfe99.mintlify.app/reference/functions/aggregate-functions/reference/corrStable,matched,a67a928a769a9165,true,a67a928a769a9165,2026-05-08T20:59:55+00:00,false
/sql-reference/aggregate-functions/reference/count,docs/sql-reference/aggregate-functions/reference/count.md,reference/functions/aggregate-functions/reference/count.mdx,https://clickhouse.com/docs/sql-reference/aggregate-functions/reference/count,https://private-7c7dfe99.mintlify.app/reference/functions/aggregate-functions/reference/count,matched,b2ef50a73b4e4418,true,b2ef50a73b4e4418,2026-05-08T20:59:55+00:00,false
/sql-reference/aggregate-functions/reference/covarpop,docs/sql-reference/aggregate-functions/reference/covarPop.md,reference/functions/aggregate-functions/reference/covarPop.mdx,https://clickhouse.com/docs/sql-reference/aggregate-functions/reference/covarpop,https://private-7c7dfe99.mintlify.app/reference/functions/aggregate-functions/reference/covarPop,matched,cfd2dc76064c59d6,true,cfd2dc76064c59d6,2026-05-09T09:39:38+00:00,false
/sql-reference/aggregate-functions/reference/covarpopmatrix,docs/sql-reference/aggregate-functions/reference/covarPopMatrix.md,reference/functions/aggregate-functions/reference/covarPopMatrix.mdx,https://clickhouse.com/docs/sql-reference/aggregate-functions/reference/covarpopmatrix,https://private-7c7dfe99.mintlify.app/reference/functions/aggregate-functions/reference/covarPopMatrix,matched,d338a39820758b31,true,d338a39820758b31,2026-05-08T20:59:55+00:00,false
/sql-reference/aggregate-functions/reference/covarpopstable,docs/sql-reference/aggregate-functions/reference/covarPopStable.md,reference/functions/aggregate-functions/reference/covarPopStable.mdx,https://clickhouse.com/docs/sql-reference/aggregate-functions/reference/covarpopstable,https://private-7c7dfe99.mintlify.app/reference/functions/aggregate-functions/reference/covarPopStable,matched,5c31fcdb71165467,true,5c31fcdb71165467,2026-05-08T20:59:56+00:00,false
/sql-reference/aggregate-functions/reference/covarsamp,docs/sql-reference/aggregate-functions/reference/covarSamp.md,reference/functions/aggregate-functions/reference/covarSamp.mdx,https://clickhouse.com/docs/sql-reference/aggregate-functions/reference/covarsamp,https://private-7c7dfe99.mintlify.app/reference/functions/aggregate-functions/reference/covarSamp,matched,fcce329920930fbd,true,fcce329920930fbd,2026-05-08T20:59:56+00:00,false
/sql-reference/aggregate-functions/reference/covarsampmatrix,docs/sql-reference/aggregate-functions/reference/covarSampMatrix.md,reference/functions/aggregate-functions/reference/covarSampMatrix.mdx,https://clickhouse.com/docs/sql-reference/aggregate-functions/reference/covarsampmatrix,https://private-7c7dfe99.mintlify.app/reference/functions/aggregate-functions/reference/covarSampMatrix,matched,624cd9deedc19d98,true,624cd9deedc19d98,2026-05-08T20:59:56+00:00,false
/sql-reference/aggregate-functions/reference/covarsampstable,docs/sql-reference/aggregate-functions/reference/covarSampStable.md,reference/functions/aggregate-functions/reference/covarSampStable.mdx,https://clickhouse.com/docs/sql-reference/aggregate-functions/reference/covarsampstable,https://private-7c7dfe99.mintlify.app/reference/functions/aggregate-functions/reference/covarSampStable,matched,fce0840da6fb476b,true,fce0840da6fb476b,2026-05-08T20:59:56+00:00,false
/sql-reference/aggregate-functions/reference/cramersv,docs/sql-reference/aggregate-functions/reference/cramersV.md,reference/functions/aggregate-functions/reference/cramersV.mdx,https://clickhouse.com/docs/sql-reference/aggregate-functions/reference/cramersv,https://private-7c7dfe99.mintlify.app/reference/functions/aggregate-functions/reference/cramersV,matched,652aacd423f4e473,true,652aacd423f4e473,2026-05-08T20:59:56+00:00,false
/sql-reference/aggregate-functions/reference/cramersvbiascorrected,docs/sql-reference/aggregate-functions/reference/cramersVBiasCorrected.md,reference/functions/aggregate-functions/reference/cramersVBiasCorrected.mdx,https://clickhouse.com/docs/sql-reference/aggregate-functions/reference/cramersvbiascorrected,https://private-7c7dfe99.mintlify.app/reference/functions/aggregate-functions/reference/cramersVBiasCorrected,matched,d42c0e3dc3e9b596,true,d42c0e3dc3e9b596,2026-05-08T20:59:56+00:00,false
/sql-reference/aggregate-functions/reference/deltasum,docs/sql-reference/aggregate-functions/reference/deltaSum.md,reference/functions/aggregate-functions/reference/deltaSum.mdx,https://clickhouse.com/docs/sql-reference/aggregate-functions/reference/deltasum,https://private-7c7dfe99.mintlify.app/reference/functions/aggregate-functions/reference/deltaSum,matched,73e5fae7d5e1cf9c,true,73e5fae7d5e1cf9c,2026-05-08T20:59:57+00:00,false
/sql-reference/aggregate-functions/reference/deltasumtimestamp,docs/sql-reference/aggregate-functions/reference/deltaSumTimestamp.md,reference/functions/aggregate-functions/reference/deltaSumTimestamp.mdx,https://clickhouse.com/docs/sql-reference/aggregate-functions/reference/deltasumtimestamp,https://private-7c7dfe99.mintlify.app/reference/functions/aggregate-functions/reference/deltaSumTimestamp,matched,ebec021fbb72405d,true,ebec021fbb72405d,2026-05-08T20:59:57+00:00,false
/sql-reference/aggregate-functions/reference/distinctJSONPathsAndTypes,docs/sql-reference/aggregate-functions/reference/distinctJSONPathsAndTypes.md,reference/functions/aggregate-functions/reference/distinctJSONPathsAndTypes.mdx,https://clickhouse.com/docs/sql-reference/aggregate-functions/reference/distinctJSONPathsAndTypes,https://private-7c7dfe99.mintlify.app/reference/functions/aggregate-functions/reference/distinctJSONPathsAndTypes,matched,35a8ceaed4a39ddb,true,35a8ceaed4a39ddb,2026-05-08T20:59:57+00:00,false
/sql-reference/aggregate-functions/reference/distinctdynamictypes,docs/sql-reference/aggregate-functions/reference/distinctDynamicTypes.md,reference/functions/aggregate-functions/reference/distinctDynamicTypes.mdx,https://clickhouse.com/docs/sql-reference/aggregate-functions/reference/distinctdynamictypes,https://private-7c7dfe99.mintlify.app/reference/functions/aggregate-functions/reference/distinctDynamicTypes,matched,b350efeb3af95f80,true,b350efeb3af95f80,2026-05-08T20:59:57+00:00,false
/sql-reference/aggregate-functions/reference/distinctjsonpaths,docs/sql-reference/aggregate-functions/reference/distinctJSONPaths.md,reference/functions/aggregate-functions/reference/distinctJSONPaths.mdx,https://clickhouse.com/docs/sql-reference/aggregate-functions/reference/distinctjsonpaths,https://private-7c7dfe99.mintlify.app/reference/functions/aggregate-functions/reference/distinctJSONPaths,matched,2fdae4509a21feab,true,2fdae4509a21feab,2026-05-08T20:59:57+00:00,false
/sql-reference/aggregate-functions/reference/entropy,docs/sql-reference/aggregate-functions/reference/entropy.md,reference/functions/aggregate-functions/reference/entropy.mdx,https://clickhouse.com/docs/sql-reference/aggregate-functions/reference/entropy,https://private-7c7dfe99.mintlify.app/reference/functions/aggregate-functions/reference/entropy,matched,ed58fc9337c3b0ad,true,ed58fc9337c3b0ad,2026-05-08T20:59:57+00:00,false
/sql-reference/aggregate-functions/reference/estimateCompressionRatio,docs/sql-reference/aggregate-functions/reference/estimateCompressionRatio.md,reference/functions/aggregate-functions/reference/estimateCompressionRatio.mdx,https://clickhouse.com/docs/sql-reference/aggregate-functions/reference/estimateCompressionRatio,https://private-7c7dfe99.mintlify.app/reference/functions/aggregate-functions/reference/estimateCompressionRatio,matched,dfd4fd08c59b8f2c,true,dfd4fd08c59b8f2c,2026-05-08T20:59:58+00:00,false
/sql-reference/aggregate-functions/reference/exponentialMovingAverage,docs/sql-reference/aggregate-functions/reference/exponentialMovingAverage.md,reference/functions/aggregate-functions/reference/exponentialMovingAverage.mdx,https://clickhouse.com/docs/sql-reference/aggregate-functions/reference/exponentialMovingAverage,https://private-7c7dfe99.mintlify.app/reference/functions/aggregate-functions/reference/exponentialMovingAverage,matched,29a32c3dfbe7431c,true,29a32c3dfbe7431c,2026-05-08T20:59:58+00:00,false
/sql-reference/aggregate-functions/reference/exponentialTimeDecayedAvg,docs/sql-reference/aggregate-functions/reference/exponentialTimeDecayedAvg.md,reference/functions/aggregate-functions/reference/exponentialTimeDecayedAvg.mdx,https://clickhouse.com/docs/sql-reference/aggregate-functions/reference/exponentialTimeDecayedAvg,https://private-7c7dfe99.mintlify.app/reference/functions/aggregate-functions/reference/exponentialTimeDecayedAvg,matched,990377788926a74e,true,990377788926a74e,2026-05-08T20:59:58+00:00,false
/sql-reference/aggregate-functions/reference/exponentialTimeDecayedCount,docs/sql-reference/aggregate-functions/reference/exponentialTimeDecayedCount.md,reference/functions/aggregate-functions/reference/exponentialTimeDecayedCount.mdx,https://clickhouse.com/docs/sql-reference/aggregate-functions/reference/exponentialTimeDecayedCount,https://private-7c7dfe99.mintlify.app/reference/functions/aggregate-functions/reference/exponentialTimeDecayedCount,matched,fbadbbdc7fe13930,true,fbadbbdc7fe13930,2026-05-08T20:59:58+00:00,false
/sql-reference/aggregate-functions/reference/exponentialTimeDecayedMax,docs/sql-reference/aggregate-functions/reference/exponentialTimeDecayedMax.md,reference/functions/aggregate-functions/reference/exponentialTimeDecayedMax.mdx,https://clickhouse.com/docs/sql-reference/aggregate-functions/reference/exponentialTimeDecayedMax,https://private-7c7dfe99.mintlify.app/reference/functions/aggregate-functions/reference/exponentialTimeDecayedMax,matched,5adb749a9d666932,true,5adb749a9d666932,2026-05-08T20:59:58+00:00,false
/sql-reference/aggregate-functions/reference/exponentialTimeDecayedSum,docs/sql-reference/aggregate-functions/reference/exponentialTimeDecayedSum.md,reference/functions/aggregate-functions/reference/exponentialTimeDecayedSum.mdx,https://clickhouse.com/docs/sql-reference/aggregate-functions/reference/exponentialTimeDecayedSum,https://private-7c7dfe99.mintlify.app/reference/functions/aggregate-functions/reference/exponentialTimeDecayedSum,matched,e9a76eae13bb7219,true,e9a76eae13bb7219,2026-05-08T20:59:58+00:00,false
/sql-reference/aggregate-functions/reference/first_value,docs/sql-reference/aggregate-functions/reference/first_value.md,reference/functions/aggregate-functions/reference/first_value.mdx,https://clickhouse.com/docs/sql-reference/aggregate-functions/reference/first_value,https://private-7c7dfe99.mintlify.app/reference/functions/aggregate-functions/reference/first_value,matched,4221d7097f28b112,true,4221d7097f28b112,2026-05-09T09:39:38+00:00,false
/sql-reference/aggregate-functions/reference/flame_graph,docs/sql-reference/aggregate-functions/reference/flameGraph.md,reference/functions/aggregate-functions/reference/flame_graph.mdx,https://clickhouse.com/docs/sql-reference/aggregate-functions/reference/flame_graph,https://private-7c7dfe99.mintlify.app/reference/functions/aggregate-functions/reference/flame_graph,matched,170efc22fd667b77,true,170efc22fd667b77,2026-05-08T20:59:59+00:00,false
/sql-reference/aggregate-functions/reference/grouparray,docs/sql-reference/aggregate-functions/reference/groupArray.md,reference/functions/aggregate-functions/reference/groupArray.mdx,https://clickhouse.com/docs/sql-reference/aggregate-functions/reference/grouparray,https://private-7c7dfe99.mintlify.app/reference/functions/aggregate-functions/reference/groupArray,matched,494298de736b875e,true,494298de736b875e,2026-05-08T20:59:59+00:00,false
/sql-reference/aggregate-functions/reference/grouparrayarray,docs/sql-reference/aggregate-functions/reference/groupArrayArray.md,reference/functions/aggregate-functions/reference/groupArrayArray.mdx,https://clickhouse.com/docs/sql-reference/aggregate-functions/reference/grouparrayarray,https://private-7c7dfe99.mintlify.app/reference/functions/aggregate-functions/reference/groupArrayArray,matched,3a1d95bba36015c5,true,3a1d95bba36015c5,2026-05-07T14:49:41+00:00,false
/sql-reference/aggregate-functions/reference/grouparrayinsertat,docs/sql-reference/aggregate-functions/reference/groupArrayInsertAt.md,reference/functions/aggregate-functions/reference/groupArrayInsertAt.mdx,https://clickhouse.com/docs/sql-reference/aggregate-functions/reference/grouparrayinsertat,https://private-7c7dfe99.mintlify.app/reference/functions/aggregate-functions/reference/groupArrayInsertAt,matched,5200d13fb0ecbec5,true,5200d13fb0ecbec5,2026-05-08T20:59:59+00:00,false
/sql-reference/aggregate-functions/reference/grouparrayintersect,docs/sql-reference/aggregate-functions/reference/groupArrayIntersect.md,reference/functions/aggregate-functions/reference/groupArrayIntersect.mdx,https://clickhouse.com/docs/sql-reference/aggregate-functions/reference/grouparrayintersect,https://private-7c7dfe99.mintlify.app/reference/functions/aggregate-functions/reference/groupArrayIntersect,matched,73542684e7ae142e,true,73542684e7ae142e,2026-05-08T20:59:59+00:00,false
/sql-reference/aggregate-functions/reference/grouparraylast,docs/sql-reference/aggregate-functions/reference/groupArrayLast.md,reference/functions/aggregate-functions/reference/groupArrayLast.mdx,https://clickhouse.com/docs/sql-reference/aggregate-functions/reference/grouparraylast,https://private-7c7dfe99.mintlify.app/reference/functions/aggregate-functions/reference/groupArrayLast,matched,72f024a3d7e462f9,true,72f024a3d7e462f9,2026-05-08T20:59:59+00:00,false
/sql-reference/aggregate-functions/reference/grouparraymovingavg,docs/sql-reference/aggregate-functions/reference/groupArrayMovingAvg.md,reference/functions/aggregate-functions/reference/groupArrayMovingAvg.mdx,https://clickhouse.com/docs/sql-reference/aggregate-functions/reference/grouparraymovingavg,https://private-7c7dfe99.mintlify.app/reference/functions/aggregate-functions/reference/groupArrayMovingAvg,matched,1b782bf5bd48245c,true,1b782bf5bd48245c,2026-05-08T20:59:59+00:00,false
/sql-reference/aggregate-functions/reference/grouparraymovingsum,docs/sql-reference/aggregate-functions/reference/groupArrayMovingSum.md,reference/functions/aggregate-functions/reference/groupArrayMovingSum.mdx,https://clickhouse.com/docs/sql-reference/aggregate-functions/reference/grouparraymovingsum,https://private-7c7dfe99.mintlify.app/reference/functions/aggregate-functions/reference/groupArrayMovingSum,matched,3c19fe86868926c9,true,3c19fe86868926c9,2026-05-08T21:00:00+00:00,false
/sql-reference/aggregate-functions/reference/grouparraysample,docs/sql-reference/aggregate-functions/reference/groupArraySample.md,reference/functions/aggregate-functions/reference/groupArraySample.mdx,https://clickhouse.com/docs/sql-reference/aggregate-functions/reference/grouparraysample,https://private-7c7dfe99.mintlify.app/reference/functions/aggregate-functions/reference/groupArraySample,matched,2bf4ef5f0bef08cd,true,2bf4ef5f0bef08cd,2026-05-08T21:00:00+00:00,false
/sql-reference/aggregate-functions/reference/grouparraysorted,docs/sql-reference/aggregate-functions/reference/groupArraySorted.md,reference/functions/aggregate-functions/reference/groupArraySorted.mdx,https://clickhouse.com/docs/sql-reference/aggregate-functions/reference/grouparraysorted,https://private-7c7dfe99.mintlify.app/reference/functions/aggregate-functions/reference/groupArraySorted,matched,36d5fb7771b569b5,true,36d5fb7771b569b5,2026-05-08T21:00:00+00:00,false
/sql-reference/aggregate-functions/reference/groupbitand,docs/sql-reference/aggregate-functions/reference/groupBitAnd.md,reference/functions/aggregate-functions/reference/groupBitAnd.mdx,https://clickhouse.com/docs/sql-reference/aggregate-functions/reference/groupbitand,https://private-7c7dfe99.mintlify.app/reference/functions/aggregate-functions/reference/groupBitAnd,matched,4b2443b2330e1677,true,4b2443b2330e1677,2026-05-08T21:00:00+00:00,false
/sql-reference/aggregate-functions/reference/groupbitmap,docs/sql-reference/aggregate-functions/reference/groupBitmap.md,reference/functions/aggregate-functions/reference/groupBitmap.mdx,https://clickhouse.com/docs/sql-reference/aggregate-functions/reference/groupbitmap,https://private-7c7dfe99.mintlify.app/reference/functions/aggregate-functions/reference/groupBitmap,matched,c90dbfa2b1c8ef6c,true,c90dbfa2b1c8ef6c,2026-05-08T21:00:01+00:00,false
/sql-reference/aggregate-functions/reference/groupbitmapand,docs/sql-reference/aggregate-functions/reference/groupBitmapAnd.md,reference/functions/aggregate-functions/reference/groupBitmapAnd.mdx,https://clickhouse.com/docs/sql-reference/aggregate-functions/reference/groupbitmapand,https://private-7c7dfe99.mintlify.app/reference/functions/aggregate-functions/reference/groupBitmapAnd,matched,df6c684bf932f088,true,df6c684bf932f088,2026-05-08T21:00:01+00:00,false
/sql-reference/aggregate-functions/reference/groupbitmapor,docs/sql-reference/aggregate-functions/reference/groupBitmapOr.md,reference/functions/aggregate-functions/reference/groupBitmapOr.mdx,https://clickhouse.com/docs/sql-reference/aggregate-functions/reference/groupbitmapor,https://private-7c7dfe99.mintlify.app/reference/functions/aggregate-functions/reference/groupBitmapOr,matched,0eaec4ec9af6dde2,true,0eaec4ec9af6dde2,2026-05-08T21:00:01+00:00,false
/sql-reference/aggregate-functions/reference/groupbitmapxor,docs/sql-reference/aggregate-functions/reference/groupBitmapXor.md,reference/functions/aggregate-functions/reference/groupBitmapXor.mdx,https://clickhouse.com/docs/sql-reference/aggregate-functions/reference/groupbitmapxor,https://private-7c7dfe99.mintlify.app/reference/functions/aggregate-functions/reference/groupBitmapXor,matched,1e730d1721dd63a6,true,1e730d1721dd63a6,2026-05-08T21:00:01+00:00,false
/sql-reference/aggregate-functions/reference/groupbitor,docs/sql-reference/aggregate-functions/reference/groupBitOr.md,reference/functions/aggregate-functions/reference/groupBitOr.mdx,https://clickhouse.com/docs/sql-reference/aggregate-functions/reference/groupbitor,https://private-7c7dfe99.mintlify.app/reference/functions/aggregate-functions/reference/groupBitOr,matched,b0b38466e6e43952,true,b0b38466e6e43952,2026-05-08T21:00:00+00:00,false
/sql-reference/aggregate-functions/reference/groupbitxor,docs/sql-reference/aggregate-functions/reference/groupBitXor.md,reference/functions/aggregate-functions/reference/groupBitXor.mdx,https://clickhouse.com/docs/sql-reference/aggregate-functions/reference/groupbitxor,https://private-7c7dfe99.mintlify.app/reference/functions/aggregate-functions/reference/groupBitXor,matched,6f9cf66e8d91ee27,true,6f9cf66e8d91ee27,2026-05-08T21:00:00+00:00,false
/sql-reference/aggregate-functions/reference/groupconcat,docs/sql-reference/aggregate-functions/reference/groupConcat.md,reference/functions/aggregate-functions/reference/groupConcat.mdx,https://clickhouse.com/docs/sql-reference/aggregate-functions/reference/groupconcat,https://private-7c7dfe99.mintlify.app/reference/functions/aggregate-functions/reference/groupConcat,matched,aef59c59999cb93f,true,aef59c59999cb93f,2026-05-08T21:00:01+00:00,false
/sql-reference/aggregate-functions/reference/groupuniqarray,docs/sql-reference/aggregate-functions/reference/groupUniqArray.md,reference/functions/aggregate-functions/reference/groupUniqArray.mdx,https://clickhouse.com/docs/sql-reference/aggregate-functions/reference/groupuniqarray,https://private-7c7dfe99.mintlify.app/reference/functions/aggregate-functions/reference/groupUniqArray,matched,4f1528557c879670,true,4f1528557c879670,2026-05-08T21:00:01+00:00,false
/sql-reference/aggregate-functions/reference/intervalLengthSum,docs/sql-reference/aggregate-functions/reference/intervalLengthSum.md,reference/functions/aggregate-functions/reference/intervalLengthSum.mdx,https://clickhouse.com/docs/sql-reference/aggregate-functions/reference/intervalLengthSum,https://private-7c7dfe99.mintlify.app/reference/functions/aggregate-functions/reference/intervalLengthSum,matched,c362c634343f806c,true,c362c634343f806c,2026-05-08T21:00:02+00:00,false
/sql-reference/aggregate-functions/reference/kolmogorovsmirnovtest,docs/sql-reference/aggregate-functions/reference/kolmogorovSmirnovTest.md,reference/functions/aggregate-functions/reference/kolmogorovSmirnovTest.mdx,https://clickhouse.com/docs/sql-reference/aggregate-functions/reference/kolmogorovsmirnovtest,https://private-7c7dfe99.mintlify.app/reference/functions/aggregate-functions/reference/kolmogorovSmirnovTest,matched,27687d12b6f1c455,true,27687d12b6f1c455,2026-05-08T21:00:02+00:00,false
/sql-reference/aggregate-functions/reference/kurtpop,docs/sql-reference/aggregate-functions/reference/kurtPop.md,reference/functions/aggregate-functions/reference/kurtPop.mdx,https://clickhouse.com/docs/sql-reference/aggregate-functions/reference/kurtpop,https://private-7c7dfe99.mintlify.app/reference/functions/aggregate-functions/reference/kurtPop,matched,33b95ba74805d730,true,33b95ba74805d730,2026-05-08T21:00:02+00:00,false
/sql-reference/aggregate-functions/reference/kurtsamp,docs/sql-reference/aggregate-functions/reference/kurtSamp.md,reference/functions/aggregate-functions/reference/kurtSamp.mdx,https://clickhouse.com/docs/sql-reference/aggregate-functions/reference/kurtsamp,https://private-7c7dfe99.mintlify.app/reference/functions/aggregate-functions/reference/kurtSamp,matched,16d5e9fb741c9428,true,16d5e9fb741c9428,2026-05-08T21:00:02+00:00,false
/sql-reference/aggregate-functions/reference/largestTriangleThreeBuckets,docs/sql-reference/aggregate-functions/reference/largestTriangleThreeBuckets.md,reference/functions/aggregate-functions/reference/largestTriangleThreeBuckets.mdx,https://clickhouse.com/docs/sql-reference/aggregate-functions/reference/largestTriangleThreeBuckets,https://private-7c7dfe99.mintlify.app/reference/functions/aggregate-functions/reference/largestTriangleThreeBuckets,matched,faacd7ce22cd604f,true,faacd7ce22cd604f,2026-05-08T21:00:02+00:00,false
/sql-reference/aggregate-functions/reference/last_value,docs/sql-reference/aggregate-functions/reference/last_value.md,reference/functions/aggregate-functions/reference/last_value.mdx,https://clickhouse.com/docs/sql-reference/aggregate-functions/reference/last_value,https://private-7c7dfe99.mintlify.app/reference/functions/aggregate-functions/reference/last_value,matched,0b3c34b1376a8b6a,true,0b3c34b1376a8b6a,2026-05-09T09:39:38+00:00,false
/sql-reference/aggregate-functions/reference/mannwhitneyutest,docs/sql-reference/aggregate-functions/reference/mannWhitneyUTest.md,reference/functions/aggregate-functions/reference/mannWhitneyUTest.mdx,https://clickhouse.com/docs/sql-reference/aggregate-functions/reference/mannwhitneyutest,https://private-7c7dfe99.mintlify.app/reference/functions/aggregate-functions/reference/mannWhitneyUTest,matched,4367510976c76b40,true,4367510976c76b40,2026-05-08T21:00:03+00:00,false
/sql-reference/aggregate-functions/reference/max,docs/sql-reference/aggregate-functions/reference/max.md,reference/functions/aggregate-functions/reference/max.mdx,https://clickhouse.com/docs/sql-reference/aggregate-functions/reference/max,https://private-7c7dfe99.mintlify.app/reference/functions/aggregate-functions/reference/max,matched,b0cbff46a8a26271,true,b0cbff46a8a26271,2026-05-08T21:00:03+00:00,false
/sql-reference/aggregate-functions/reference/maxintersections,docs/sql-reference/aggregate-functions/reference/maxIntersections.md,reference/functions/aggregate-functions/reference/maxIntersections.mdx,https://clickhouse.com/docs/sql-reference/aggregate-functions/reference/maxintersections,https://private-7c7dfe99.mintlify.app/reference/functions/aggregate-functions/reference/maxIntersections,matched,1db6c9bf885f905c,true,1db6c9bf885f905c,2026-05-08T21:00:03+00:00,false
/sql-reference/aggregate-functions/reference/maxintersectionsposition,docs/sql-reference/aggregate-functions/reference/maxIntersectionsPosition.md,reference/functions/aggregate-functions/reference/maxIntersectionsPosition.mdx,https://clickhouse.com/docs/sql-reference/aggregate-functions/reference/maxintersectionsposition,https://private-7c7dfe99.mintlify.app/reference/functions/aggregate-functions/reference/maxIntersectionsPosition,matched,2f7f75d00642024e,true,2f7f75d00642024e,2026-05-08T21:00:03+00:00,false
/sql-reference/aggregate-functions/reference/maxmap,docs/sql-reference/aggregate-functions/reference/maxMappedArrays.md,reference/functions/aggregate-functions/reference/maxMap.mdx,https://clickhouse.com/docs/sql-reference/aggregate-functions/reference/maxmap,https://private-7c7dfe99.mintlify.app/reference/functions/aggregate-functions/reference/maxMap,matched,4984770df60a6d6f,true,4984770df60a6d6f,2026-05-08T21:00:03+00:00,false
/sql-reference/aggregate-functions/reference/meanztest,docs/sql-reference/aggregate-functions/reference/meanZTest.md,reference/functions/aggregate-functions/reference/meanZTest.mdx,https://clickhouse.com/docs/sql-reference/aggregate-functions/reference/meanztest,https://private-7c7dfe99.mintlify.app/reference/functions/aggregate-functions/reference/meanZTest,matched,51be0a7689b2a9f9,true,51be0a7689b2a9f9,2026-05-08T21:00:03+00:00,false
/sql-reference/aggregate-functions/reference/median,docs/sql-reference/aggregate-functions/reference/median.md,reference/functions/aggregate-functions/reference/median.mdx,https://clickhouse.com/docs/sql-reference/aggregate-functions/reference/median,https://private-7c7dfe99.mintlify.app/reference/functions/aggregate-functions/reference/median,matched,b72c00b1d07d5ff7,true,b72c00b1d07d5ff7,2026-05-09T10:03:34+00:00,false
/sql-reference/aggregate-functions/reference/min,docs/sql-reference/aggregate-functions/reference/min.md,reference/functions/aggregate-functions/reference/min.mdx,https://clickhouse.com/docs/sql-reference/aggregate-functions/reference/min,https://private-7c7dfe99.mintlify.app/reference/functions/aggregate-functions/reference/min,matched,b84822a35e335c8a,true,b84822a35e335c8a,2026-05-08T21:00:04+00:00,false
/sql-reference/aggregate-functions/reference/minmap,docs/sql-reference/aggregate-functions/reference/minMappedArrays.md,reference/functions/aggregate-functions/reference/minMap.mdx,https://clickhouse.com/docs/sql-reference/aggregate-functions/reference/minmap,https://private-7c7dfe99.mintlify.app/reference/functions/aggregate-functions/reference/minMap,matched,e3a1e1ace77e38b6,true,e3a1e1ace77e38b6,2026-05-08T21:00:04+00:00,false
/sql-reference/aggregate-functions/reference/quantile,docs/sql-reference/aggregate-functions/reference/quantile.md,reference/functions/aggregate-functions/reference/quantile.mdx,https://clickhouse.com/docs/sql-reference/aggregate-functions/reference/quantile,https://private-7c7dfe99.mintlify.app/reference/functions/aggregate-functions/reference/quantile,matched,4ba18890167b40fd,true,4ba18890167b40fd,2026-05-09T09:39:38+00:00,false
/sql-reference/aggregate-functions/reference/quantileExactExclusive,docs/sql-reference/aggregate-functions/reference/quantileExactExclusive.md,reference/functions/aggregate-functions/reference/quantileExactExclusive.mdx,https://clickhouse.com/docs/sql-reference/aggregate-functions/reference/quantileExactExclusive,https://private-7c7dfe99.mintlify.app/reference/functions/aggregate-functions/reference/quantileExactExclusive,matched,ed2a0f781f64a5ae,true,ed2a0f781f64a5ae,2026-05-08T21:00:05+00:00,false
/sql-reference/aggregate-functions/reference/quantileExactHigh,docs/sql-reference/aggregate-functions/reference/quantileExactHigh.md,reference/functions/aggregate-functions/reference/quantileExactHigh.mdx,https://clickhouse.com/docs/sql-reference/aggregate-functions/reference/quantileExactHigh,https://private-7c7dfe99.mintlify.app/reference/functions/aggregate-functions/reference/quantileExactHigh,matched,4a48e8ed7359f12e,true,4a48e8ed7359f12e,2026-05-08T21:00:05+00:00,false
/sql-reference/aggregate-functions/reference/quantileExactInclusive,docs/sql-reference/aggregate-functions/reference/quantileExactInclusive.md,reference/functions/aggregate-functions/reference/quantileExactInclusive.mdx,https://clickhouse.com/docs/sql-reference/aggregate-functions/reference/quantileExactInclusive,https://private-7c7dfe99.mintlify.app/reference/functions/aggregate-functions/reference/quantileExactInclusive,matched,e650a118cfedfa52,true,e650a118cfedfa52,2026-05-08T21:00:05+00:00,false
/sql-reference/aggregate-functions/reference/quantileExactLow,docs/sql-reference/aggregate-functions/reference/quantileExactLow.md,reference/functions/aggregate-functions/reference/quantileExactLow.mdx,https://clickhouse.com/docs/sql-reference/aggregate-functions/reference/quantileExactLow,https://private-7c7dfe99.mintlify.app/reference/functions/aggregate-functions/reference/quantileExactLow,matched,e755c0c350683c45,true,e755c0c350683c45,2026-05-08T21:00:05+00:00,false
/sql-reference/aggregate-functions/reference/quantileExactWeightedInterpolated,docs/sql-reference/aggregate-functions/reference/quantileExactWeightedInterpolated.md,reference/functions/aggregate-functions/reference/quantileExactWeightedInterpolated.mdx,https://clickhouse.com/docs/sql-reference/aggregate-functions/reference/quantileExactWeightedInterpolated,https://private-7c7dfe99.mintlify.app/reference/functions/aggregate-functions/reference/quantileExactWeightedInterpolated,matched,599497aa7290178e,true,599497aa7290178e,2026-05-08T21:00:06+00:00,false
/sql-reference/aggregate-functions/reference/quantileGK,docs/sql-reference/aggregate-functions/reference/quantileGK.md,reference/functions/aggregate-functions/reference/quantileGK.mdx,https://clickhouse.com/docs/sql-reference/aggregate-functions/reference/quantileGK,https://private-7c7dfe99.mintlify.app/reference/functions/aggregate-functions/reference/quantileGK,matched,d2a54f56603dc2f3,true,d2a54f56603dc2f3,2026-05-08T21:00:06+00:00,false
/sql-reference/aggregate-functions/reference/quantileInterpolatedWeighted,docs/sql-reference/aggregate-functions/reference/quantileInterpolatedWeighted.md,reference/functions/aggregate-functions/reference/quantileInterpolatedWeighted.mdx,https://clickhouse.com/docs/sql-reference/aggregate-functions/reference/quantileInterpolatedWeighted,https://private-7c7dfe99.mintlify.app/reference/functions/aggregate-functions/reference/quantileInterpolatedWeighted,matched,e1ea7341c5f539b8,true,e1ea7341c5f539b8,2026-05-08T21:00:06+00:00,false
/sql-reference/aggregate-functions/reference/quantilePrometheusHistogram,docs/sql-reference/aggregate-functions/reference/quantilePrometheusHistogram.md,reference/functions/aggregate-functions/reference/quantilePrometheusHistogram.mdx,https://clickhouse.com/docs/sql-reference/aggregate-functions/reference/quantilePrometheusHistogram,https://private-7c7dfe99.mintlify.app/reference/functions/aggregate-functions/reference/quantilePrometheusHistogram,matched,29ce947c5bccd54e,true,29ce947c5bccd54e,2026-05-08T21:00:06+00:00,false
/sql-reference/aggregate-functions/reference/quantilebfloat16,docs/sql-reference/aggregate-functions/reference/quantileBFloat16.md,reference/functions/aggregate-functions/reference/quantileBFloat16.mdx,https://clickhouse.com/docs/sql-reference/aggregate-functions/reference/quantilebfloat16,https://private-7c7dfe99.mintlify.app/reference/functions/aggregate-functions/reference/quantileBFloat16,matched,e02f8398a1e6c992,true,e02f8398a1e6c992,2026-05-08T21:00:04+00:00,false
/sql-reference/aggregate-functions/reference/quantileddsketch,docs/sql-reference/aggregate-functions/reference/quantileDD.md,reference/functions/aggregate-functions/reference/quantileddsketch.mdx,https://clickhouse.com/docs/sql-reference/aggregate-functions/reference/quantileddsketch,https://private-7c7dfe99.mintlify.app/reference/functions/aggregate-functions/reference/quantileddsketch,matched,b70b5911fe4dcdcd,true,b70b5911fe4dcdcd,2026-05-08T21:00:07+00:00,false
/sql-reference/aggregate-functions/reference/quantiledeterministic,docs/sql-reference/aggregate-functions/reference/quantileDeterministic.md,reference/functions/aggregate-functions/reference/quantileDeterministic.mdx,https://clickhouse.com/docs/sql-reference/aggregate-functions/reference/quantiledeterministic,https://private-7c7dfe99.mintlify.app/reference/functions/aggregate-functions/reference/quantileDeterministic,matched,6b577bef9f8aabe5,true,6b577bef9f8aabe5,2026-05-08T21:00:04+00:00,false
/sql-reference/aggregate-functions/reference/quantileexact,docs/sql-reference/aggregate-functions/reference/quantileExact.md,reference/functions/aggregate-functions/reference/quantileExact.mdx,https://clickhouse.com/docs/sql-reference/aggregate-functions/reference/quantileexact,https://private-7c7dfe99.mintlify.app/reference/functions/aggregate-functions/reference/quantileExact,matched,c06d0383b8fa44d6,true,c06d0383b8fa44d6,2026-05-08T21:00:04+00:00,false
/sql-reference/aggregate-functions/reference/quantileexactweighted,docs/sql-reference/aggregate-functions/reference/quantileExactWeighted.md,reference/functions/aggregate-functions/reference/quantileExactWeighted.mdx,https://clickhouse.com/docs/sql-reference/aggregate-functions/reference/quantileexactweighted,https://private-7c7dfe99.mintlify.app/reference/functions/aggregate-functions/reference/quantileExactWeighted,matched,55fe1cc2813d807d,true,55fe1cc2813d807d,2026-05-08T21:00:05+00:00,false
/sql-reference/aggregate-functions/reference/quantiles,docs/sql-reference/aggregate-functions/reference/quantiles.md,reference/functions/aggregate-functions/reference/quantiles.mdx,https://clickhouse.com/docs/sql-reference/aggregate-functions/reference/quantiles,https://private-7c7dfe99.mintlify.app/reference/functions/aggregate-functions/reference/quantiles,matched,10a8a9fb55d3667e,true,10a8a9fb55d3667e,2026-05-08T21:00:07+00:00,false
/sql-reference/aggregate-functions/reference/quantilesExactExclusive,docs/sql-reference/aggregate-functions/reference/quantilesExactExclusive.md,reference/functions/aggregate-functions/reference/quantilesExactExclusive.mdx,https://clickhouse.com/docs/sql-reference/aggregate-functions/reference/quantilesExactExclusive,https://private-7c7dfe99.mintlify.app/reference/functions/aggregate-functions/reference/quantilesExactExclusive,matched,d34559dee60fa650,true,d34559dee60fa650,2026-05-08T21:00:07+00:00,false
/sql-reference/aggregate-functions/reference/quantilesExactInclusive,docs/sql-reference/aggregate-functions/reference/quantilesExactInclusive.md,reference/functions/aggregate-functions/reference/quantilesExactInclusive.mdx,https://clickhouse.com/docs/sql-reference/aggregate-functions/reference/quantilesExactInclusive,https://private-7c7dfe99.mintlify.app/reference/functions/aggregate-functions/reference/quantilesExactInclusive,matched,585098e46f9ed905,true,585098e46f9ed905,2026-05-08T21:00:07+00:00,false
/sql-reference/aggregate-functions/reference/quantilesGK,docs/sql-reference/aggregate-functions/reference/quantilesGK.md,reference/functions/aggregate-functions/reference/quantilesGK.mdx,https://clickhouse.com/docs/sql-reference/aggregate-functions/reference/quantilesGK,https://private-7c7dfe99.mintlify.app/reference/functions/aggregate-functions/reference/quantilesGK,matched,94e0f130f7219917,true,94e0f130f7219917,2026-05-08T21:00:08+00:00,false
/sql-reference/aggregate-functions/reference/quantilestimingweighted,docs/sql-reference/aggregate-functions/reference/quantilesTimingWeighted.md,reference/functions/aggregate-functions/reference/quantilesTimingWeighted.mdx,https://clickhouse.com/docs/sql-reference/aggregate-functions/reference/quantilestimingweighted,https://private-7c7dfe99.mintlify.app/reference/functions/aggregate-functions/reference/quantilesTimingWeighted,matched,62b3f7a28b018c37,true,62b3f7a28b018c37,2026-05-08T21:00:08+00:00,false
/sql-reference/aggregate-functions/reference/quantiletdigest,docs/sql-reference/aggregate-functions/reference/quantileTDigest.md,reference/functions/aggregate-functions/reference/quantileTDigest.mdx,https://clickhouse.com/docs/sql-reference/aggregate-functions/reference/quantiletdigest,https://private-7c7dfe99.mintlify.app/reference/functions/aggregate-functions/reference/quantileTDigest,matched,1d7cc3bd0a254723,true,1d7cc3bd0a254723,2026-05-08T21:00:06+00:00,false
/sql-reference/aggregate-functions/reference/quantiletdigestweighted,docs/sql-reference/aggregate-functions/reference/quantileTDigestWeighted.md,reference/functions/aggregate-functions/reference/quantileTDigestWeighted.mdx,https://clickhouse.com/docs/sql-reference/aggregate-functions/reference/quantiletdigestweighted,https://private-7c7dfe99.mintlify.app/reference/functions/aggregate-functions/reference/quantileTDigestWeighted,matched,75265d258c6d0d1c,true,75265d258c6d0d1c,2026-05-08T21:00:06+00:00,false
/sql-reference/aggregate-functions/reference/quantiletiming,docs/sql-reference/aggregate-functions/reference/quantileTiming.md,reference/functions/aggregate-functions/reference/quantileTiming.mdx,https://clickhouse.com/docs/sql-reference/aggregate-functions/reference/quantiletiming,https://private-7c7dfe99.mintlify.app/reference/functions/aggregate-functions/reference/quantileTiming,matched,01a30e87131303d3,true,01a30e87131303d3,2026-05-08T21:00:07+00:00,false
/sql-reference/aggregate-functions/reference/quantiletimingweighted,docs/sql-reference/aggregate-functions/reference/quantileTimingWeighted.md,reference/functions/aggregate-functions/reference/quantileTimingWeighted.mdx,https://clickhouse.com/docs/sql-reference/aggregate-functions/reference/quantiletimingweighted,https://private-7c7dfe99.mintlify.app/reference/functions/aggregate-functions/reference/quantileTimingWeighted,matched,6d110c327a873af2,true,6d110c327a873af2,2026-05-08T21:00:07+00:00,false
/sql-reference/aggregate-functions/reference/rankCorr,docs/sql-reference/aggregate-functions/reference/rankCorr.md,reference/functions/aggregate-functions/reference/rankCorr.mdx,https://clickhouse.com/docs/sql-reference/aggregate-functions/reference/rankCorr,https://private-7c7dfe99.mintlify.app/reference/functions/aggregate-functions/reference/rankCorr,matched,5eb236ef7745a0b9,true,5eb236ef7745a0b9,2026-05-08T21:00:08+00:00,false
/sql-reference/aggregate-functions/reference/simplelinearregression,docs/sql-reference/aggregate-functions/reference/simpleLinearRegression.md,reference/functions/aggregate-functions/reference/simpleLinearRegression.mdx,https://clickhouse.com/docs/sql-reference/aggregate-functions/reference/simplelinearregression,https://private-7c7dfe99.mintlify.app/reference/functions/aggregate-functions/reference/simpleLinearRegression,matched,d7486769247276c2,true,d7486769247276c2,2026-05-08T21:00:08+00:00,false
/sql-reference/aggregate-functions/reference/singlevalueornull,docs/sql-reference/aggregate-functions/reference/singleValueOrNull.md,reference/functions/aggregate-functions/reference/singleValueOrNull.mdx,https://clickhouse.com/docs/sql-reference/aggregate-functions/reference/singlevalueornull,https://private-7c7dfe99.mintlify.app/reference/functions/aggregate-functions/reference/singleValueOrNull,matched,067ce8f52cc34020,true,067ce8f52cc34020,2026-05-08T21:00:08+00:00,false
/sql-reference/aggregate-functions/reference/skewpop,docs/sql-reference/aggregate-functions/reference/skewPop.md,reference/functions/aggregate-functions/reference/skewPop.mdx,https://clickhouse.com/docs/sql-reference/aggregate-functions/reference/skewpop,https://private-7c7dfe99.mintlify.app/reference/functions/aggregate-functions/reference/skewPop,matched,e2af24567eed8273,true,e2af24567eed8273,2026-05-08T21:00:08+00:00,false
/sql-reference/aggregate-functions/reference/skewsamp,docs/sql-reference/aggregate-functions/reference/skewSamp.md,reference/functions/aggregate-functions/reference/skewSamp.mdx,https://clickhouse.com/docs/sql-reference/aggregate-functions/reference/skewsamp,https://private-7c7dfe99.mintlify.app/reference/functions/aggregate-functions/reference/skewSamp,matched,4016cf36e3a3e5ec,true,4016cf36e3a3e5ec,2026-05-08T21:00:09+00:00,false
/sql-reference/aggregate-functions/reference/sparkbar,docs/sql-reference/aggregate-functions/reference/sparkbar.md,reference/functions/aggregate-functions/reference/sparkbar.mdx,https://clickhouse.com/docs/sql-reference/aggregate-functions/reference/sparkbar,https://private-7c7dfe99.mintlify.app/reference/functions/aggregate-functions/reference/sparkbar,matched,7bd5a27027209cee,true,7bd5a27027209cee,2026-05-08T21:00:09+00:00,false
/sql-reference/aggregate-functions/reference/stddevpop,docs/sql-reference/aggregate-functions/reference/stddevPop.md,reference/functions/aggregate-functions/reference/stddevPop.mdx,https://clickhouse.com/docs/sql-reference/aggregate-functions/reference/stddevpop,https://private-7c7dfe99.mintlify.app/reference/functions/aggregate-functions/reference/stddevPop,matched,c5ce3f3d8df7d8d6,true,c5ce3f3d8df7d8d6,2026-05-08T21:00:09+00:00,false
/sql-reference/aggregate-functions/reference/stddevpopstable,docs/sql-reference/aggregate-functions/reference/stddevPopStable.md,reference/functions/aggregate-functions/reference/stddevPopStable.mdx,https://clickhouse.com/docs/sql-reference/aggregate-functions/reference/stddevpopstable,https://private-7c7dfe99.mintlify.app/reference/functions/aggregate-functions/reference/stddevPopStable,matched,16baf1cfe989fd73,true,16baf1cfe989fd73,2026-05-08T21:00:09+00:00,false
/sql-reference/aggregate-functions/reference/stddevsamp,docs/sql-reference/aggregate-functions/reference/stddevSamp.md,reference/functions/aggregate-functions/reference/stddevSamp.mdx,https://clickhouse.com/docs/sql-reference/aggregate-functions/reference/stddevsamp,https://private-7c7dfe99.mintlify.app/reference/functions/aggregate-functions/reference/stddevSamp,matched,be2a1c27a3e01505,true,be2a1c27a3e01505,2026-05-08T21:00:09+00:00,false
/sql-reference/aggregate-functions/reference/stddevsampstable,docs/sql-reference/aggregate-functions/reference/stddevSampStable.md,reference/functions/aggregate-functions/reference/stddevSampStable.mdx,https://clickhouse.com/docs/sql-reference/aggregate-functions/reference/stddevsampstable,https://private-7c7dfe99.mintlify.app/reference/functions/aggregate-functions/reference/stddevSampStable,matched,1fadf143f4ef0cf4,true,1fadf143f4ef0cf4,2026-05-08T21:00:09+00:00,false
/sql-reference/aggregate-functions/reference/stochasticlinearregression,docs/sql-reference/aggregate-functions/reference/stochasticLinearRegression.md,reference/functions/aggregate-functions/reference/stochasticLinearRegression.mdx,https://clickhouse.com/docs/sql-reference/aggregate-functions/reference/stochasticlinearregression,https://private-7c7dfe99.mintlify.app/reference/functions/aggregate-functions/reference/stochasticLinearRegression,matched,c4d9e3bbe8e1bc68,true,c4d9e3bbe8e1bc68,2026-05-08T21:00:10+00:00,false
/sql-reference/aggregate-functions/reference/stochasticlogisticregression,docs/sql-reference/aggregate-functions/reference/stochasticLogisticRegression.md,reference/functions/aggregate-functions/reference/stochasticLogisticRegression.mdx,https://clickhouse.com/docs/sql-reference/aggregate-functions/reference/stochasticlogisticregression,https://private-7c7dfe99.mintlify.app/reference/functions/aggregate-functions/reference/stochasticLogisticRegression,matched,8b69bdb0a3aa259f,true,8b69bdb0a3aa259f,2026-05-08T21:00:10+00:00,false
/sql-reference/aggregate-functions/reference/studentttest,docs/sql-reference/aggregate-functions/reference/studentTTest.md,reference/functions/aggregate-functions/reference/studentTTest.mdx,https://clickhouse.com/docs/sql-reference/aggregate-functions/reference/studentttest,https://private-7c7dfe99.mintlify.app/reference/functions/aggregate-functions/reference/studentTTest,matched,cfe4523cefd58cc8,true,cfe4523cefd58cc8,2026-05-08T21:00:10+00:00,false
/sql-reference/aggregate-functions/reference/studentttestonesample,docs/sql-reference/aggregate-functions/reference/studentTTestOneSample.md,reference/functions/aggregate-functions/reference/studentTTestOneSample.mdx,https://clickhouse.com/docs/sql-reference/aggregate-functions/reference/studentttestonesample,https://private-7c7dfe99.mintlify.app/reference/functions/aggregate-functions/reference/studentTTestOneSample,matched,502a06938cf42f44,true,502a06938cf42f44,2026-05-08T21:00:10+00:00,false
/sql-reference/aggregate-functions/reference/sum,docs/sql-reference/aggregate-functions/reference/sum.md,reference/functions/aggregate-functions/reference/sum.mdx,https://clickhouse.com/docs/sql-reference/aggregate-functions/reference/sum,https://private-7c7dfe99.mintlify.app/reference/functions/aggregate-functions/reference/sum,matched,0549c49a93aa84fe,true,0549c49a93aa84fe,2026-05-08T21:00:10+00:00,false
/sql-reference/aggregate-functions/reference/sumcount,docs/sql-reference/aggregate-functions/reference/sumCount.md,reference/functions/aggregate-functions/reference/sumCount.mdx,https://clickhouse.com/docs/sql-reference/aggregate-functions/reference/sumcount,https://private-7c7dfe99.mintlify.app/reference/functions/aggregate-functions/reference/sumCount,matched,706546f7617d6591,true,706546f7617d6591,2026-05-08T21:00:10+00:00,false
/sql-reference/aggregate-functions/reference/sumkahan,docs/sql-reference/aggregate-functions/reference/sumKahan.md,reference/functions/aggregate-functions/reference/sumKahan.mdx,https://clickhouse.com/docs/sql-reference/aggregate-functions/reference/sumkahan,https://private-7c7dfe99.mintlify.app/reference/functions/aggregate-functions/reference/sumKahan,matched,c77086880163f32d,true,c77086880163f32d,2026-05-08T21:00:11+00:00,false
/sql-reference/aggregate-functions/reference/summap,docs/sql-reference/aggregate-functions/reference/sumMappedArrays.md,reference/functions/aggregate-functions/reference/sumMap.mdx,https://clickhouse.com/docs/sql-reference/aggregate-functions/reference/summap,https://private-7c7dfe99.mintlify.app/reference/functions/aggregate-functions/reference/sumMap,matched,07b0d144a6cab0bd,true,07b0d144a6cab0bd,2026-05-08T21:00:11+00:00,false
/sql-reference/aggregate-functions/reference/summapwithoverflow,docs/sql-reference/aggregate-functions/reference/sumMapWithOverflow.md,reference/functions/aggregate-functions/reference/sumMapWithOverflow.mdx,https://clickhouse.com/docs/sql-reference/aggregate-functions/reference/summapwithoverflow,https://private-7c7dfe99.mintlify.app/reference/functions/aggregate-functions/reference/sumMapWithOverflow,matched,ae19536ac544cab1,true,ae19536ac544cab1,2026-05-08T21:00:11+00:00,false
/sql-reference/aggregate-functions/reference/sumwithoverflow,docs/sql-reference/aggregate-functions/reference/sumWithOverflow.md,reference/functions/aggregate-functions/reference/sumWithOverflow.mdx,https://clickhouse.com/docs/sql-reference/aggregate-functions/reference/sumwithoverflow,https://private-7c7dfe99.mintlify.app/reference/functions/aggregate-functions/reference/sumWithOverflow,matched,a575e1e9e1aa17c6,true,a575e1e9e1aa17c6,2026-05-08T21:00:11+00:00,false
/sql-reference/aggregate-functions/reference/theilsu,docs/sql-reference/aggregate-functions/reference/theilsU.md,reference/functions/aggregate-functions/reference/theilsU.mdx,https://clickhouse.com/docs/sql-reference/aggregate-functions/reference/theilsu,https://private-7c7dfe99.mintlify.app/reference/functions/aggregate-functions/reference/theilsU,matched,f9641d2fa8c06b43,true,f9641d2fa8c06b43,2026-05-08T21:00:11+00:00,false
/sql-reference/aggregate-functions/reference/timeSeriesChangesToGrid,docs/sql-reference/aggregate-functions/reference/timeSeriesChangesToGrid.md,reference/functions/aggregate-functions/reference/timeSeriesChangesToGrid.mdx,https://clickhouse.com/docs/sql-reference/aggregate-functions/reference/timeSeriesChangesToGrid,https://private-7c7dfe99.mintlify.app/reference/functions/aggregate-functions/reference/timeSeriesChangesToGrid,matched,465c63acace057e4,true,465c63acace057e4,2026-05-08T21:00:12+00:00,false
/sql-reference/aggregate-functions/reference/timeSeriesDeltaToGrid,docs/sql-reference/aggregate-functions/reference/timeSeriesDeltaToGrid.md,reference/functions/aggregate-functions/reference/timeSeriesDeltaToGrid.mdx,https://clickhouse.com/docs/sql-reference/aggregate-functions/reference/timeSeriesDeltaToGrid,https://private-7c7dfe99.mintlify.app/reference/functions/aggregate-functions/reference/timeSeriesDeltaToGrid,matched,a7575992cec3b9c1,true,a7575992cec3b9c1,2026-05-08T21:00:12+00:00,false
/sql-reference/aggregate-functions/reference/timeSeriesDerivToGrid,docs/sql-reference/aggregate-functions/reference/timeSeriesDerivToGrid.md,reference/functions/aggregate-functions/reference/timeSeriesDerivToGrid.mdx,https://clickhouse.com/docs/sql-reference/aggregate-functions/reference/timeSeriesDerivToGrid,https://private-7c7dfe99.mintlify.app/reference/functions/aggregate-functions/reference/timeSeriesDerivToGrid,matched,020c5de99f82c4de,true,020c5de99f82c4de,2026-05-08T21:00:12+00:00,false
/sql-reference/aggregate-functions/reference/timeSeriesGroupArray,docs/sql-reference/aggregate-functions/reference/timeSeriesGroupArray.md,reference/functions/aggregate-functions/reference/timeSeriesGroupArray.mdx,https://clickhouse.com/docs/sql-reference/aggregate-functions/reference/timeSeriesGroupArray,https://private-7c7dfe99.mintlify.app/reference/functions/aggregate-functions/reference/timeSeriesGroupArray,matched,2a88a94362703b47,true,2a88a94362703b47,2026-05-08T21:00:12+00:00,false
/sql-reference/aggregate-functions/reference/timeSeriesInstantDeltaToGrid,docs/sql-reference/aggregate-functions/reference/timeSeriesInstantDeltaToGrid.md,reference/functions/aggregate-functions/reference/timeSeriesInstantDeltaToGrid.mdx,https://clickhouse.com/docs/sql-reference/aggregate-functions/reference/timeSeriesInstantDeltaToGrid,https://private-7c7dfe99.mintlify.app/reference/functions/aggregate-functions/reference/timeSeriesInstantDeltaToGrid,matched,867429d1a5c91300,true,867429d1a5c91300,2026-05-08T21:00:12+00:00,false
/sql-reference/aggregate-functions/reference/timeSeriesInstantRateToGrid,docs/sql-reference/aggregate-functions/reference/timeSeriesInstantRateToGrid.md,reference/functions/aggregate-functions/reference/timeSeriesInstantRateToGrid.mdx,https://clickhouse.com/docs/sql-reference/aggregate-functions/reference/timeSeriesInstantRateToGrid,https://private-7c7dfe99.mintlify.app/reference/functions/aggregate-functions/reference/timeSeriesInstantRateToGrid,matched,6d6f94fdd0571b8c,true,6d6f94fdd0571b8c,2026-05-08T21:00:12+00:00,false
/sql-reference/aggregate-functions/reference/timeSeriesLastTwoSamples,docs/sql-reference/aggregate-functions/reference/timeSeriesLastTwoSamples.md,reference/functions/aggregate-functions/reference/timeSeriesLastTwoSamples.mdx,https://clickhouse.com/docs/sql-reference/aggregate-functions/reference/timeSeriesLastTwoSamples,https://private-7c7dfe99.mintlify.app/reference/functions/aggregate-functions/reference/timeSeriesLastTwoSamples,matched,011ddcf3bc0d196f,true,011ddcf3bc0d196f,2026-05-08T21:00:13+00:00,false
/sql-reference/aggregate-functions/reference/timeSeriesPredictLinearToGrid,docs/sql-reference/aggregate-functions/reference/timeSeriesPredictLinearToGrid.md,reference/functions/aggregate-functions/reference/timeSeriesPredictLinearToGrid.mdx,https://clickhouse.com/docs/sql-reference/aggregate-functions/reference/timeSeriesPredictLinearToGrid,https://private-7c7dfe99.mintlify.app/reference/functions/aggregate-functions/reference/timeSeriesPredictLinearToGrid,matched,402cbd0464433072,true,402cbd0464433072,2026-05-08T21:00:13+00:00,false
/sql-reference/aggregate-functions/reference/timeSeriesRateToGrid,docs/sql-reference/aggregate-functions/reference/timeSeriesRateToGrid.md,reference/functions/aggregate-functions/reference/timeSeriesRateToGrid.mdx,https://clickhouse.com/docs/sql-reference/aggregate-functions/reference/timeSeriesRateToGrid,https://private-7c7dfe99.mintlify.app/reference/functions/aggregate-functions/reference/timeSeriesRateToGrid,matched,b5bd48b48922623f,true,b5bd48b48922623f,2026-05-08T21:00:13+00:00,false
/sql-reference/aggregate-functions/reference/timeSeriesResampleToGridWithStaleness,docs/sql-reference/aggregate-functions/reference/timeSeriesResampleToGridWithStaleness.md,reference/functions/aggregate-functions/reference/timeSeriesResampleToGridWithStaleness.mdx,https://clickhouse.com/docs/sql-reference/aggregate-functions/reference/timeSeriesResampleToGridWithStaleness,https://private-7c7dfe99.mintlify.app/reference/functions/aggregate-functions/reference/timeSeriesResampleToGridWithStaleness,matched,d370d2e8ea9928d6,true,d370d2e8ea9928d6,2026-05-08T21:00:13+00:00,false
/sql-reference/aggregate-functions/reference/timeSeriesResetsToGrid,docs/sql-reference/aggregate-functions/reference/timeSeriesResetsToGrid.md,reference/functions/aggregate-functions/reference/timeSeriesResetsToGrid.mdx,https://clickhouse.com/docs/sql-reference/aggregate-functions/reference/timeSeriesResetsToGrid,https://private-7c7dfe99.mintlify.app/reference/functions/aggregate-functions/reference/timeSeriesResetsToGrid,matched,b44ffe5bd8ce26a9,true,b44ffe5bd8ce26a9,2026-05-08T21:00:13+00:00,false
/sql-reference/aggregate-functions/reference/topk,docs/sql-reference/aggregate-functions/reference/topK.md,reference/functions/aggregate-functions/reference/topK.mdx,https://clickhouse.com/docs/sql-reference/aggregate-functions/reference/topk,https://private-7c7dfe99.mintlify.app/reference/functions/aggregate-functions/reference/topK,matched,273a5a9e0902dab6,true,273a5a9e0902dab6,2026-05-08T21:00:13+00:00,false
/sql-reference/aggregate-functions/reference/topkweighted,docs/sql-reference/aggregate-functions/reference/topKWeighted.md,reference/functions/aggregate-functions/reference/topKWeighted.mdx,https://clickhouse.com/docs/sql-reference/aggregate-functions/reference/topkweighted,https://private-7c7dfe99.mintlify.app/reference/functions/aggregate-functions/reference/topKWeighted,matched,4b44410a1a7a8c5e,true,4b44410a1a7a8c5e,2026-05-08T21:00:14+00:00,false
/sql-reference/aggregate-functions/reference/uniq,docs/sql-reference/aggregate-functions/reference/uniq.md,reference/functions/aggregate-functions/reference/uniq.mdx,https://clickhouse.com/docs/sql-reference/aggregate-functions/reference/uniq,https://private-7c7dfe99.mintlify.app/reference/functions/aggregate-functions/reference/uniq,matched,57a4ad14f7750346,true,57a4ad14f7750346,2026-05-08T21:00:14+00:00,false
/sql-reference/aggregate-functions/reference/uniqcombined,docs/sql-reference/aggregate-functions/reference/uniqCombined.md,reference/functions/aggregate-functions/reference/uniqCombined.mdx,https://clickhouse.com/docs/sql-reference/aggregate-functions/reference/uniqcombined,https://private-7c7dfe99.mintlify.app/reference/functions/aggregate-functions/reference/uniqCombined,matched,47d53db402a92a77,true,47d53db402a92a77,2026-05-08T21:00:14+00:00,false
/sql-reference/aggregate-functions/reference/uniqcombined64,docs/sql-reference/aggregate-functions/reference/uniqCombined64.md,reference/functions/aggregate-functions/reference/uniqCombined64.mdx,https://clickhouse.com/docs/sql-reference/aggregate-functions/reference/uniqcombined64,https://private-7c7dfe99.mintlify.app/reference/functions/aggregate-functions/reference/uniqCombined64,matched,ed89f2bb16c50034,true,ed89f2bb16c50034,2026-05-08T21:00:14+00:00,false
/sql-reference/aggregate-functions/reference/uniqexact,docs/sql-reference/aggregate-functions/reference/uniqExact.md,reference/functions/aggregate-functions/reference/uniqExact.mdx,https://clickhouse.com/docs/sql-reference/aggregate-functions/reference/uniqexact,https://private-7c7dfe99.mintlify.app/reference/functions/aggregate-functions/reference/uniqExact,matched,29f6f4cd3446c2f6,true,29f6f4cd3446c2f6,2026-05-08T21:00:14+00:00,false
/sql-reference/aggregate-functions/reference/uniqhll12,docs/sql-reference/aggregate-functions/reference/uniqHLL12.md,reference/functions/aggregate-functions/reference/uniqHLL12.mdx,https://clickhouse.com/docs/sql-reference/aggregate-functions/reference/uniqhll12,https://private-7c7dfe99.mintlify.app/reference/functions/aggregate-functions/reference/uniqHLL12,matched,510a2dd8db5c0a6e,true,510a2dd8db5c0a6e,2026-05-08T21:00:14+00:00,false
/sql-reference/aggregate-functions/reference/uniqthetasketch,docs/sql-reference/aggregate-functions/reference/uniqTheta.md,reference/functions/aggregate-functions/reference/uniqthetasketch.mdx,https://clickhouse.com/docs/sql-reference/aggregate-functions/reference/uniqthetasketch,https://private-7c7dfe99.mintlify.app/reference/functions/aggregate-functions/reference/uniqthetasketch,matched,0f2139338a6b37aa,true,0f2139338a6b37aa,2026-05-08T21:00:15+00:00,false
/sql-reference/aggregate-functions/reference/varPop,docs/sql-reference/aggregate-functions/reference/varPop.md,reference/functions/aggregate-functions/reference/varPop.mdx,https://clickhouse.com/docs/sql-reference/aggregate-functions/reference/varPop,https://private-7c7dfe99.mintlify.app/reference/functions/aggregate-functions/reference/varPop,matched,1579e9b9fca97bf8,true,1579e9b9fca97bf8,2026-05-08T21:00:15+00:00,false
/sql-reference/aggregate-functions/reference/varSamp,docs/sql-reference/aggregate-functions/reference/varSamp.md,reference/functions/aggregate-functions/reference/varSamp.mdx,https://clickhouse.com/docs/sql-reference/aggregate-functions/reference/varSamp,https://private-7c7dfe99.mintlify.app/reference/functions/aggregate-functions/reference/varSamp,matched,e6f744197741c8c8,true,e6f744197741c8c8,2026-05-08T21:00:15+00:00,false
/sql-reference/aggregate-functions/reference/varpopstable,docs/sql-reference/aggregate-functions/reference/varPopStable.md,reference/functions/aggregate-functions/reference/varPopStable.mdx,https://clickhouse.com/docs/sql-reference/aggregate-functions/reference/varpopstable,https://private-7c7dfe99.mintlify.app/reference/functions/aggregate-functions/reference/varPopStable,matched,4fd75682cc5a8796,true,4fd75682cc5a8796,2026-05-08T21:00:15+00:00,false
/sql-reference/aggregate-functions/reference/varsampstable,docs/sql-reference/aggregate-functions/reference/varSampStable.md,reference/functions/aggregate-functions/reference/varSampStable.mdx,https://clickhouse.com/docs/sql-reference/aggregate-functions/reference/varsampstable,https://private-7c7dfe99.mintlify.app/reference/functions/aggregate-functions/reference/varSampStable,matched,571f165781684dfd,true,571f165781684dfd,2026-05-08T21:00:15+00:00,false
/sql-reference/aggregate-functions/reference/welchttest,docs/sql-reference/aggregate-functions/reference/welchTTest.md,reference/functions/aggregate-functions/reference/welchTTest.mdx,https://clickhouse.com/docs/sql-reference/aggregate-functions/reference/welchttest,https://private-7c7dfe99.mintlify.app/reference/functions/aggregate-functions/reference/welchTTest,matched,093589621f5bd26b,true,093589621f5bd26b,2026-05-08T21:00:15+00:00,false
/sql-reference/data-types/,docs/sql-reference/data-types/index.md,reference/data-types/index.mdx,https://clickhouse.com/docs/sql-reference/data-types/,https://private-7c7dfe99.mintlify.app/reference/data-types,matched,4108560a1744ad07,true,4108560a1744ad07,2026-05-09T09:39:38+00:00,false
/sql-reference/data-types/aggregatefunction,docs/sql-reference/data-types/aggregatefunction.md,reference/data-types/aggregatefunction.mdx,https://clickhouse.com/docs/sql-reference/data-types/aggregatefunction,https://private-7c7dfe99.mintlify.app/reference/data-types/aggregatefunction,matched,52272796a3ff10b3,true,52272796a3ff10b3,2026-05-07T14:49:41+00:00,false
/sql-reference/data-types/array,docs/sql-reference/data-types/array.md,reference/data-types/array.mdx,https://clickhouse.com/docs/sql-reference/data-types/array,https://private-7c7dfe99.mintlify.app/reference/data-types/array,matched,3bb8b21f13900b8a,true,3bb8b21f13900b8a,2026-05-07T14:49:41+00:00,false
/sql-reference/data-types/boolean,docs/sql-reference/data-types/boolean.md,reference/data-types/boolean.mdx,https://clickhouse.com/docs/sql-reference/data-types/boolean,https://private-7c7dfe99.mintlify.app/reference/data-types/boolean,matched,184622e2d0685a28,true,184622e2d0685a28,2026-05-07T14:49:41+00:00,false
/sql-reference/data-types/data-types-binary-encoding,docs/sql-reference/data-types/data-types-binary-encoding.md,reference/data-types/data-types-binary-encoding.mdx,https://clickhouse.com/docs/sql-reference/data-types/data-types-binary-encoding,https://private-7c7dfe99.mintlify.app/reference/data-types/data-types-binary-encoding,matched,86296003488064b4,true,86296003488064b4,2026-05-09T09:39:38+00:00,false
/sql-reference/data-types/date,docs/sql-reference/data-types/date.md,reference/data-types/date.mdx,https://clickhouse.com/docs/sql-reference/data-types/date,https://private-7c7dfe99.mintlify.app/reference/data-types/date,matched,c5d8b4488de9c51f,true,c5d8b4488de9c51f,2026-05-07T14:49:41+00:00,false
/sql-reference/data-types/date32,docs/sql-reference/data-types/date32.md,reference/data-types/date32.mdx,https://clickhouse.com/docs/sql-reference/data-types/date32,https://private-7c7dfe99.mintlify.app/reference/data-types/date32,matched,aed29aa437dec69f,true,aed29aa437dec69f,2026-05-07T14:49:41+00:00,false
/sql-reference/data-types/datetime,docs/sql-reference/data-types/datetime.md,reference/data-types/datetime.mdx,https://clickhouse.com/docs/sql-reference/data-types/datetime,https://private-7c7dfe99.mintlify.app/reference/data-types/datetime,matched,0e7133cab0e8062e,true,0e7133cab0e8062e,2026-05-07T14:49:41+00:00,false
/sql-reference/data-types/datetime64,docs/sql-reference/data-types/datetime64.md,reference/data-types/datetime64.mdx,https://clickhouse.com/docs/sql-reference/data-types/datetime64,https://private-7c7dfe99.mintlify.app/reference/data-types/datetime64,matched,b4bdfab5749d54b1,true,b4bdfab5749d54b1,2026-05-07T14:49:41+00:00,false
/sql-reference/data-types/decimal,docs/sql-reference/data-types/decimal.md,reference/data-types/decimal.mdx,https://clickhouse.com/docs/sql-reference/data-types/decimal,https://private-7c7dfe99.mintlify.app/reference/data-types/decimal,matched,574ff1d32ed4fa69,true,574ff1d32ed4fa69,2026-05-08T09:09:20+00:00,false
/sql-reference/data-types/domains/,docs/sql-reference/data-types/domains/index.md,reference/data-types/domains/index.mdx,https://clickhouse.com/docs/sql-reference/data-types/domains/,https://private-7c7dfe99.mintlify.app/reference/data-types/domains,matched,35e6467692a1dada,true,35e6467692a1dada,2026-05-07T14:49:41+00:00,false
/sql-reference/data-types/dynamic,docs/sql-reference/data-types/dynamic.md,reference/data-types/dynamic.mdx,https://clickhouse.com/docs/sql-reference/data-types/dynamic,https://private-7c7dfe99.mintlify.app/reference/data-types/dynamic,matched,e0aa544319320b10,true,e0aa544319320b10,2026-05-07T14:49:41+00:00,false
/sql-reference/data-types/enum,docs/sql-reference/data-types/enum.md,reference/data-types/enum.mdx,https://clickhouse.com/docs/sql-reference/data-types/enum,https://private-7c7dfe99.mintlify.app/reference/data-types/enum,matched,641d2a22f3cbbdbb,true,641d2a22f3cbbdbb,2026-05-07T14:49:41+00:00,false
/sql-reference/data-types/fixedstring,docs/sql-reference/data-types/fixedstring.md,reference/data-types/fixedstring.mdx,https://clickhouse.com/docs/sql-reference/data-types/fixedstring,https://private-7c7dfe99.mintlify.app/reference/data-types/fixedstring,matched,0151197975962877,true,0151197975962877,2026-05-07T14:49:41+00:00,false
/sql-reference/data-types/float,docs/sql-reference/data-types/float.md,reference/data-types/float.mdx,https://clickhouse.com/docs/sql-reference/data-types/float,https://private-7c7dfe99.mintlify.app/reference/data-types/float,matched,2d7561d0476ccb3e,true,2d7561d0476ccb3e,2026-05-08T21:09:58+00:00,false
/sql-reference/data-types/geo,docs/sql-reference/data-types/geo.md,reference/data-types/geo.mdx,https://clickhouse.com/docs/sql-reference/data-types/geo,https://private-7c7dfe99.mintlify.app/reference/data-types/geo,matched,267d3c6ef6c1d344,true,267d3c6ef6c1d344,2026-05-09T09:39:38+00:00,false
/sql-reference/data-types/int-uint,docs/sql-reference/data-types/int-uint.md,reference/data-types/int-uint.mdx,https://clickhouse.com/docs/sql-reference/data-types/int-uint,https://private-7c7dfe99.mintlify.app/reference/data-types/int-uint,matched,5cb5606bdf1fcec7,true,5cb5606bdf1fcec7,2026-05-07T14:49:41+00:00,false
/sql-reference/data-types/ipv4,docs/sql-reference/data-types/ipv4.md,reference/data-types/ipv4.mdx,https://clickhouse.com/docs/sql-reference/data-types/ipv4,https://private-7c7dfe99.mintlify.app/reference/data-types/ipv4,matched,5c8a7b7c41cedb9f,true,5c8a7b7c41cedb9f,2026-05-07T14:49:41+00:00,false
/sql-reference/data-types/ipv6,docs/sql-reference/data-types/ipv6.md,reference/data-types/ipv6.mdx,https://clickhouse.com/docs/sql-reference/data-types/ipv6,https://private-7c7dfe99.mintlify.app/reference/data-types/ipv6,matched,37840663d4e6d0f5,true,37840663d4e6d0f5,2026-05-07T14:49:41+00:00,false
/sql-reference/data-types/lowcardinality,docs/sql-reference/data-types/lowcardinality.md,reference/data-types/lowcardinality.mdx,https://clickhouse.com/docs/sql-reference/data-types/lowcardinality,https://private-7c7dfe99.mintlify.app/reference/data-types/lowcardinality,matched,8f86b16b90906a6a,true,8f86b16b90906a6a,2026-05-07T14:49:41+00:00,false
/sql-reference/data-types/map,docs/sql-reference/data-types/map.md,reference/data-types/map.mdx,https://clickhouse.com/docs/sql-reference/data-types/map,https://private-7c7dfe99.mintlify.app/reference/data-types/map,matched,8ccb132f3c42ec5d,true,8ccb132f3c42ec5d,2026-05-08T09:09:20+00:00,false
/sql-reference/data-types/nested-data-structures/nested,docs/sql-reference/data-types/nested-data-structures/index.md,reference/data-types/nested-data-structures/index.mdx,https://clickhouse.com/docs/sql-reference/data-types/nested-data-structures/nested,https://private-7c7dfe99.mintlify.app/reference/data-types/nested-data-structures,matched,4749e80d37f15822,true,4749e80d37f15822,2026-05-08T09:09:20+00:00,false
/sql-reference/data-types/newjson,docs/sql-reference/data-types/newjson.md,reference/data-types/newjson.mdx,https://clickhouse.com/docs/sql-reference/data-types/newjson,https://private-7c7dfe99.mintlify.app/reference/data-types/newjson,matched,da8416071a59f8b1,true,da8416071a59f8b1,2026-05-09T11:22:25+00:00,false
/sql-reference/data-types/nullable,docs/sql-reference/data-types/nullable.md,reference/data-types/nullable.mdx,https://clickhouse.com/docs/sql-reference/data-types/nullable,https://private-7c7dfe99.mintlify.app/reference/data-types/nullable,matched,5b3e9b247520c6dd,true,5b3e9b247520c6dd,2026-05-08T09:09:20+00:00,false
/sql-reference/data-types/qbit,docs/sql-reference/data-types/qbit.md,reference/data-types/qbit.mdx,https://clickhouse.com/docs/sql-reference/data-types/qbit,https://private-7c7dfe99.mintlify.app/reference/data-types/qbit,matched,3fc9aea952342cbf,true,3fc9aea952342cbf,2026-05-07T14:49:41+00:00,false
/sql-reference/data-types/simpleaggregatefunction,docs/sql-reference/data-types/simpleaggregatefunction.md,reference/data-types/simpleaggregatefunction.mdx,https://clickhouse.com/docs/sql-reference/data-types/simpleaggregatefunction,https://private-7c7dfe99.mintlify.app/reference/data-types/simpleaggregatefunction,matched,c976c4c588a9ad9f,true,c976c4c588a9ad9f,2026-05-09T10:03:34+00:00,false
/sql-reference/data-types/special-data-types/,docs/sql-reference/data-types/special-data-types/index.md,reference/data-types/special-data-types/index.mdx,https://clickhouse.com/docs/sql-reference/data-types/special-data-types/,https://private-7c7dfe99.mintlify.app/reference/data-types/special-data-types,matched,9124cca07daf9271,true,9124cca07daf9271,2026-05-07T14:49:41+00:00,false
/sql-reference/data-types/special-data-types/expression,docs/sql-reference/data-types/special-data-types/expression.md,reference/data-types/special-data-types/expression.mdx,https://clickhouse.com/docs/sql-reference/data-types/special-data-types/expression,https://private-7c7dfe99.mintlify.app/reference/data-types/special-data-types/expression,matched,383175d865a3e8e5,true,383175d865a3e8e5,2026-05-07T14:49:41+00:00,false
/sql-reference/data-types/special-data-types/interval,docs/sql-reference/data-types/special-data-types/interval.md,reference/data-types/special-data-types/interval.mdx,https://clickhouse.com/docs/sql-reference/data-types/special-data-types/interval,https://private-7c7dfe99.mintlify.app/reference/data-types/special-data-types/interval,matched,d9e724b9d8f9fbae,true,d9e724b9d8f9fbae,2026-05-07T14:49:41+00:00,false
/sql-reference/data-types/special-data-types/nothing,docs/sql-reference/data-types/special-data-types/nothing.md,reference/data-types/special-data-types/nothing.mdx,https://clickhouse.com/docs/sql-reference/data-types/special-data-types/nothing,https://private-7c7dfe99.mintlify.app/reference/data-types/special-data-types/nothing,matched,54d4adf41787f75b,true,54d4adf41787f75b,2026-05-07T14:49:41+00:00,false
/sql-reference/data-types/special-data-types/set,docs/sql-reference/data-types/special-data-types/set.md,reference/data-types/special-data-types/set.mdx,https://clickhouse.com/docs/sql-reference/data-types/special-data-types/set,https://private-7c7dfe99.mintlify.app/reference/data-types/special-data-types/set,matched,b3961ee327c6fafc,true,b3961ee327c6fafc,2026-05-07T14:49:41+00:00,false
/sql-reference/data-types/string,docs/sql-reference/data-types/string.md,reference/data-types/string.mdx,https://clickhouse.com/docs/sql-reference/data-types/string,https://private-7c7dfe99.mintlify.app/reference/data-types/string,matched,664e682e3d269a46,true,664e682e3d269a46,2026-05-07T14:49:41+00:00,false
/sql-reference/data-types/time,docs/sql-reference/data-types/time.md,reference/data-types/time.mdx,https://clickhouse.com/docs/sql-reference/data-types/time,https://private-7c7dfe99.mintlify.app/reference/data-types/time,matched,6fba9e18761cacdc,true,6fba9e18761cacdc,2026-05-09T09:39:38+00:00,false
/sql-reference/data-types/time64,docs/sql-reference/data-types/time64.md,reference/data-types/time64.mdx,https://clickhouse.com/docs/sql-reference/data-types/time64,https://private-7c7dfe99.mintlify.app/reference/data-types/time64,matched,36de758d3be79f5c,true,36de758d3be79f5c,2026-05-09T09:39:38+00:00,false
/sql-reference/data-types/tuple,docs/sql-reference/data-types/tuple.md,reference/data-types/tuple.mdx,https://clickhouse.com/docs/sql-reference/data-types/tuple,https://private-7c7dfe99.mintlify.app/reference/data-types/tuple,matched,9eaa5ae142d77f5c,true,9eaa5ae142d77f5c,2026-05-08T09:09:20+00:00,false
/sql-reference/data-types/uuid,docs/sql-reference/data-types/uuid.md,reference/data-types/uuid.mdx,https://clickhouse.com/docs/sql-reference/data-types/uuid,https://private-7c7dfe99.mintlify.app/reference/data-types/uuid,matched,79668753d7349042,true,79668753d7349042,2026-05-08T09:09:20+00:00,false
/sql-reference/data-types/variant,docs/sql-reference/data-types/variant.md,reference/data-types/variant.mdx,https://clickhouse.com/docs/sql-reference/data-types/variant,https://private-7c7dfe99.mintlify.app/reference/data-types/variant,matched,2cf40b2865b06390,true,2cf40b2865b06390,2026-05-08T09:09:20+00:00,false
/sql-reference/datalakes,docs/sql-reference/datalakes.md,reference/datalakes.mdx,https://clickhouse.com/docs/sql-reference/datalakes,https://private-7c7dfe99.mintlify.app/reference/datalakes,matched,576c6b22e45a20fa,true,576c6b22e45a20fa,2026-05-07T14:49:41+00:00,false
/sql-reference/distributed-ddl,docs/sql-reference/distributed-ddl.md,reference/statements/distributed-ddl.mdx,https://clickhouse.com/docs/sql-reference/distributed-ddl,https://private-7c7dfe99.mintlify.app/reference/statements/distributed-ddl,matched,112d13bcf3046cf7,true,112d13bcf3046cf7,2026-05-08T09:09:20+00:00,false
/sql-reference/formats,docs/sql-reference/formats.mdx,,https://clickhouse.com/docs/sql-reference/formats,,unmatched,f15d74887e89dbc7,true,f15d74887e89dbc7,2026-05-08T09:09:20+00:00,false
/sql-reference/functions,docs/sql-reference/functions/index.md,reference/functions/regular-functions/index.mdx,https://clickhouse.com/docs/sql-reference/functions,https://private-7c7dfe99.mintlify.app/reference/functions/regular-functions,matched,f8bdbd53bca6538f,true,f8bdbd53bca6538f,2026-05-08T09:09:20+00:00,false
/sql-reference/functions/ai-functions,docs/sql-reference/functions/ai-functions.md,reference/functions/regular-functions/ai-functions.mdx,https://clickhouse.com/docs/sql-reference/functions/ai-functions,https://private-7c7dfe99.mintlify.app/reference/functions/regular-functions/ai-functions,matched,314a38f742a830b8,true,314a38f742a830b8,2026-05-08T21:00:16+00:00,false
/sql-reference/functions/arithmetic-functions,docs/sql-reference/functions/arithmetic-functions.md,reference/functions/regular-functions/arithmetic-functions.mdx,https://clickhouse.com/docs/sql-reference/functions/arithmetic-functions,https://private-7c7dfe99.mintlify.app/reference/functions/regular-functions/arithmetic-functions,matched,3536afd643ddad34,true,3536afd643ddad34,2026-05-08T21:00:16+00:00,false
/sql-reference/functions/array-functions,docs/sql-reference/functions/array-functions.md,reference/functions/regular-functions/array-functions.mdx,https://clickhouse.com/docs/sql-reference/functions/array-functions,https://private-7c7dfe99.mintlify.app/reference/functions/regular-functions/array-functions,matched,851fecf16c28595d,true,851fecf16c28595d,2026-05-08T21:00:16+00:00,false
/sql-reference/functions/array-join,docs/sql-reference/functions/array-join.md,reference/functions/regular-functions/array-join.mdx,https://clickhouse.com/docs/sql-reference/functions/array-join,https://private-7c7dfe99.mintlify.app/reference/functions/regular-functions/array-join,matched,48e3770288983300,true,48e3770288983300,2026-05-08T09:09:20+00:00,false
/sql-reference/functions/bit-functions,docs/sql-reference/functions/bit-functions.md,reference/functions/regular-functions/bit-functions.mdx,https://clickhouse.com/docs/sql-reference/functions/bit-functions,https://private-7c7dfe99.mintlify.app/reference/functions/regular-functions/bit-functions,matched,79c599685568ffc4,true,79c599685568ffc4,2026-05-08T21:00:16+00:00,false
/sql-reference/functions/bitmap-functions,docs/sql-reference/functions/bitmap-functions.md,reference/functions/regular-functions/bitmap-functions.mdx,https://clickhouse.com/docs/sql-reference/functions/bitmap-functions,https://private-7c7dfe99.mintlify.app/reference/functions/regular-functions/bitmap-functions,matched,1718ef0848b81828,true,1718ef0848b81828,2026-05-08T21:00:16+00:00,false
/sql-reference/functions/comparison-functions,docs/sql-reference/functions/comparison-functions.md,reference/functions/regular-functions/comparison-functions.mdx,https://clickhouse.com/docs/sql-reference/functions/comparison-functions,https://private-7c7dfe99.mintlify.app/reference/functions/regular-functions/comparison-functions,matched,d3b005a6215a6a29,true,d3b005a6215a6a29,2026-05-08T21:00:17+00:00,false
/sql-reference/functions/conditional-functions,docs/sql-reference/functions/conditional-functions.md,reference/functions/regular-functions/conditional-functions.mdx,https://clickhouse.com/docs/sql-reference/functions/conditional-functions,https://private-7c7dfe99.mintlify.app/reference/functions/regular-functions/conditional-functions,matched,b6bd3b0906cdba14,true,b6bd3b0906cdba14,2026-05-08T21:00:17+00:00,false
/sql-reference/functions/date-time-functions,docs/sql-reference/functions/date-time-functions.md,reference/functions/regular-functions/date-time-functions.mdx,https://clickhouse.com/docs/sql-reference/functions/date-time-functions,https://private-7c7dfe99.mintlify.app/reference/functions/regular-functions/date-time-functions,matched,599cb966cc208230,true,599cb966cc208230,2026-05-08T21:00:17+00:00,false
/sql-reference/functions/distance-functions,docs/sql-reference/functions/distance-functions.md,reference/functions/regular-functions/distance-functions.mdx,https://clickhouse.com/docs/sql-reference/functions/distance-functions,https://private-7c7dfe99.mintlify.app/reference/functions/regular-functions/distance-functions,matched,d640404b6455109c,true,d640404b6455109c,2026-05-08T21:00:17+00:00,false
/sql-reference/functions/encoding-functions,docs/sql-reference/functions/encoding-functions.md,reference/functions/regular-functions/encoding-functions.mdx,https://clickhouse.com/docs/sql-reference/functions/encoding-functions,https://private-7c7dfe99.mintlify.app/reference/functions/regular-functions/encoding-functions,matched,1eb826597211a7ff,true,1eb826597211a7ff,2026-05-08T21:00:17+00:00,false
/sql-reference/functions/encryption-functions,docs/sql-reference/functions/encryption-functions.md,reference/functions/regular-functions/encryption-functions.mdx,https://clickhouse.com/docs/sql-reference/functions/encryption-functions,https://private-7c7dfe99.mintlify.app/reference/functions/regular-functions/encryption-functions,matched,2fd413bc4634b77e,true,2fd413bc4634b77e,2026-05-08T21:00:18+00:00,false
/sql-reference/functions/ext-dict-functions,docs/sql-reference/functions/ext-dict-functions.md,reference/functions/regular-functions/ext-dict-functions.mdx,https://clickhouse.com/docs/sql-reference/functions/ext-dict-functions,https://private-7c7dfe99.mintlify.app/reference/functions/regular-functions/ext-dict-functions,matched,c7909951aa9b73e5,true,c7909951aa9b73e5,2026-05-08T21:00:18+00:00,false
/sql-reference/functions/files,docs/sql-reference/functions/files.md,reference/functions/regular-functions/files.mdx,https://clickhouse.com/docs/sql-reference/functions/files,https://private-7c7dfe99.mintlify.app/reference/functions/regular-functions/files,matched,17de42c037b1a363,true,17de42c037b1a363,2026-05-07T14:49:41+00:00,false
/sql-reference/functions/financial-functions,docs/sql-reference/functions/financial-functions.md,reference/functions/regular-functions/financial-functions.mdx,https://clickhouse.com/docs/sql-reference/functions/financial-functions,https://private-7c7dfe99.mintlify.app/reference/functions/regular-functions/financial-functions,matched,ab5b820100b0d5ef,true,ab5b820100b0d5ef,2026-05-08T21:00:18+00:00,false
/sql-reference/functions/functions-for-nulls,docs/sql-reference/functions/functions-for-nulls.md,reference/functions/regular-functions/functions-for-nulls.mdx,https://clickhouse.com/docs/sql-reference/functions/functions-for-nulls,https://private-7c7dfe99.mintlify.app/reference/functions/regular-functions/functions-for-nulls,matched,8a5916d24974dec6,true,8a5916d24974dec6,2026-05-08T21:00:18+00:00,false
/sql-reference/functions/geo/,docs/sql-reference/functions/geo/index.md,reference/functions/regular-functions/geo/index.mdx,https://clickhouse.com/docs/sql-reference/functions/geo/,https://private-7c7dfe99.mintlify.app/reference/functions/regular-functions/geo,matched,229b20a3b9f2e01d,true,229b20a3b9f2e01d,2026-05-09T09:39:38+00:00,false
/sql-reference/functions/geo/coordinates,docs/sql-reference/functions/geo/coordinates.md,reference/functions/regular-functions/geo/coordinates.mdx,https://clickhouse.com/docs/sql-reference/functions/geo/coordinates,https://private-7c7dfe99.mintlify.app/reference/functions/regular-functions/geo/coordinates,matched,df1646edca9715cc,true,df1646edca9715cc,2026-05-07T14:49:41+00:00,false
/sql-reference/functions/geo/flipCoordinates,docs/sql-reference/functions/geo/flipCoordinates.md,reference/functions/regular-functions/geo/flipCoordinates.mdx,https://clickhouse.com/docs/sql-reference/functions/geo/flipCoordinates,https://private-7c7dfe99.mintlify.app/reference/functions/regular-functions/geo/flipCoordinates,matched,ecfdec0409be257b,true,ecfdec0409be257b,2026-05-07T14:49:41+00:00,false
/sql-reference/functions/geo/geohash,docs/sql-reference/functions/geo/geohash.md,reference/functions/regular-functions/geo/geohash.mdx,https://clickhouse.com/docs/sql-reference/functions/geo/geohash,https://private-7c7dfe99.mintlify.app/reference/functions/regular-functions/geo/geohash,matched,f1c375550607f160,true,f1c375550607f160,2026-05-08T09:09:20+00:00,false
/sql-reference/functions/geo/geometry,docs/sql-reference/functions/geo/geometry.md,reference/functions/regular-functions/geo/geometry.mdx,https://clickhouse.com/docs/sql-reference/functions/geo/geometry,https://private-7c7dfe99.mintlify.app/reference/functions/regular-functions/geo/geometry,matched,4a937e11a15d6308,true,4a937e11a15d6308,2026-05-07T14:49:41+00:00,false
/sql-reference/functions/geo/h3,docs/sql-reference/functions/geo/h3.md,reference/functions/regular-functions/geo/h3.mdx,https://clickhouse.com/docs/sql-reference/functions/geo/h3,https://private-7c7dfe99.mintlify.app/reference/functions/regular-functions/geo/h3,matched,8946d488f9c46e6c,true,8946d488f9c46e6c,2026-05-07T14:49:41+00:00,false
/sql-reference/functions/geo/polygons,docs/sql-reference/functions/geo/polygon.md,reference/functions/regular-functions/geo/polygon.mdx,https://clickhouse.com/docs/sql-reference/functions/geo/polygons,https://private-7c7dfe99.mintlify.app/reference/functions/regular-functions/geo/polygon,matched,783554b75229a238,true,783554b75229a238,2026-05-07T14:49:41+00:00,false
/sql-reference/functions/geo/s2,docs/sql-reference/functions/geo/s2.md,reference/functions/regular-functions/geo/s2.mdx,https://clickhouse.com/docs/sql-reference/functions/geo/s2,https://private-7c7dfe99.mintlify.app/reference/functions/regular-functions/geo/s2,matched,5015c123581af2b4,true,5015c123581af2b4,2026-05-07T14:49:41+00:00,false
/sql-reference/functions/geo/svg,docs/sql-reference/functions/geo/svg.md,reference/functions/regular-functions/geo/svg.mdx,https://clickhouse.com/docs/sql-reference/functions/geo/svg,https://private-7c7dfe99.mintlify.app/reference/functions/regular-functions/geo/svg,matched,e4a9139614a7f11d,true,e4a9139614a7f11d,2026-05-07T14:49:41+00:00,false
/sql-reference/functions/hash-functions,docs/sql-reference/functions/hash-functions.md,reference/functions/regular-functions/hash-functions.mdx,https://clickhouse.com/docs/sql-reference/functions/hash-functions,https://private-7c7dfe99.mintlify.app/reference/functions/regular-functions/hash-functions,matched,0737b88bf7b105f1,true,0737b88bf7b105f1,2026-05-08T21:00:18+00:00,false
/sql-reference/functions/in-functions,docs/sql-reference/functions/in-functions.md,reference/functions/regular-functions/in-functions.mdx,https://clickhouse.com/docs/sql-reference/functions/in-functions,https://private-7c7dfe99.mintlify.app/reference/functions/regular-functions/in-functions,matched,a3692c0caea63dcc,true,a3692c0caea63dcc,2026-05-07T14:49:41+00:00,false
/sql-reference/functions/introspection,docs/sql-reference/functions/introspection.md,reference/functions/regular-functions/introspection.mdx,https://clickhouse.com/docs/sql-reference/functions/introspection,https://private-7c7dfe99.mintlify.app/reference/functions/regular-functions/introspection,matched,2e66dec36f6ebc18,true,2e66dec36f6ebc18,2026-05-08T21:00:19+00:00,false
/sql-reference/functions/ip-address-functions,docs/sql-reference/functions/ip-address-functions.md,reference/functions/regular-functions/ip-address-functions.mdx,https://clickhouse.com/docs/sql-reference/functions/ip-address-functions,https://private-7c7dfe99.mintlify.app/reference/functions/regular-functions/ip-address-functions,matched,2cd6cb2965c1a236,true,2cd6cb2965c1a236,2026-05-08T21:00:19+00:00,false
/sql-reference/functions/json-functions,docs/sql-reference/functions/json-functions.md,reference/functions/regular-functions/json-functions.mdx,https://clickhouse.com/docs/sql-reference/functions/json-functions,https://private-7c7dfe99.mintlify.app/reference/functions/regular-functions/json-functions,matched,9165d90e06f1bc6a,true,9165d90e06f1bc6a,2026-05-08T21:00:19+00:00,false
/sql-reference/functions/logical-functions,docs/sql-reference/functions/logical-functions.md,reference/functions/regular-functions/logical-functions.mdx,https://clickhouse.com/docs/sql-reference/functions/logical-functions,https://private-7c7dfe99.mintlify.app/reference/functions/regular-functions/logical-functions,matched,361d5b69622cc74b,true,361d5b69622cc74b,2026-05-08T21:00:19+00:00,false
/sql-reference/functions/machine-learning-functions,docs/sql-reference/functions/machine-learning-functions.md,reference/functions/regular-functions/machine-learning-functions.mdx,https://clickhouse.com/docs/sql-reference/functions/machine-learning-functions,https://private-7c7dfe99.mintlify.app/reference/functions/regular-functions/machine-learning-functions,matched,2a6580470ab1e345,true,2a6580470ab1e345,2026-05-08T21:00:19+00:00,false
/sql-reference/functions/math-functions,docs/sql-reference/functions/math-functions.md,reference/functions/regular-functions/math-functions.mdx,https://clickhouse.com/docs/sql-reference/functions/math-functions,https://private-7c7dfe99.mintlify.app/reference/functions/regular-functions/math-functions,matched,3378a52f1c01d9f2,true,3378a52f1c01d9f2,2026-05-08T21:00:20+00:00,false
/sql-reference/functions/nlp-functions,docs/sql-reference/functions/nlp-functions.md,reference/functions/regular-functions/nlp-functions.mdx,https://clickhouse.com/docs/sql-reference/functions/nlp-functions,https://private-7c7dfe99.mintlify.app/reference/functions/regular-functions/nlp-functions,matched,00c21ab328d01f85,true,00c21ab328d01f85,2026-05-08T21:00:20+00:00,false
/sql-reference/functions/numeric-indexed-vector-functions,docs/sql-reference/functions/numeric-indexed-vector-functions.md,reference/functions/regular-functions/numeric-indexed-vector-functions.mdx,https://clickhouse.com/docs/sql-reference/functions/numeric-indexed-vector-functions,https://private-7c7dfe99.mintlify.app/reference/functions/regular-functions/numeric-indexed-vector-functions,matched,8e93b45f655a060b,true,8e93b45f655a060b,2026-05-08T21:00:20+00:00,false
/sql-reference/functions/other-functions,docs/sql-reference/functions/other-functions.md,reference/functions/regular-functions/other-functions.mdx,https://clickhouse.com/docs/sql-reference/functions/other-functions,https://private-7c7dfe99.mintlify.app/reference/functions/regular-functions/other-functions,matched,7074e5e40464af1f,true,7074e5e40464af1f,2026-05-09T11:14:51+00:00,false
/sql-reference/functions/overview,docs/sql-reference/functions/overview.md,reference/functions/regular-functions/overview.mdx,https://clickhouse.com/docs/sql-reference/functions/overview,https://private-7c7dfe99.mintlify.app/reference/functions/regular-functions/overview,matched,d3499050f8c6e7b0,true,d3499050f8c6e7b0,2026-05-08T09:09:20+00:00,false
/sql-reference/functions/random-functions,docs/sql-reference/functions/random-functions.md,reference/functions/regular-functions/random-functions.mdx,https://clickhouse.com/docs/sql-reference/functions/random-functions,https://private-7c7dfe99.mintlify.app/reference/functions/regular-functions/random-functions,matched,358fb4cd1d025b1e,true,358fb4cd1d025b1e,2026-05-09T11:14:51+00:00,false
/sql-reference/functions/regular-functions,docs/sql-reference/functions/regular-functions-index.md,reference/functions/regular-functions/regular-functions-index.mdx,https://clickhouse.com/docs/sql-reference/functions/regular-functions,https://private-7c7dfe99.mintlify.app/reference/functions/regular-functions/regular-functions-index,matched,6c152f17b58caad6,true,6c152f17b58caad6,2026-05-07T14:49:41+00:00,false
/sql-reference/functions/rounding-functions,docs/sql-reference/functions/rounding-functions.md,reference/functions/regular-functions/rounding-functions.mdx,https://clickhouse.com/docs/sql-reference/functions/rounding-functions,https://private-7c7dfe99.mintlify.app/reference/functions/regular-functions/rounding-functions,matched,0ffa2553a1092802,true,0ffa2553a1092802,2026-05-08T21:00:20+00:00,false
/sql-reference/functions/splitting-merging-functions,docs/sql-reference/functions/splitting-merging-functions.md,reference/functions/regular-functions/splitting-merging-functions.mdx,https://clickhouse.com/docs/sql-reference/functions/splitting-merging-functions,https://private-7c7dfe99.mintlify.app/reference/functions/regular-functions/splitting-merging-functions,matched,6b572898ecc12b98,true,6b572898ecc12b98,2026-05-08T21:00:21+00:00,false
/sql-reference/functions/string-functions,docs/sql-reference/functions/string-functions.md,reference/functions/regular-functions/string-functions.mdx,https://clickhouse.com/docs/sql-reference/functions/string-functions,https://private-7c7dfe99.mintlify.app/reference/functions/regular-functions/string-functions,matched,45cccb3da6bfeebf,true,45cccb3da6bfeebf,2026-05-08T21:00:21+00:00,false
/sql-reference/functions/string-replace-functions,docs/sql-reference/functions/string-replace-functions.md,reference/functions/regular-functions/string-replace-functions.mdx,https://clickhouse.com/docs/sql-reference/functions/string-replace-functions,https://private-7c7dfe99.mintlify.app/reference/functions/regular-functions/string-replace-functions,matched,4e9f35ffe6ecaca5,true,4e9f35ffe6ecaca5,2026-05-08T21:00:21+00:00,false
/sql-reference/functions/string-search-functions,docs/sql-reference/functions/string-search-functions.md,reference/functions/regular-functions/string-search-functions.mdx,https://clickhouse.com/docs/sql-reference/functions/string-search-functions,https://private-7c7dfe99.mintlify.app/reference/functions/regular-functions/string-search-functions,matched,92422c7517842306,true,92422c7517842306,2026-05-08T21:00:21+00:00,false
/sql-reference/functions/time-series-functions,docs/sql-reference/functions/time-series-functions.md,reference/functions/regular-functions/time-series-functions.mdx,https://clickhouse.com/docs/sql-reference/functions/time-series-functions,https://private-7c7dfe99.mintlify.app/reference/functions/regular-functions/time-series-functions,matched,03dafeea65fe7dcc,true,03dafeea65fe7dcc,2026-05-08T21:00:21+00:00,false
/sql-reference/functions/time-window-functions,docs/sql-reference/functions/time-window-functions.md,reference/functions/regular-functions/time-window-functions.mdx,https://clickhouse.com/docs/sql-reference/functions/time-window-functions,https://private-7c7dfe99.mintlify.app/reference/functions/regular-functions/time-window-functions,matched,6b2576c3b03c809a,true,6b2576c3b03c809a,2026-05-08T21:00:22+00:00,false
/sql-reference/functions/tuple-functions,docs/sql-reference/functions/tuple-functions.md,reference/functions/regular-functions/tuple-functions.mdx,https://clickhouse.com/docs/sql-reference/functions/tuple-functions,https://private-7c7dfe99.mintlify.app/reference/functions/regular-functions/tuple-functions,matched,78be747df84c9b1b,true,78be747df84c9b1b,2026-05-09T10:26:02+00:00,false
/sql-reference/functions/tuple-map-functions,docs/sql-reference/functions/tuple-map-functions.md,reference/functions/regular-functions/tuple-map-functions.mdx,https://clickhouse.com/docs/sql-reference/functions/tuple-map-functions,https://private-7c7dfe99.mintlify.app/reference/functions/regular-functions/tuple-map-functions,matched,6b14acbe7eb707cd,true,6b14acbe7eb707cd,2026-05-08T21:00:22+00:00,false
/sql-reference/functions/type-conversion-functions,docs/sql-reference/functions/type-conversion-functions.md,reference/functions/regular-functions/type-conversion-functions.mdx,https://clickhouse.com/docs/sql-reference/functions/type-conversion-functions,https://private-7c7dfe99.mintlify.app/reference/functions/regular-functions/type-conversion-functions,matched,9cb43da7dc3906c1,true,9cb43da7dc3906c1,2026-05-08T21:00:22+00:00,false
/sql-reference/functions/udf,docs/sql-reference/functions/udf.md,reference/functions/regular-functions/udf.mdx,https://clickhouse.com/docs/sql-reference/functions/udf,https://private-7c7dfe99.mintlify.app/reference/functions/regular-functions/udf,matched,8112ec90462892fe,true,8112ec90462892fe,2026-05-08T13:01:57+00:00,false
/sql-reference/functions/ulid-functions,docs/sql-reference/functions/ulid-functions.md,reference/functions/regular-functions/ulid-functions.mdx,https://clickhouse.com/docs/sql-reference/functions/ulid-functions,https://private-7c7dfe99.mintlify.app/reference/functions/regular-functions/ulid-functions,matched,193ab0f49915d34d,true,193ab0f49915d34d,2026-05-08T21:00:22+00:00,false
/sql-reference/functions/uniqtheta-functions,docs/sql-reference/functions/uniqtheta-functions.md,reference/functions/regular-functions/uniqtheta-functions.mdx,https://clickhouse.com/docs/sql-reference/functions/uniqtheta-functions,https://private-7c7dfe99.mintlify.app/reference/functions/regular-functions/uniqtheta-functions,matched,a776c4945dacd149,true,a776c4945dacd149,2026-05-08T21:00:22+00:00,false
/sql-reference/functions/url-functions,docs/sql-reference/functions/url-functions.md,reference/functions/regular-functions/url-functions.mdx,https://clickhouse.com/docs/sql-reference/functions/url-functions,https://private-7c7dfe99.mintlify.app/reference/functions/regular-functions/url-functions,matched,25bb5ed2c3fd62e0,true,25bb5ed2c3fd62e0,2026-05-08T21:10:29+00:00,false
/sql-reference/functions/uuid-functions,docs/sql-reference/functions/uuid-functions.md,reference/functions/regular-functions/uuid-functions.mdx,https://clickhouse.com/docs/sql-reference/functions/uuid-functions,https://private-7c7dfe99.mintlify.app/reference/functions/regular-functions/uuid-functions,matched,4d3c22972e76f466,true,4d3c22972e76f466,2026-05-08T21:00:23+00:00,false
/sql-reference/functions/wasm_udf,docs/sql-reference/functions/wasm_udf.md,reference/functions/regular-functions/wasm_udf.mdx,https://clickhouse.com/docs/sql-reference/functions/wasm_udf,https://private-7c7dfe99.mintlify.app/reference/functions/regular-functions/wasm_udf,matched,bd9c13af1cf0ddc9,true,bd9c13af1cf0ddc9,2026-05-08T09:09:20+00:00,false
/sql-reference/functions/ym-dict-functions,docs/sql-reference/functions/embedded-dict-functions.md,reference/functions/regular-functions/embedded-dict-functions.mdx,https://clickhouse.com/docs/sql-reference/functions/ym-dict-functions,https://private-7c7dfe99.mintlify.app/reference/functions/regular-functions/embedded-dict-functions,matched,1c5231ccf0e50a44,true,1c5231ccf0e50a44,2026-05-08T21:16:06+00:00,false
/sql-reference/operators/,docs/sql-reference/operators/index.md,reference/operators/index.mdx,https://clickhouse.com/docs/sql-reference/operators/,https://private-7c7dfe99.mintlify.app/reference/operators,matched,10c43d7c700e5f37,true,10c43d7c700e5f37,2026-05-08T21:00:23+00:00,false
/sql-reference/operators/exists,docs/sql-reference/operators/exists.md,reference/operators/exists.mdx,https://clickhouse.com/docs/sql-reference/operators/exists,https://private-7c7dfe99.mintlify.app/reference/operators/exists,matched,50a43ff5465e5ed3,true,50a43ff5465e5ed3,2026-05-08T09:09:20+00:00,false
/sql-reference/operators/in,docs/sql-reference/operators/in.md,reference/statements/in.mdx,https://clickhouse.com/docs/sql-reference/operators/in,https://private-7c7dfe99.mintlify.app/reference/statements/in,matched,6190273b7bb95c02,true,6190273b7bb95c02,2026-05-08T09:09:20+00:00,false
/sql-reference/other/distributed-ddl,docs/sql-reference/operators/distributed-ddl.md,reference/operators/distributed-ddl.mdx,https://clickhouse.com/docs/sql-reference/other/distributed-ddl,https://private-7c7dfe99.mintlify.app/reference/operators/distributed-ddl,matched,f2e0676875f34dd5,true,f2e0676875f34dd5,2026-05-08T11:33:34+00:00,false
/sql-reference/statements/,docs/sql-reference/statements/index.md,reference/statements/index.mdx,https://clickhouse.com/docs/sql-reference/statements/,https://private-7c7dfe99.mintlify.app/reference/statements,matched,84bf17e2315c270d,true,84bf17e2315c270d,2026-05-09T09:39:38+00:00,false
/sql-reference/statements/alter/,docs/sql-reference/statements/alter/index.md,reference/statements/alter/index.mdx,https://clickhouse.com/docs/sql-reference/statements/alter/,https://private-7c7dfe99.mintlify.app/reference/statements/alter,matched,3cae588d4c419194,true,3cae588d4c419194,2026-05-08T09:09:20+00:00,false
/sql-reference/statements/alter/apply-deleted-mask,docs/sql-reference/statements/alter/apply-deleted-mask.md,reference/statements/alter/apply-deleted-mask.mdx,https://clickhouse.com/docs/sql-reference/statements/alter/apply-deleted-mask,https://private-7c7dfe99.mintlify.app/reference/statements/alter/apply-deleted-mask,matched,2c08ba9df01012e9,true,2c08ba9df01012e9,2026-05-08T09:09:20+00:00,false
/sql-reference/statements/alter/apply-patches,docs/sql-reference/statements/alter/apply-patches.md,reference/statements/alter/apply-patches.mdx,https://clickhouse.com/docs/sql-reference/statements/alter/apply-patches,https://private-7c7dfe99.mintlify.app/reference/statements/alter/apply-patches,matched,2bba7ff9f47b7239,true,2bba7ff9f47b7239,2026-05-08T09:09:20+00:00,false
/sql-reference/statements/alter/column,docs/sql-reference/statements/alter/column.md,reference/statements/alter/column.mdx,https://clickhouse.com/docs/sql-reference/statements/alter/column,https://private-7c7dfe99.mintlify.app/reference/statements/alter/column,matched,30130c9b0fe3bf74,true,30130c9b0fe3bf74,2026-05-08T09:09:20+00:00,false
/sql-reference/statements/alter/comment,docs/sql-reference/statements/alter/comment.md,reference/statements/alter/comment.mdx,https://clickhouse.com/docs/sql-reference/statements/alter/comment,https://private-7c7dfe99.mintlify.app/reference/statements/alter/comment,matched,8d6d45dafb5a931c,true,8d6d45dafb5a931c,2026-05-09T09:39:38+00:00,false
/sql-reference/statements/alter/constraint,docs/sql-reference/statements/alter/constraint.md,reference/statements/alter/constraint.mdx,https://clickhouse.com/docs/sql-reference/statements/alter/constraint,https://private-7c7dfe99.mintlify.app/reference/statements/alter/constraint,matched,8ed2a0a54a6b4cc5,true,8ed2a0a54a6b4cc5,2026-05-08T09:09:20+00:00,false
/sql-reference/statements/alter/database-comment,docs/sql-reference/statements/alter/database-comment.md,reference/statements/alter/database-comment.mdx,https://clickhouse.com/docs/sql-reference/statements/alter/database-comment,https://private-7c7dfe99.mintlify.app/reference/statements/alter/database-comment,matched,f9c93f24237acc26,true,f9c93f24237acc26,2026-05-09T09:39:38+00:00,false
/sql-reference/statements/alter/delete,docs/sql-reference/statements/alter/delete.md,reference/statements/alter/delete.mdx,https://clickhouse.com/docs/sql-reference/statements/alter/delete,https://private-7c7dfe99.mintlify.app/reference/statements/alter/delete,matched,e3d9d895a670833c,true,e3d9d895a670833c,2026-05-08T09:09:20+00:00,false
/sql-reference/statements/alter/masking-policy,docs/sql-reference/statements/alter/masking-policy.md,reference/statements/alter/masking-policy.mdx,https://clickhouse.com/docs/sql-reference/statements/alter/masking-policy,https://private-7c7dfe99.mintlify.app/reference/statements/alter/masking-policy,matched,db4497ceb4087eda,true,db4497ceb4087eda,2026-05-08T09:09:20+00:00,false
/sql-reference/statements/alter/named-collection,docs/sql-reference/statements/alter/named-collection.md,reference/statements/alter/named-collection.mdx,https://clickhouse.com/docs/sql-reference/statements/alter/named-collection,https://private-7c7dfe99.mintlify.app/reference/statements/alter/named-collection,matched,1ba41582c1e8ebc8,true,1ba41582c1e8ebc8,2026-05-08T09:09:20+00:00,false
/sql-reference/statements/alter/order-by,docs/sql-reference/statements/alter/order-by.md,reference/statements/alter/order-by.mdx,https://clickhouse.com/docs/sql-reference/statements/alter/order-by,https://private-7c7dfe99.mintlify.app/reference/statements/alter/order-by,matched,da55650acb4be1e8,true,da55650acb4be1e8,2026-05-07T14:49:41+00:00,false
/sql-reference/statements/alter/partition,docs/sql-reference/statements/alter/partition.md,reference/statements/alter/partition.mdx,https://clickhouse.com/docs/sql-reference/statements/alter/partition,https://private-7c7dfe99.mintlify.app/reference/statements/alter/partition,matched,32785de3bff088ba,true,32785de3bff088ba,2026-05-08T21:00:25+00:00,false
/sql-reference/statements/alter/projection,docs/sql-reference/statements/alter/projection.md,reference/statements/alter/projection.mdx,https://clickhouse.com/docs/sql-reference/statements/alter/projection,https://private-7c7dfe99.mintlify.app/reference/statements/alter/projection,matched,4f226b1552bbed54,true,4f226b1552bbed54,2026-05-08T09:09:20+00:00,false
/sql-reference/statements/alter/quota,docs/sql-reference/statements/alter/quota.md,reference/statements/alter/quota.mdx,https://clickhouse.com/docs/sql-reference/statements/alter/quota,https://private-7c7dfe99.mintlify.app/reference/statements/alter/quota,matched,7f4ff197ce476062,true,7f4ff197ce476062,2026-05-07T14:49:41+00:00,false
/sql-reference/statements/alter/role,docs/sql-reference/statements/alter/role.md,reference/statements/alter/role.mdx,https://clickhouse.com/docs/sql-reference/statements/alter/role,https://private-7c7dfe99.mintlify.app/reference/statements/alter/role,matched,303a2bb1adcbfc7e,true,303a2bb1adcbfc7e,2026-05-07T14:49:41+00:00,false
/sql-reference/statements/alter/row-policy,docs/sql-reference/statements/alter/row-policy.md,reference/statements/alter/row-policy.mdx,https://clickhouse.com/docs/sql-reference/statements/alter/row-policy,https://private-7c7dfe99.mintlify.app/reference/statements/alter/row-policy,matched,e9242354e112109a,true,e9242354e112109a,2026-05-07T14:49:41+00:00,false
/sql-reference/statements/alter/sample-by,docs/sql-reference/statements/alter/sample-by.md,reference/statements/alter/sample-by.mdx,https://clickhouse.com/docs/sql-reference/statements/alter/sample-by,https://private-7c7dfe99.mintlify.app/reference/statements/alter/sample-by,matched,91810a26e7bbbe9f,true,91810a26e7bbbe9f,2026-05-08T09:09:20+00:00,false
/sql-reference/statements/alter/setting,docs/sql-reference/statements/alter/setting.md,reference/statements/alter/setting.mdx,https://clickhouse.com/docs/sql-reference/statements/alter/setting,https://private-7c7dfe99.mintlify.app/reference/statements/alter/setting,matched,8396ae84019ca444,true,8396ae84019ca444,2026-05-08T09:09:20+00:00,false
/sql-reference/statements/alter/settings-profile,docs/sql-reference/statements/alter/settings-profile.md,reference/statements/alter/settings-profile.mdx,https://clickhouse.com/docs/sql-reference/statements/alter/settings-profile,https://private-7c7dfe99.mintlify.app/reference/statements/alter/settings-profile,matched,974e376db0d1f6bc,true,974e376db0d1f6bc,2026-05-07T14:49:41+00:00,false
/sql-reference/statements/alter/skipping-index,docs/sql-reference/statements/alter/skipping-index.md,reference/statements/alter/skipping-index.mdx,https://clickhouse.com/docs/sql-reference/statements/alter/skipping-index,https://private-7c7dfe99.mintlify.app/reference/statements/alter/skipping-index,matched,a6ee74f4a5fa3c47,true,a6ee74f4a5fa3c47,2026-05-08T09:09:20+00:00,false
/sql-reference/statements/alter/statistics,docs/sql-reference/statements/alter/statistics.md,reference/statements/alter/statistics.mdx,https://clickhouse.com/docs/sql-reference/statements/alter/statistics,https://private-7c7dfe99.mintlify.app/reference/statements/alter/statistics,matched,dc6bed38f255f290,true,dc6bed38f255f290,2026-05-08T09:09:20+00:00,false
/sql-reference/statements/alter/ttl,docs/sql-reference/statements/alter/ttl.md,reference/statements/alter/ttl.mdx,https://clickhouse.com/docs/sql-reference/statements/alter/ttl,https://private-7c7dfe99.mintlify.app/reference/statements/alter/ttl,matched,092cf9506a86a064,true,092cf9506a86a064,2026-05-08T09:09:20+00:00,false
/sql-reference/statements/alter/update,docs/sql-reference/statements/alter/update.md,reference/statements/alter/update.mdx,https://clickhouse.com/docs/sql-reference/statements/alter/update,https://private-7c7dfe99.mintlify.app/reference/statements/alter/update,matched,a545210822fcd08c,true,a545210822fcd08c,2026-05-08T09:09:20+00:00,false
/sql-reference/statements/alter/user,docs/sql-reference/statements/alter/user.md,reference/statements/alter/user.mdx,https://clickhouse.com/docs/sql-reference/statements/alter/user,https://private-7c7dfe99.mintlify.app/reference/statements/alter/user,matched,bad6198b79924e96,true,bad6198b79924e96,2026-05-07T14:49:41+00:00,false
/sql-reference/statements/alter/view,docs/sql-reference/statements/alter/view.md,reference/statements/alter/view.mdx,https://clickhouse.com/docs/sql-reference/statements/alter/view,https://private-7c7dfe99.mintlify.app/reference/statements/alter/view,matched,3496fbf668769ff7,true,3496fbf668769ff7,2026-05-07T14:49:41+00:00,false
/sql-reference/statements/attach,docs/sql-reference/statements/attach.md,reference/statements/attach.mdx,https://clickhouse.com/docs/sql-reference/statements/attach,https://private-7c7dfe99.mintlify.app/reference/statements/attach,matched,6884d15ae61a9e31,true,6884d15ae61a9e31,2026-05-07T14:49:41+00:00,false
/sql-reference/statements/check-grant,docs/sql-reference/statements/check-grant.md,reference/statements/check-grant.mdx,https://clickhouse.com/docs/sql-reference/statements/check-grant,https://private-7c7dfe99.mintlify.app/reference/statements/check-grant,matched,2d31634c588cb280,true,2d31634c588cb280,2026-05-07T14:49:41+00:00,false
/sql-reference/statements/check-table,docs/sql-reference/statements/check-table.md,reference/statements/check-table.mdx,https://clickhouse.com/docs/sql-reference/statements/check-table,https://private-7c7dfe99.mintlify.app/reference/statements/check-table,matched,7e878840adfba6f5,true,7e878840adfba6f5,2026-05-08T09:09:20+00:00,false
/sql-reference/statements/create/,docs/sql-reference/statements/create/index.md,reference/statements/create/index.mdx,https://clickhouse.com/docs/sql-reference/statements/create/,https://private-7c7dfe99.mintlify.app/reference/statements/create,matched,f53eec1c24f726e2,true,f53eec1c24f726e2,2026-05-07T14:49:41+00:00,false
/sql-reference/statements/create/database,docs/sql-reference/statements/create/database.md,reference/statements/create/database.mdx,https://clickhouse.com/docs/sql-reference/statements/create/database,https://private-7c7dfe99.mintlify.app/reference/statements/create/database,matched,d692b1c73d92020e,true,d692b1c73d92020e,2026-05-07T14:49:41+00:00,false
/sql-reference/statements/create/dictionary,docs/sql-reference/statements/create/dictionary/overview.md,reference/statements/create/dictionary.mdx,https://clickhouse.com/docs/sql-reference/statements/create/dictionary,https://private-7c7dfe99.mintlify.app/reference/statements/create/dictionary,matched,991e50e50ab9d097,true,991e50e50ab9d097,2026-05-08T18:58:07+00:00,false
/sql-reference/statements/create/dictionary/attributes,docs/sql-reference/statements/create/dictionary/attributes.md,reference/statements/create/dictionary/attributes.mdx,https://clickhouse.com/docs/sql-reference/statements/create/dictionary/attributes,https://private-7c7dfe99.mintlify.app/reference/statements/create/dictionary/attributes,matched,df228adf9244be27,true,df228adf9244be27,2026-05-09T09:39:38+00:00,false
/sql-reference/statements/create/dictionary/embedded,docs/sql-reference/statements/create/dictionary/embedded.md,reference/statements/create/dictionary/embedded.mdx,https://clickhouse.com/docs/sql-reference/statements/create/dictionary/embedded,https://private-7c7dfe99.mintlify.app/reference/statements/create/dictionary/embedded,matched,a5134319e705b1c2,true,a5134319e705b1c2,2026-05-08T09:09:20+00:00,false
/sql-reference/statements/create/dictionary/layouts,docs/sql-reference/statements/create/dictionary/layouts/overview.md,reference/statements/create/dictionary/layouts/overview.mdx,https://clickhouse.com/docs/sql-reference/statements/create/dictionary/layouts,https://private-7c7dfe99.mintlify.app/reference/statements/create/dictionary/layouts/overview,matched,8a936c931e3b749d,true,8a936c931e3b749d,2026-05-08T09:09:20+00:00,false
/sql-reference/statements/create/dictionary/layouts/cache,docs/sql-reference/statements/create/dictionary/layouts/cache.md,reference/statements/create/dictionary/layouts/cache.mdx,https://clickhouse.com/docs/sql-reference/statements/create/dictionary/layouts/cache,https://private-7c7dfe99.mintlify.app/reference/statements/create/dictionary/layouts/cache,matched,1dbce5622d55c826,true,1dbce5622d55c826,2026-05-08T09:09:20+00:00,false
/sql-reference/statements/create/dictionary/layouts/direct,docs/sql-reference/statements/create/dictionary/layouts/direct.md,reference/statements/create/dictionary/layouts/direct.mdx,https://clickhouse.com/docs/sql-reference/statements/create/dictionary/layouts/direct,https://private-7c7dfe99.mintlify.app/reference/statements/create/dictionary/layouts/direct,matched,ba9d1650e5d9d3d1,true,ba9d1650e5d9d3d1,2026-05-08T11:53:27+00:00,false
/sql-reference/statements/create/dictionary/layouts/flat,docs/sql-reference/statements/create/dictionary/layouts/flat.md,reference/statements/create/dictionary/layouts/flat.mdx,https://clickhouse.com/docs/sql-reference/statements/create/dictionary/layouts/flat,https://private-7c7dfe99.mintlify.app/reference/statements/create/dictionary/layouts/flat,matched,4cd2982872ada37d,true,4cd2982872ada37d,2026-05-08T09:09:20+00:00,false
/sql-reference/statements/create/dictionary/layouts/hashed,docs/sql-reference/statements/create/dictionary/layouts/hashed.md,reference/statements/create/dictionary/layouts/hashed.mdx,https://clickhouse.com/docs/sql-reference/statements/create/dictionary/layouts/hashed,https://private-7c7dfe99.mintlify.app/reference/statements/create/dictionary/layouts/hashed,matched,765b099e5923d360,true,765b099e5923d360,2026-05-07T14:49:41+00:00,false
/sql-reference/statements/create/dictionary/layouts/hashed-array,docs/sql-reference/statements/create/dictionary/layouts/hashed-array.md,reference/statements/create/dictionary/layouts/hashed-array.mdx,https://clickhouse.com/docs/sql-reference/statements/create/dictionary/layouts/hashed-array,https://private-7c7dfe99.mintlify.app/reference/statements/create/dictionary/layouts/hashed-array,matched,08b0f7772e500940,true,08b0f7772e500940,2026-05-07T14:49:41+00:00,false
/sql-reference/statements/create/dictionary/layouts/hierarchical,docs/sql-reference/statements/create/dictionary/layouts/hierarchical.md,reference/statements/create/dictionary/layouts/hierarchical.mdx,https://clickhouse.com/docs/sql-reference/statements/create/dictionary/layouts/hierarchical,https://private-7c7dfe99.mintlify.app/reference/statements/create/dictionary/layouts/hierarchical,matched,d0f45477e4502d5e,true,d0f45477e4502d5e,2026-05-07T14:49:41+00:00,false
/sql-reference/statements/create/dictionary/layouts/ip-trie,docs/sql-reference/statements/create/dictionary/layouts/ip-trie.md,reference/statements/create/dictionary/layouts/ip-trie.mdx,https://clickhouse.com/docs/sql-reference/statements/create/dictionary/layouts/ip-trie,https://private-7c7dfe99.mintlify.app/reference/statements/create/dictionary/layouts/ip-trie,matched,4663d6bdd0aad269,true,4663d6bdd0aad269,2026-05-08T12:19:52+00:00,false
/sql-reference/statements/create/dictionary/layouts/polygon,docs/sql-reference/statements/create/dictionary/layouts/polygon.md,reference/statements/create/dictionary/layouts/polygon.mdx,https://clickhouse.com/docs/sql-reference/statements/create/dictionary/layouts/polygon,https://private-7c7dfe99.mintlify.app/reference/statements/create/dictionary/layouts/polygon,matched,ac87c199241e9bf9,true,ac87c199241e9bf9,2026-05-08T12:19:52+00:00,false
/sql-reference/statements/create/dictionary/layouts/range-hashed,docs/sql-reference/statements/create/dictionary/layouts/range-hashed.md,reference/statements/create/dictionary/layouts/range-hashed.mdx,https://clickhouse.com/docs/sql-reference/statements/create/dictionary/layouts/range-hashed,https://private-7c7dfe99.mintlify.app/reference/statements/create/dictionary/layouts/range-hashed,matched,8ccca11e1180ae05,true,8ccca11e1180ae05,2026-05-08T09:09:20+00:00,false
/sql-reference/statements/create/dictionary/layouts/regexp-tree,docs/sql-reference/statements/create/dictionary/layouts/regexp-tree.md,reference/statements/create/dictionary/layouts/regexp-tree.mdx,https://clickhouse.com/docs/sql-reference/statements/create/dictionary/layouts/regexp-tree,https://private-7c7dfe99.mintlify.app/reference/statements/create/dictionary/layouts/regexp-tree,matched,05799cd708b4238b,true,05799cd708b4238b,2026-05-08T12:19:52+00:00,false
/sql-reference/statements/create/dictionary/layouts/ssd-cache,docs/sql-reference/statements/create/dictionary/layouts/ssd-cache.md,reference/statements/create/dictionary/layouts/ssd-cache.mdx,https://clickhouse.com/docs/sql-reference/statements/create/dictionary/layouts/ssd-cache,https://private-7c7dfe99.mintlify.app/reference/statements/create/dictionary/layouts/ssd-cache,matched,fb386a8d8121b54d,true,fb386a8d8121b54d,2026-05-07T14:49:41+00:00,false
/sql-reference/statements/create/dictionary/lifetime,docs/sql-reference/statements/create/dictionary/lifetime.md,reference/statements/create/dictionary/lifetime.mdx,https://clickhouse.com/docs/sql-reference/statements/create/dictionary/lifetime,https://private-7c7dfe99.mintlify.app/reference/statements/create/dictionary/lifetime,matched,4ef385db95bf4e51,true,4ef385db95bf4e51,2026-05-08T11:53:27+00:00,false
/sql-reference/statements/create/dictionary/sources,docs/sql-reference/statements/create/dictionary/sources/overview.md,reference/statements/create/dictionary/sources/overview.mdx,https://clickhouse.com/docs/sql-reference/statements/create/dictionary/sources,https://private-7c7dfe99.mintlify.app/reference/statements/create/dictionary/sources/overview,matched,8d300d0cef0bff68,true,8d300d0cef0bff68,2026-05-09T09:39:38+00:00,false
/sql-reference/statements/create/dictionary/sources/cassandra,docs/sql-reference/statements/create/dictionary/sources/cassandra.md,reference/statements/create/dictionary/sources/cassandra.mdx,https://clickhouse.com/docs/sql-reference/statements/create/dictionary/sources/cassandra,https://private-7c7dfe99.mintlify.app/reference/statements/create/dictionary/sources/cassandra,matched,3366fbba1d891441,true,3366fbba1d891441,2026-05-08T09:09:20+00:00,false
/sql-reference/statements/create/dictionary/sources/clickhouse,docs/sql-reference/statements/create/dictionary/sources/clickhouse.md,reference/statements/create/dictionary/sources/clickhouse.mdx,https://clickhouse.com/docs/sql-reference/statements/create/dictionary/sources/clickhouse,https://private-7c7dfe99.mintlify.app/reference/statements/create/dictionary/sources/clickhouse,matched,93b842786d511f36,true,93b842786d511f36,2026-05-08T09:09:20+00:00,false
/sql-reference/statements/create/dictionary/sources/executable-file,docs/sql-reference/statements/create/dictionary/sources/executable-file.md,reference/statements/create/dictionary/sources/executable-file.mdx,https://clickhouse.com/docs/sql-reference/statements/create/dictionary/sources/executable-file,https://private-7c7dfe99.mintlify.app/reference/statements/create/dictionary/sources/executable-file,matched,220264aaefc1334a,true,220264aaefc1334a,2026-05-08T15:04:34+00:00,false
/sql-reference/statements/create/dictionary/sources/executable-pool,docs/sql-reference/statements/create/dictionary/sources/executable-pool.md,reference/statements/create/dictionary/sources/executable-pool.mdx,https://clickhouse.com/docs/sql-reference/statements/create/dictionary/sources/executable-pool,https://private-7c7dfe99.mintlify.app/reference/statements/create/dictionary/sources/executable-pool,matched,d1ff1acf8257ac87,true,d1ff1acf8257ac87,2026-05-08T15:04:34+00:00,false
/sql-reference/statements/create/dictionary/sources/http,docs/sql-reference/statements/create/dictionary/sources/http.md,reference/statements/create/dictionary/sources/http.mdx,https://clickhouse.com/docs/sql-reference/statements/create/dictionary/sources/http,https://private-7c7dfe99.mintlify.app/reference/statements/create/dictionary/sources/http,matched,e72f060583314b47,true,e72f060583314b47,2026-05-08T15:04:34+00:00,false
/sql-reference/statements/create/dictionary/sources/local-file,docs/sql-reference/statements/create/dictionary/sources/local-file.md,reference/statements/create/dictionary/sources/local-file.mdx,https://clickhouse.com/docs/sql-reference/statements/create/dictionary/sources/local-file,https://private-7c7dfe99.mintlify.app/reference/statements/create/dictionary/sources/local-file,matched,a1a7676e8f61e757,true,a1a7676e8f61e757,2026-05-08T15:04:34+00:00,false
/sql-reference/statements/create/dictionary/sources/mongodb,docs/sql-reference/statements/create/dictionary/sources/mongodb.md,reference/statements/create/dictionary/sources/mongodb.mdx,https://clickhouse.com/docs/sql-reference/statements/create/dictionary/sources/mongodb,https://private-7c7dfe99.mintlify.app/reference/statements/create/dictionary/sources/mongodb,matched,1e59afc5c1cb7417,true,1e59afc5c1cb7417,2026-05-07T14:49:41+00:00,false
/sql-reference/statements/create/dictionary/sources/mysql,docs/sql-reference/statements/create/dictionary/sources/mysql.md,reference/statements/create/dictionary/sources/mysql.mdx,https://clickhouse.com/docs/sql-reference/statements/create/dictionary/sources/mysql,https://private-7c7dfe99.mintlify.app/reference/statements/create/dictionary/sources/mysql,matched,44331440c9cf0cf2,true,44331440c9cf0cf2,2026-05-08T09:09:20+00:00,false
/sql-reference/statements/create/dictionary/sources/null,docs/sql-reference/statements/create/dictionary/sources/null.md,reference/statements/create/dictionary/sources/null.mdx,https://clickhouse.com/docs/sql-reference/statements/create/dictionary/sources/null,https://private-7c7dfe99.mintlify.app/reference/statements/create/dictionary/sources/null,matched,e33e071b01088cb8,true,e33e071b01088cb8,2026-05-07T14:49:41+00:00,false
/sql-reference/statements/create/dictionary/sources/odbc,docs/sql-reference/statements/create/dictionary/sources/odbc.md,reference/statements/create/dictionary/sources/odbc.mdx,https://clickhouse.com/docs/sql-reference/statements/create/dictionary/sources/odbc,https://private-7c7dfe99.mintlify.app/reference/statements/create/dictionary/sources/odbc,matched,c6f1346b0c918e21,true,c6f1346b0c918e21,2026-05-08T09:09:20+00:00,false
/sql-reference/statements/create/dictionary/sources/postgresql,docs/sql-reference/statements/create/dictionary/sources/postgresql.md,reference/statements/create/dictionary/sources/postgresql.mdx,https://clickhouse.com/docs/sql-reference/statements/create/dictionary/sources/postgresql,https://private-7c7dfe99.mintlify.app/reference/statements/create/dictionary/sources/postgresql,matched,f94ebe7f7e07a840,true,f94ebe7f7e07a840,2026-05-08T09:09:20+00:00,false
/sql-reference/statements/create/dictionary/sources/redis,docs/sql-reference/statements/create/dictionary/sources/redis.md,reference/statements/create/dictionary/sources/redis.mdx,https://clickhouse.com/docs/sql-reference/statements/create/dictionary/sources/redis,https://private-7c7dfe99.mintlify.app/reference/statements/create/dictionary/sources/redis,matched,44c3ced931104ce8,true,44c3ced931104ce8,2026-05-07T14:49:41+00:00,false
/sql-reference/statements/create/dictionary/sources/yamlregexptree,docs/sql-reference/statements/create/dictionary/sources/yamlregexptree.md,reference/statements/create/dictionary/sources/yamlregexptree.mdx,https://clickhouse.com/docs/sql-reference/statements/create/dictionary/sources/yamlregexptree,https://private-7c7dfe99.mintlify.app/reference/statements/create/dictionary/sources/yamlregexptree,matched,fa8e3f45deab02e7,true,fa8e3f45deab02e7,2026-05-08T09:09:20+00:00,false
/sql-reference/statements/create/dictionary/sources/ytsaurus,docs/sql-reference/statements/create/dictionary/sources/ytsaurus.md,reference/statements/create/dictionary/sources/ytsaurus.mdx,https://clickhouse.com/docs/sql-reference/statements/create/dictionary/sources/ytsaurus,https://private-7c7dfe99.mintlify.app/reference/statements/create/dictionary/sources/ytsaurus,matched,d17074ea4ae2f160,true,d17074ea4ae2f160,2026-05-08T09:09:20+00:00,false
/sql-reference/statements/create/function,docs/sql-reference/statements/create/function.md,reference/statements/create/function.mdx,https://clickhouse.com/docs/sql-reference/statements/create/function,https://private-7c7dfe99.mintlify.app/reference/statements/create/function,matched,ef39b2127368b228,true,ef39b2127368b228,2026-05-07T14:49:41+00:00,false
/sql-reference/statements/create/masking-policy,docs/sql-reference/statements/create/masking-policy.md,reference/statements/create/masking-policy.mdx,https://clickhouse.com/docs/sql-reference/statements/create/masking-policy,https://private-7c7dfe99.mintlify.app/reference/statements/create/masking-policy,matched,fd8e3cc73dae2f42,true,fd8e3cc73dae2f42,2026-05-08T09:09:20+00:00,false
/sql-reference/statements/create/named-collection,docs/sql-reference/statements/create/named-collection.md,reference/statements/create/named-collection.mdx,https://clickhouse.com/docs/sql-reference/statements/create/named-collection,https://private-7c7dfe99.mintlify.app/reference/statements/create/named-collection,matched,7d224b4658e83885,true,7d224b4658e83885,2026-05-08T09:09:20+00:00,false
/sql-reference/statements/create/quota,docs/sql-reference/statements/create/quota.md,reference/statements/create/quota.mdx,https://clickhouse.com/docs/sql-reference/statements/create/quota,https://private-7c7dfe99.mintlify.app/reference/statements/create/quota,matched,a0e499214c967512,true,a0e499214c967512,2026-05-07T14:49:41+00:00,false
/sql-reference/statements/create/role,docs/sql-reference/statements/create/role.md,reference/statements/create/role.mdx,https://clickhouse.com/docs/sql-reference/statements/create/role,https://private-7c7dfe99.mintlify.app/reference/statements/create/role,matched,437e57c81c3f0872,true,437e57c81c3f0872,2026-05-07T14:49:41+00:00,false
/sql-reference/statements/create/row-policy,docs/sql-reference/statements/create/row-policy.md,reference/statements/create/row-policy.mdx,https://clickhouse.com/docs/sql-reference/statements/create/row-policy,https://private-7c7dfe99.mintlify.app/reference/statements/create/row-policy,matched,7af119041838a001,true,7af119041838a001,2026-05-08T09:09:20+00:00,false
/sql-reference/statements/create/settings-profile,docs/sql-reference/statements/create/settings-profile.md,reference/statements/create/settings-profile.mdx,https://clickhouse.com/docs/sql-reference/statements/create/settings-profile,https://private-7c7dfe99.mintlify.app/reference/statements/create/settings-profile,matched,5840e875e6ec0ff5,true,5840e875e6ec0ff5,2026-05-07T14:49:41+00:00,false
/sql-reference/statements/create/table,docs/sql-reference/statements/create/table.md,reference/statements/create/table.mdx,https://clickhouse.com/docs/sql-reference/statements/create/table,https://private-7c7dfe99.mintlify.app/reference/statements/create/table,matched,0bbe0825a7cdef09,true,0bbe0825a7cdef09,2026-05-08T09:09:20+00:00,false
/sql-reference/statements/create/user,docs/sql-reference/statements/create/user.md,reference/statements/create/user.mdx,https://clickhouse.com/docs/sql-reference/statements/create/user,https://private-7c7dfe99.mintlify.app/reference/statements/create/user,matched,ea6560f73f342624,true,ea6560f73f342624,2026-05-09T11:14:51+00:00,false
/sql-reference/statements/create/view,docs/sql-reference/statements/create/view.md,reference/statements/create/view.mdx,https://clickhouse.com/docs/sql-reference/statements/create/view,https://private-7c7dfe99.mintlify.app/reference/statements/create/view,matched,42a8e819d31ff1c2,true,42a8e819d31ff1c2,2026-05-09T09:39:38+00:00,false
/sql-reference/statements/delete,docs/sql-reference/statements/delete.md,reference/statements/delete.mdx,https://clickhouse.com/docs/sql-reference/statements/delete,https://private-7c7dfe99.mintlify.app/reference/statements/delete,matched,635055619056b153,true,635055619056b153,2026-05-07T14:49:41+00:00,false
/sql-reference/statements/describe-table,docs/sql-reference/statements/describe-table.md,reference/statements/describe-table.mdx,https://clickhouse.com/docs/sql-reference/statements/describe-table,https://private-7c7dfe99.mintlify.app/reference/statements/describe-table,matched,10a46e4ae73a5f84,true,10a46e4ae73a5f84,2026-05-07T14:49:41+00:00,false
/sql-reference/statements/detach,docs/sql-reference/statements/detach.md,reference/statements/detach.mdx,https://clickhouse.com/docs/sql-reference/statements/detach,https://private-7c7dfe99.mintlify.app/reference/statements/detach,matched,2e808230ee7077c3,true,2e808230ee7077c3,2026-05-08T09:09:20+00:00,false
/sql-reference/statements/drop,docs/sql-reference/statements/drop.md,reference/statements/drop.mdx,https://clickhouse.com/docs/sql-reference/statements/drop,https://private-7c7dfe99.mintlify.app/reference/statements/drop,matched,8af9b9ae9836e7c1,true,8af9b9ae9836e7c1,2026-05-09T09:39:38+00:00,false
/sql-reference/statements/exchange,docs/sql-reference/statements/exchange.md,reference/statements/exchange.mdx,https://clickhouse.com/docs/sql-reference/statements/exchange,https://private-7c7dfe99.mintlify.app/reference/statements/exchange,matched,48cc905738da417c,true,48cc905738da417c,2026-05-09T09:39:38+00:00,false
/sql-reference/statements/execute_as,docs/sql-reference/statements/execute_as.md,reference/statements/execute_as.mdx,https://clickhouse.com/docs/sql-reference/statements/execute_as,https://private-7c7dfe99.mintlify.app/reference/statements/execute_as,matched,7cb57229fcd93ba3,true,7cb57229fcd93ba3,2026-05-07T14:49:41+00:00,false
/sql-reference/statements/exists,docs/sql-reference/statements/exists.md,reference/statements/exists.mdx,https://clickhouse.com/docs/sql-reference/statements/exists,https://private-7c7dfe99.mintlify.app/reference/statements/exists,matched,f8983bc303673b5b,true,f8983bc303673b5b,2026-05-07T14:49:41+00:00,false
/sql-reference/statements/explain,docs/sql-reference/statements/explain.md,reference/statements/explain.mdx,https://clickhouse.com/docs/sql-reference/statements/explain,https://private-7c7dfe99.mintlify.app/reference/statements/explain,matched,7eaad71bb64f4f67,true,7eaad71bb64f4f67,2026-05-08T12:19:52+00:00,false
/sql-reference/statements/grant,docs/sql-reference/statements/grant.md,reference/statements/grant.mdx,https://clickhouse.com/docs/sql-reference/statements/grant,https://private-7c7dfe99.mintlify.app/reference/statements/grant,matched,bb9e0ae273b53779,true,bb9e0ae273b53779,2026-05-08T11:53:27+00:00,false
/sql-reference/statements/insert-into,docs/sql-reference/statements/insert-into.md,reference/statements/insert-into.mdx,https://clickhouse.com/docs/sql-reference/statements/insert-into,https://private-7c7dfe99.mintlify.app/reference/statements/insert-into,matched,b860deba4f284907,true,b860deba4f284907,2026-05-08T15:04:34+00:00,false
/sql-reference/statements/kill,docs/sql-reference/statements/kill.md,reference/statements/kill.mdx,https://clickhouse.com/docs/sql-reference/statements/kill,https://private-7c7dfe99.mintlify.app/reference/statements/kill,matched,af21361ca18f3026,true,af21361ca18f3026,2026-05-08T09:09:20+00:00,false
/sql-reference/statements/move,docs/sql-reference/statements/move.md,reference/statements/move.mdx,https://clickhouse.com/docs/sql-reference/statements/move,https://private-7c7dfe99.mintlify.app/reference/statements/move,matched,8103e61160aa5299,true,8103e61160aa5299,2026-05-07T14:49:41+00:00,false
/sql-reference/statements/optimize,docs/sql-reference/statements/optimize.md,reference/statements/optimize.mdx,https://clickhouse.com/docs/sql-reference/statements/optimize,https://private-7c7dfe99.mintlify.app/reference/statements/optimize,matched,57911e397f0c54ed,true,57911e397f0c54ed,2026-05-08T15:04:34+00:00,false
/sql-reference/statements/parallel_with,docs/sql-reference/statements/parallel_with.md,reference/statements/parallel_with.mdx,https://clickhouse.com/docs/sql-reference/statements/parallel_with,https://private-7c7dfe99.mintlify.app/reference/statements/parallel_with,matched,483cc85982240fd1,true,483cc85982240fd1,2026-05-09T09:39:38+00:00,false
/sql-reference/statements/rename,docs/sql-reference/statements/rename.md,reference/statements/rename.mdx,https://clickhouse.com/docs/sql-reference/statements/rename,https://private-7c7dfe99.mintlify.app/reference/statements/rename,matched,7a7e56c7d4e06aa4,true,7a7e56c7d4e06aa4,2026-05-07T14:49:41+00:00,false
/sql-reference/statements/revoke,docs/sql-reference/statements/revoke.md,reference/statements/revoke.mdx,https://clickhouse.com/docs/sql-reference/statements/revoke,https://private-7c7dfe99.mintlify.app/reference/statements/revoke,matched,623f2f8c2f600659,true,623f2f8c2f600659,2026-05-07T14:49:41+00:00,false
/sql-reference/statements/select/,docs/sql-reference/statements/select/index.md,reference/statements/select/index.mdx,https://clickhouse.com/docs/sql-reference/statements/select/,https://private-7c7dfe99.mintlify.app/reference/statements/select,matched,000b1489bccc8788,true,000b1489bccc8788,2026-05-09T09:39:38+00:00,false
/sql-reference/statements/select/all,docs/sql-reference/statements/select/all.md,reference/statements/select/all.mdx,https://clickhouse.com/docs/sql-reference/statements/select/all,https://private-7c7dfe99.mintlify.app/reference/statements/select/all,matched,a7e402c757884105,true,a7e402c757884105,2026-05-07T14:49:41+00:00,false
/sql-reference/statements/select/apply-modifier,docs/sql-reference/statements/select/apply_modifier.md,reference/statements/select/apply_modifier.mdx,https://clickhouse.com/docs/sql-reference/statements/select/apply-modifier,https://private-7c7dfe99.mintlify.app/reference/statements/select/apply_modifier,matched,2bddef7ed07c4525,true,2bddef7ed07c4525,2026-05-07T14:49:41+00:00,false
/sql-reference/statements/select/array-join,docs/sql-reference/statements/select/array-join.md,reference/statements/select/array-join.mdx,https://clickhouse.com/docs/sql-reference/statements/select/array-join,https://private-7c7dfe99.mintlify.app/reference/statements/select/array-join,matched,b1e073c8374abc5e,true,b1e073c8374abc5e,2026-05-07T14:49:41+00:00,false
/sql-reference/statements/select/distinct,docs/sql-reference/statements/select/distinct.md,reference/statements/select/distinct.mdx,https://clickhouse.com/docs/sql-reference/statements/select/distinct,https://private-7c7dfe99.mintlify.app/reference/statements/select/distinct,matched,8b19006f70430697,true,8b19006f70430697,2026-05-07T14:49:41+00:00,false
/sql-reference/statements/select/except,docs/sql-reference/statements/select/except.md,reference/statements/select/except.mdx,https://clickhouse.com/docs/sql-reference/statements/select/except,https://private-7c7dfe99.mintlify.app/reference/statements/select/except,matched,20cf324bd963db14,true,20cf324bd963db14,2026-05-07T14:49:41+00:00,false
/sql-reference/statements/select/except-modifier,docs/sql-reference/statements/select/except_modifier.md,reference/statements/select/except_modifier.mdx,https://clickhouse.com/docs/sql-reference/statements/select/except-modifier,https://private-7c7dfe99.mintlify.app/reference/statements/select/except_modifier,matched,65b6c024a83d6653,true,65b6c024a83d6653,2026-05-07T14:49:41+00:00,false
/sql-reference/statements/select/format,docs/sql-reference/statements/select/format.md,reference/statements/select/format.mdx,https://clickhouse.com/docs/sql-reference/statements/select/format,https://private-7c7dfe99.mintlify.app/reference/statements/select/format,matched,c4c2f0d3c5707c2d,true,c4c2f0d3c5707c2d,2026-05-08T13:01:57+00:00,false
/sql-reference/statements/select/from,docs/sql-reference/statements/select/from.md,reference/statements/select/from.mdx,https://clickhouse.com/docs/sql-reference/statements/select/from,https://private-7c7dfe99.mintlify.app/reference/statements/select/from,matched,71e350eef6826c63,true,71e350eef6826c63,2026-05-07T14:49:41+00:00,false
/sql-reference/statements/select/group-by,docs/sql-reference/statements/select/group-by.md,reference/statements/select/group-by.mdx,https://clickhouse.com/docs/sql-reference/statements/select/group-by,https://private-7c7dfe99.mintlify.app/reference/statements/select/group-by,matched,7cfed78448288b1e,true,7cfed78448288b1e,2026-05-08T09:09:20+00:00,false
/sql-reference/statements/select/having,docs/sql-reference/statements/select/having.md,reference/statements/select/having.mdx,https://clickhouse.com/docs/sql-reference/statements/select/having,https://private-7c7dfe99.mintlify.app/reference/statements/select/having,matched,153f09d0dc6e1710,true,153f09d0dc6e1710,2026-05-07T14:49:41+00:00,false
/sql-reference/statements/select/intersect,docs/sql-reference/statements/select/intersect.md,reference/statements/select/intersect.mdx,https://clickhouse.com/docs/sql-reference/statements/select/intersect,https://private-7c7dfe99.mintlify.app/reference/statements/select/intersect,matched,b95eddde3a53a140,true,b95eddde3a53a140,2026-05-07T14:49:41+00:00,false
/sql-reference/statements/select/into-outfile,docs/sql-reference/statements/select/into-outfile.md,reference/statements/select/into-outfile.mdx,https://clickhouse.com/docs/sql-reference/statements/select/into-outfile,https://private-7c7dfe99.mintlify.app/reference/statements/select/into-outfile,matched,d1f122c740930b8d,true,d1f122c740930b8d,2026-05-09T09:39:38+00:00,false
/sql-reference/statements/select/join,docs/sql-reference/statements/select/join.md,reference/statements/select/join.mdx,https://clickhouse.com/docs/sql-reference/statements/select/join,https://private-7c7dfe99.mintlify.app/reference/statements/select/join,matched,ac309d36bf3a1e93,true,ac309d36bf3a1e93,2026-05-08T09:09:20+00:00,false
/sql-reference/statements/select/limit,docs/sql-reference/statements/select/limit.md,reference/statements/select/limit.mdx,https://clickhouse.com/docs/sql-reference/statements/select/limit,https://private-7c7dfe99.mintlify.app/reference/statements/select/limit,matched,ce698ec70e9c7e56,true,ce698ec70e9c7e56,2026-05-08T09:09:20+00:00,false
/sql-reference/statements/select/limit-by,docs/sql-reference/statements/select/limit-by.md,reference/statements/select/limit-by.mdx,https://clickhouse.com/docs/sql-reference/statements/select/limit-by,https://private-7c7dfe99.mintlify.app/reference/statements/select/limit-by,matched,3f6353039db49376,true,3f6353039db49376,2026-05-08T09:09:20+00:00,false
/sql-reference/statements/select/offset,docs/sql-reference/statements/select/offset.md,reference/statements/select/offset.mdx,https://clickhouse.com/docs/sql-reference/statements/select/offset,https://private-7c7dfe99.mintlify.app/reference/statements/select/offset,matched,c1a4a991407da182,true,c1a4a991407da182,2026-05-08T09:09:20+00:00,false
/sql-reference/statements/select/order-by,docs/sql-reference/statements/select/order-by.md,reference/statements/select/order-by.mdx,https://clickhouse.com/docs/sql-reference/statements/select/order-by,https://private-7c7dfe99.mintlify.app/reference/statements/select/order-by,matched,b98abd6c9ba813c4,true,b98abd6c9ba813c4,2026-05-07T14:49:41+00:00,false
/sql-reference/statements/select/prewhere,docs/sql-reference/statements/select/prewhere.md,reference/statements/select/prewhere.mdx,https://clickhouse.com/docs/sql-reference/statements/select/prewhere,https://private-7c7dfe99.mintlify.app/reference/statements/select/prewhere,matched,cdca3b6d03d5aff1,true,cdca3b6d03d5aff1,2026-05-08T09:09:20+00:00,false
/sql-reference/statements/select/qualify,docs/sql-reference/statements/select/qualify.md,reference/statements/select/qualify.mdx,https://clickhouse.com/docs/sql-reference/statements/select/qualify,https://private-7c7dfe99.mintlify.app/reference/statements/select/qualify,matched,d12d9428ec537b38,true,d12d9428ec537b38,2026-05-07T14:49:41+00:00,false
/sql-reference/statements/select/replace-modifier,docs/sql-reference/statements/select/replace_modifier.md,reference/statements/select/replace_modifier.mdx,https://clickhouse.com/docs/sql-reference/statements/select/replace-modifier,https://private-7c7dfe99.mintlify.app/reference/statements/select/replace_modifier,matched,6ed109f9852559b9,true,6ed109f9852559b9,2026-05-07T14:49:41+00:00,false
/sql-reference/statements/select/sample,docs/sql-reference/statements/select/sample.md,reference/statements/select/sample.mdx,https://clickhouse.com/docs/sql-reference/statements/select/sample,https://private-7c7dfe99.mintlify.app/reference/statements/select/sample,matched,aa16d1a33d331289,true,aa16d1a33d331289,2026-05-08T09:09:20+00:00,false
/sql-reference/statements/select/union,docs/sql-reference/statements/select/union.md,reference/statements/select/union.mdx,https://clickhouse.com/docs/sql-reference/statements/select/union,https://private-7c7dfe99.mintlify.app/reference/statements/select/union,matched,61706e7adf51837c,true,61706e7adf51837c,2026-05-07T14:49:41+00:00,false
/sql-reference/statements/select/where,docs/sql-reference/statements/select/where.md,reference/statements/select/where.mdx,https://clickhouse.com/docs/sql-reference/statements/select/where,https://private-7c7dfe99.mintlify.app/reference/statements/select/where,matched,e592ec6dc8b77028,true,e592ec6dc8b77028,2026-05-08T09:09:20+00:00,false
/sql-reference/statements/select/with,docs/sql-reference/statements/select/with.md,reference/statements/select/with.mdx,https://clickhouse.com/docs/sql-reference/statements/select/with,https://private-7c7dfe99.mintlify.app/reference/statements/select/with,matched,ca02fa35413107a3,true,ca02fa35413107a3,2026-05-08T09:09:20+00:00,false
/sql-reference/statements/set,docs/sql-reference/statements/set.md,reference/statements/set.mdx,https://clickhouse.com/docs/sql-reference/statements/set,https://private-7c7dfe99.mintlify.app/reference/statements/set,matched,fea6991e0302092b,true,fea6991e0302092b,2026-05-07T14:49:41+00:00,false
/sql-reference/statements/set-role,docs/sql-reference/statements/set-role.md,reference/statements/set-role.mdx,https://clickhouse.com/docs/sql-reference/statements/set-role,https://private-7c7dfe99.mintlify.app/reference/statements/set-role,matched,af1d949b76a7c871,true,af1d949b76a7c871,2026-05-07T14:49:41+00:00,false
/sql-reference/statements/show,docs/sql-reference/statements/show.md,reference/statements/show.mdx,https://clickhouse.com/docs/sql-reference/statements/show,https://private-7c7dfe99.mintlify.app/reference/statements/show,matched,49ceafd57e4d4c95,true,49ceafd57e4d4c95,2026-05-09T10:26:02+00:00,false
/sql-reference/statements/system,docs/sql-reference/statements/system.md,reference/statements/system.mdx,https://clickhouse.com/docs/sql-reference/statements/system,https://private-7c7dfe99.mintlify.app/reference/statements/system,matched,175d242a6144d038,true,175d242a6144d038,2026-05-08T09:09:20+00:00,false
/sql-reference/statements/truncate,docs/sql-reference/statements/truncate.md,reference/statements/truncate.mdx,https://clickhouse.com/docs/sql-reference/statements/truncate,https://private-7c7dfe99.mintlify.app/reference/statements/truncate,matched,d710ab3ea8569000,true,d710ab3ea8569000,2026-05-08T09:09:20+00:00,false
/sql-reference/statements/undrop,docs/sql-reference/statements/undrop.md,reference/statements/undrop.mdx,https://clickhouse.com/docs/sql-reference/statements/undrop,https://private-7c7dfe99.mintlify.app/reference/statements/undrop,matched,764c0b5706ee7c85,true,764c0b5706ee7c85,2026-05-08T09:09:20+00:00,false
/sql-reference/statements/update,docs/sql-reference/statements/update.md,reference/statements/update.mdx,https://clickhouse.com/docs/sql-reference/statements/update,https://private-7c7dfe99.mintlify.app/reference/statements/update,matched,17436a6c6f051eb7,true,17436a6c6f051eb7,2026-05-08T09:09:20+00:00,false
/sql-reference/statements/use,docs/sql-reference/statements/use.md,reference/statements/use.mdx,https://clickhouse.com/docs/sql-reference/statements/use,https://private-7c7dfe99.mintlify.app/reference/statements/use,matched,4120b13b5f03f7c2,true,4120b13b5f03f7c2,2026-05-07T14:49:41+00:00,false
/sql-reference/statements/watch,docs/sql-reference/statements/watch.md,reference/statements/watch.mdx,https://clickhouse.com/docs/sql-reference/statements/watch,https://private-7c7dfe99.mintlify.app/reference/statements/watch,matched,55069f671a99d799,true,55069f671a99d799,2026-05-08T09:09:20+00:00,false
/sql-reference/syntax,docs/sql-reference/syntax.md,reference/syntax.mdx,https://clickhouse.com/docs/sql-reference/syntax,https://private-7c7dfe99.mintlify.app/reference/syntax,matched,a9135da960dcaf5e,true,a9135da960dcaf5e,2026-05-08T13:01:57+00:00,false
/sql-reference/table-functions/,docs/sql-reference/table-functions/index.md,reference/functions/table-functions/index.mdx,https://clickhouse.com/docs/sql-reference/table-functions/,https://private-7c7dfe99.mintlify.app/reference/functions/table-functions,matched,d37cb6eeb5e37b34,true,d37cb6eeb5e37b34,2026-05-08T21:00:23+00:00,false
/sql-reference/table-functions/arrowflight,docs/sql-reference/table-functions/arrowflight.md,reference/functions/table-functions/arrowflight.mdx,https://clickhouse.com/docs/sql-reference/table-functions/arrowflight,https://private-7c7dfe99.mintlify.app/reference/functions/table-functions/arrowflight,matched,8eac25efcb564544,true,8eac25efcb564544,2026-05-09T09:39:38+00:00,false
/sql-reference/table-functions/azureBlobStorage,docs/sql-reference/table-functions/azureBlobStorage.md,reference/functions/table-functions/azureBlobStorage.mdx,https://clickhouse.com/docs/sql-reference/table-functions/azureBlobStorage,https://private-7c7dfe99.mintlify.app/reference/functions/table-functions/azureBlobStorage,matched,85ea52388b3f2d06,true,85ea52388b3f2d06,2026-05-08T15:04:34+00:00,false
/sql-reference/table-functions/azureBlobStorageCluster,docs/sql-reference/table-functions/azureBlobStorageCluster.md,reference/functions/table-functions/azureBlobStorageCluster.mdx,https://clickhouse.com/docs/sql-reference/table-functions/azureBlobStorageCluster,https://private-7c7dfe99.mintlify.app/reference/functions/table-functions/azureBlobStorageCluster,matched,8ad0cc19f45e168f,true,8ad0cc19f45e168f,2026-05-09T09:39:38+00:00,false
/sql-reference/table-functions/cluster,docs/sql-reference/table-functions/cluster.md,reference/functions/table-functions/cluster.mdx,https://clickhouse.com/docs/sql-reference/table-functions/cluster,https://private-7c7dfe99.mintlify.app/reference/functions/table-functions/cluster,matched,579fcaf3ac86be5b,true,579fcaf3ac86be5b,2026-05-08T09:09:20+00:00,false
/sql-reference/table-functions/deltalake,docs/sql-reference/table-functions/deltalake.md,reference/functions/table-functions/deltalake.mdx,https://clickhouse.com/docs/sql-reference/table-functions/deltalake,https://private-7c7dfe99.mintlify.app/reference/functions/table-functions/deltalake,matched,12dafe5989dd3399,true,12dafe5989dd3399,2026-05-08T09:51:10+00:00,false
/sql-reference/table-functions/deltalakeCluster,docs/sql-reference/table-functions/deltalakeCluster.md,reference/functions/table-functions/deltalakeCluster.mdx,https://clickhouse.com/docs/sql-reference/table-functions/deltalakeCluster,https://private-7c7dfe99.mintlify.app/reference/functions/table-functions/deltalakeCluster,matched,5ac1238d86fd0599,true,5ac1238d86fd0599,2026-05-08T09:51:10+00:00,false
/sql-reference/table-functions/dictionary,docs/sql-reference/table-functions/dictionary.md,reference/functions/table-functions/dictionary.mdx,https://clickhouse.com/docs/sql-reference/table-functions/dictionary,https://private-7c7dfe99.mintlify.app/reference/functions/table-functions/dictionary,matched,b5a9af798675ec2b,true,b5a9af798675ec2b,2026-05-09T09:39:38+00:00,false
/sql-reference/table-functions/file,docs/sql-reference/table-functions/file.md,reference/functions/table-functions/file.mdx,https://clickhouse.com/docs/sql-reference/table-functions/file,https://private-7c7dfe99.mintlify.app/reference/functions/table-functions/file,matched,54ecb2a33efea1ef,true,54ecb2a33efea1ef,2026-05-09T09:39:38+00:00,false
/sql-reference/table-functions/fileCluster,docs/sql-reference/table-functions/fileCluster.md,reference/functions/table-functions/fileCluster.mdx,https://clickhouse.com/docs/sql-reference/table-functions/fileCluster,https://private-7c7dfe99.mintlify.app/reference/functions/table-functions/fileCluster,matched,6397e782e35c68ed,true,6397e782e35c68ed,2026-05-08T15:04:34+00:00,false
/sql-reference/table-functions/filesystem,docs/sql-reference/table-functions/filesystem.md,reference/functions/table-functions/filesystem.mdx,https://clickhouse.com/docs/sql-reference/table-functions/filesystem,https://private-7c7dfe99.mintlify.app/reference/functions/table-functions/filesystem,matched,882421bad03a1a1a,true,882421bad03a1a1a,2026-05-08T15:04:25+00:00,false
/sql-reference/table-functions/format,docs/sql-reference/table-functions/format.md,reference/functions/table-functions/format.mdx,https://clickhouse.com/docs/sql-reference/table-functions/format,https://private-7c7dfe99.mintlify.app/reference/functions/table-functions/format,matched,3294839c4121817e,true,3294839c4121817e,2026-05-08T15:04:34+00:00,false
/sql-reference/table-functions/fuzzJSON,docs/sql-reference/table-functions/fuzzJSON.md,reference/functions/table-functions/fuzzJSON.mdx,https://clickhouse.com/docs/sql-reference/table-functions/fuzzJSON,https://private-7c7dfe99.mintlify.app/reference/functions/table-functions/fuzzJSON,matched,f65f3977310bfcdd,true,f65f3977310bfcdd,2026-05-08T09:51:10+00:00,false
/sql-reference/table-functions/fuzzQuery,docs/sql-reference/table-functions/fuzzQuery.md,reference/functions/table-functions/fuzzQuery.mdx,https://clickhouse.com/docs/sql-reference/table-functions/fuzzQuery,https://private-7c7dfe99.mintlify.app/reference/functions/table-functions/fuzzQuery,matched,b033c9754be40272,true,b033c9754be40272,2026-05-07T14:49:41+00:00,false
/sql-reference/table-functions/gcs,docs/sql-reference/table-functions/gcs.md,reference/functions/table-functions/gcs.mdx,https://clickhouse.com/docs/sql-reference/table-functions/gcs,https://private-7c7dfe99.mintlify.app/reference/functions/table-functions/gcs,matched,b43921e7c1caab15,true,b43921e7c1caab15,2026-05-08T15:04:34+00:00,false
/sql-reference/table-functions/generate,docs/sql-reference/table-functions/generate.md,reference/functions/table-functions/generate.mdx,https://clickhouse.com/docs/sql-reference/table-functions/generate,https://private-7c7dfe99.mintlify.app/reference/functions/table-functions/generate,matched,21c14d0cc95de05e,true,21c14d0cc95de05e,2026-05-08T09:09:20+00:00,false
/sql-reference/table-functions/generate_series,docs/sql-reference/table-functions/generate_series.md,reference/functions/table-functions/generate_series.mdx,https://clickhouse.com/docs/sql-reference/table-functions/generate_series,https://private-7c7dfe99.mintlify.app/reference/functions/table-functions/generate_series,matched,f401503838db4e63,true,f401503838db4e63,2026-05-07T14:49:41+00:00,false
/sql-reference/table-functions/hdfs,docs/sql-reference/table-functions/hdfs.md,reference/functions/table-functions/hdfs.mdx,https://clickhouse.com/docs/sql-reference/table-functions/hdfs,https://private-7c7dfe99.mintlify.app/reference/functions/table-functions/hdfs,matched,f8e80c5b854727f0,true,f8e80c5b854727f0,2026-05-09T09:39:38+00:00,false
/sql-reference/table-functions/hdfsCluster,docs/sql-reference/table-functions/hdfsCluster.md,reference/functions/table-functions/hdfsCluster.mdx,https://clickhouse.com/docs/sql-reference/table-functions/hdfsCluster,https://private-7c7dfe99.mintlify.app/reference/functions/table-functions/hdfsCluster,matched,7c2190f84db7a1c3,true,7c2190f84db7a1c3,2026-05-08T15:04:34+00:00,false
/sql-reference/table-functions/hudi,docs/sql-reference/table-functions/hudi.md,reference/functions/table-functions/hudi.mdx,https://clickhouse.com/docs/sql-reference/table-functions/hudi,https://private-7c7dfe99.mintlify.app/reference/functions/table-functions/hudi,matched,ab49cb42763cfc55,true,ab49cb42763cfc55,2026-05-08T13:01:57+00:00,false
/sql-reference/table-functions/hudiCluster,docs/sql-reference/table-functions/hudiCluster.md,reference/functions/table-functions/hudiCluster.mdx,https://clickhouse.com/docs/sql-reference/table-functions/hudiCluster,https://private-7c7dfe99.mintlify.app/reference/functions/table-functions/hudiCluster,matched,cfb2dfa16b24b4d7,true,cfb2dfa16b24b4d7,2026-05-08T13:01:57+00:00,false
/sql-reference/table-functions/iceberg,docs/sql-reference/table-functions/iceberg.md,reference/functions/table-functions/iceberg.mdx,https://clickhouse.com/docs/sql-reference/table-functions/iceberg,https://private-7c7dfe99.mintlify.app/reference/functions/table-functions/iceberg,matched,c286a04ec077665f,true,c286a04ec077665f,2026-05-08T09:09:20+00:00,false
/sql-reference/table-functions/icebergCluster,docs/sql-reference/table-functions/icebergCluster.md,reference/functions/table-functions/icebergCluster.mdx,https://clickhouse.com/docs/sql-reference/table-functions/icebergCluster,https://private-7c7dfe99.mintlify.app/reference/functions/table-functions/icebergCluster,matched,d9de690671ceef21,true,d9de690671ceef21,2026-05-08T09:51:10+00:00,false
/sql-reference/table-functions/input,docs/sql-reference/table-functions/input.md,reference/functions/table-functions/input.mdx,https://clickhouse.com/docs/sql-reference/table-functions/input,https://private-7c7dfe99.mintlify.app/reference/functions/table-functions/input,matched,b194d71f6380d7cf,true,b194d71f6380d7cf,2026-05-08T21:00:23+00:00,false
/sql-reference/table-functions/jdbc,docs/sql-reference/table-functions/jdbc.md,reference/functions/table-functions/jdbc.mdx,https://clickhouse.com/docs/sql-reference/table-functions/jdbc,https://private-7c7dfe99.mintlify.app/reference/functions/table-functions/jdbc,matched,540a7500cbfe21ee,true,540a7500cbfe21ee,2026-05-08T09:09:20+00:00,false
/sql-reference/table-functions/loop,docs/sql-reference/table-functions/loop.md,reference/functions/table-functions/loop.mdx,https://clickhouse.com/docs/sql-reference/table-functions/loop,https://private-7c7dfe99.mintlify.app/reference/functions/table-functions/loop,matched,eed67b4d5e2a37a8,false,,,false
/sql-reference/table-functions/merge,docs/sql-reference/table-functions/merge.md,reference/functions/table-functions/merge.mdx,https://clickhouse.com/docs/sql-reference/table-functions/merge,https://private-7c7dfe99.mintlify.app/reference/functions/table-functions/merge,matched,bf2760368d2fc3a4,true,bf2760368d2fc3a4,2026-05-09T09:39:38+00:00,false
/sql-reference/table-functions/mergeTreeIndex,docs/sql-reference/table-functions/mergeTreeIndex.md,reference/functions/table-functions/mergeTreeIndex.mdx,https://clickhouse.com/docs/sql-reference/table-functions/mergeTreeIndex,https://private-7c7dfe99.mintlify.app/reference/functions/table-functions/mergeTreeIndex,matched,328695ec26f7fc60,true,328695ec26f7fc60,2026-05-07T14:49:41+00:00,false
/sql-reference/table-functions/mergeTreeProjection,docs/sql-reference/table-functions/mergeTreeProjection.md,reference/functions/table-functions/mergeTreeProjection.mdx,https://clickhouse.com/docs/sql-reference/table-functions/mergeTreeProjection,https://private-7c7dfe99.mintlify.app/reference/functions/table-functions/mergeTreeProjection,matched,d2bac435d9afc706,true,d2bac435d9afc706,2026-05-07T14:49:41+00:00,false
/sql-reference/table-functions/mergeTreeTextIndex,docs/sql-reference/table-functions/mergeTreeTextIndex.md,reference/functions/table-functions/mergeTreeTextIndex.mdx,https://clickhouse.com/docs/sql-reference/table-functions/mergeTreeTextIndex,https://private-7c7dfe99.mintlify.app/reference/functions/table-functions/mergeTreeTextIndex,matched,996c42213ca09caa,true,996c42213ca09caa,2026-05-07T14:49:41+00:00,false
/sql-reference/table-functions/mongodb,docs/sql-reference/table-functions/mongodb.md,reference/functions/table-functions/mongodb.mdx,https://clickhouse.com/docs/sql-reference/table-functions/mongodb,https://private-7c7dfe99.mintlify.app/reference/functions/table-functions/mongodb,matched,6af5186e7aefeec3,true,6af5186e7aefeec3,2026-05-08T09:51:10+00:00,false
/sql-reference/table-functions/mysql,docs/sql-reference/table-functions/mysql.md,reference/functions/table-functions/mysql.mdx,https://clickhouse.com/docs/sql-reference/table-functions/mysql,https://private-7c7dfe99.mintlify.app/reference/functions/table-functions/mysql,matched,e2a6fae3ad39feb6,true,e2a6fae3ad39feb6,2026-05-09T09:39:38+00:00,false
/sql-reference/table-functions/null,docs/sql-reference/table-functions/null.md,reference/functions/table-functions/null.mdx,https://clickhouse.com/docs/sql-reference/table-functions/null,https://private-7c7dfe99.mintlify.app/reference/functions/table-functions/null,matched,d84676e935f15fc8,true,d84676e935f15fc8,2026-05-09T09:39:38+00:00,false
/sql-reference/table-functions/numbers,docs/sql-reference/table-functions/numbers.md,reference/functions/table-functions/numbers.mdx,https://clickhouse.com/docs/sql-reference/table-functions/numbers,https://private-7c7dfe99.mintlify.app/reference/functions/table-functions/numbers,matched,c2ce92203f13312d,true,c2ce92203f13312d,2026-05-07T14:49:41+00:00,false
/sql-reference/table-functions/odbc,docs/sql-reference/table-functions/odbc.md,reference/functions/table-functions/odbc.mdx,https://clickhouse.com/docs/sql-reference/table-functions/odbc,https://private-7c7dfe99.mintlify.app/reference/functions/table-functions/odbc,matched,db5730f5e1a8a244,true,db5730f5e1a8a244,2026-05-08T17:39:11+00:00,false
/sql-reference/table-functions/paimon,docs/sql-reference/table-functions/paimon.md,reference/functions/table-functions/paimon.mdx,https://clickhouse.com/docs/sql-reference/table-functions/paimon,https://private-7c7dfe99.mintlify.app/reference/functions/table-functions/paimon,matched,ff6b4066c22e03bc,true,ff6b4066c22e03bc,2026-05-08T14:01:22+00:00,false
/sql-reference/table-functions/paimonCluster,docs/sql-reference/table-functions/paimonCluster.md,reference/functions/table-functions/paimonCluster.mdx,https://clickhouse.com/docs/sql-reference/table-functions/paimonCluster,https://private-7c7dfe99.mintlify.app/reference/functions/table-functions/paimonCluster,matched,6a7a31ed6e3d760b,true,6a7a31ed6e3d760b,2026-05-08T09:51:10+00:00,false
/sql-reference/table-functions/postgresql,docs/sql-reference/table-functions/postgresql.md,reference/functions/table-functions/postgresql.mdx,https://clickhouse.com/docs/sql-reference/table-functions/postgresql,https://private-7c7dfe99.mintlify.app/reference/functions/table-functions/postgresql,matched,ea9e2d4b1a512eb6,true,ea9e2d4b1a512eb6,2026-05-08T09:51:10+00:00,false
/sql-reference/table-functions/primes,docs/sql-reference/table-functions/primes.md,reference/functions/table-functions/primes.mdx,https://clickhouse.com/docs/sql-reference/table-functions/primes,https://private-7c7dfe99.mintlify.app/reference/functions/table-functions/primes,matched,f5a720f9d08b4c69,true,f5a720f9d08b4c69,2026-05-07T14:49:41+00:00,false
/sql-reference/table-functions/prometheusQuery,docs/sql-reference/table-functions/prometheusQuery.md,reference/functions/table-functions/prometheusQuery.mdx,https://clickhouse.com/docs/sql-reference/table-functions/prometheusQuery,https://private-7c7dfe99.mintlify.app/reference/functions/table-functions/prometheusQuery,matched,cea9fed32032cdfb,true,cea9fed32032cdfb,2026-05-07T14:49:41+00:00,false
/sql-reference/table-functions/prometheusQueryRange,docs/sql-reference/table-functions/prometheusQueryRange.md,reference/functions/table-functions/prometheusQueryRange.mdx,https://clickhouse.com/docs/sql-reference/table-functions/prometheusQueryRange,https://private-7c7dfe99.mintlify.app/reference/functions/table-functions/prometheusQueryRange,matched,eaab285929dea7d9,true,eaab285929dea7d9,2026-05-07T14:49:41+00:00,false
/sql-reference/table-functions/redis,docs/sql-reference/table-functions/redis.md,reference/functions/table-functions/redis.mdx,https://clickhouse.com/docs/sql-reference/table-functions/redis,https://private-7c7dfe99.mintlify.app/reference/functions/table-functions/redis,matched,4a74acb189154c54,true,4a74acb189154c54,2026-05-07T14:49:41+00:00,false
/sql-reference/table-functions/remote,docs/sql-reference/table-functions/remote.md,reference/functions/table-functions/remote.mdx,https://clickhouse.com/docs/sql-reference/table-functions/remote,https://private-7c7dfe99.mintlify.app/reference/functions/table-functions/remote,matched,a82de45c02b12d03,true,a82de45c02b12d03,2026-05-08T09:51:10+00:00,false
/sql-reference/table-functions/s3,docs/sql-reference/table-functions/s3.md,reference/functions/table-functions/s3.mdx,https://clickhouse.com/docs/sql-reference/table-functions/s3,https://private-7c7dfe99.mintlify.app/reference/functions/table-functions/s3,matched,890b3ede24b4d144,true,890b3ede24b4d144,2026-05-08T15:04:34+00:00,false
/sql-reference/table-functions/s3Cluster,docs/sql-reference/table-functions/s3Cluster.md,reference/functions/table-functions/s3Cluster.mdx,https://clickhouse.com/docs/sql-reference/table-functions/s3Cluster,https://private-7c7dfe99.mintlify.app/reference/functions/table-functions/s3Cluster,matched,5418ed61ccd90e17,true,5418ed61ccd90e17,2026-05-08T15:04:34+00:00,false
/sql-reference/table-functions/sqlite,docs/sql-reference/table-functions/sqlite.md,reference/functions/table-functions/sqlite.mdx,https://clickhouse.com/docs/sql-reference/table-functions/sqlite,https://private-7c7dfe99.mintlify.app/reference/functions/table-functions/sqlite,matched,c77f364a0173207b,true,c77f364a0173207b,2026-05-09T09:39:38+00:00,false
/sql-reference/table-functions/timeSeriesData,docs/sql-reference/table-functions/timeSeriesData.md,reference/functions/table-functions/timeSeriesData.mdx,https://clickhouse.com/docs/sql-reference/table-functions/timeSeriesData,https://private-7c7dfe99.mintlify.app/reference/functions/table-functions/timeSeriesData,matched,e22f186111d1f322,true,e22f186111d1f322,2026-05-07T14:49:41+00:00,false
/sql-reference/table-functions/timeSeriesMetrics,docs/sql-reference/table-functions/timeSeriesMetrics.md,reference/functions/table-functions/timeSeriesMetrics.mdx,https://clickhouse.com/docs/sql-reference/table-functions/timeSeriesMetrics,https://private-7c7dfe99.mintlify.app/reference/functions/table-functions/timeSeriesMetrics,matched,528c254f1d39fc4b,true,528c254f1d39fc4b,2026-05-07T14:49:41+00:00,false
/sql-reference/table-functions/timeSeriesSelector,docs/sql-reference/table-functions/timeSeriesSelector.md,reference/functions/table-functions/timeSeriesSelector.mdx,https://clickhouse.com/docs/sql-reference/table-functions/timeSeriesSelector,https://private-7c7dfe99.mintlify.app/reference/functions/table-functions/timeSeriesSelector,matched,fa7004278db4a71d,true,fa7004278db4a71d,2026-05-07T14:49:41+00:00,false
/sql-reference/table-functions/timeSeriesTags,docs/sql-reference/table-functions/timeSeriesTags.md,reference/functions/table-functions/timeSeriesTags.mdx,https://clickhouse.com/docs/sql-reference/table-functions/timeSeriesTags,https://private-7c7dfe99.mintlify.app/reference/functions/table-functions/timeSeriesTags,matched,0a0ef87ced393ab5,true,0a0ef87ced393ab5,2026-05-07T14:49:41+00:00,false
/sql-reference/table-functions/url,docs/sql-reference/table-functions/url.md,reference/functions/table-functions/url.mdx,https://clickhouse.com/docs/sql-reference/table-functions/url,https://private-7c7dfe99.mintlify.app/reference/functions/table-functions/url,matched,2b36549d2d8d832e,true,2b36549d2d8d832e,2026-05-09T09:39:38+00:00,false
/sql-reference/table-functions/urlCluster,docs/sql-reference/table-functions/urlCluster.md,reference/functions/table-functions/urlCluster.mdx,https://clickhouse.com/docs/sql-reference/table-functions/urlCluster,https://private-7c7dfe99.mintlify.app/reference/functions/table-functions/urlCluster,matched,2ad6c73b0264539e,true,2ad6c73b0264539e,2026-05-09T09:39:38+00:00,false
/sql-reference/table-functions/values,docs/sql-reference/table-functions/values.md,reference/functions/table-functions/values.mdx,https://clickhouse.com/docs/sql-reference/table-functions/values,https://private-7c7dfe99.mintlify.app/reference/functions/table-functions/values,matched,757e6121092b0960,true,757e6121092b0960,2026-05-08T09:09:20+00:00,false
/sql-reference/table-functions/view,docs/sql-reference/table-functions/view.md,reference/functions/table-functions/view.mdx,https://clickhouse.com/docs/sql-reference/table-functions/view,https://private-7c7dfe99.mintlify.app/reference/functions/table-functions/view,matched,a67f1de09a8a84f9,true,a67f1de09a8a84f9,2026-05-07T14:49:41+00:00,false
/sql-reference/table-functions/ytsaurus,docs/sql-reference/table-functions/ytsaurus.md,reference/functions/table-functions/ytsaurus.mdx,https://clickhouse.com/docs/sql-reference/table-functions/ytsaurus,https://private-7c7dfe99.mintlify.app/reference/functions/table-functions/ytsaurus,matched,b931df20b4f6c77e,true,b931df20b4f6c77e,2026-05-08T13:01:57+00:00,false
/sql-reference/table-functions/zeros,docs/sql-reference/table-functions/zeros.md,reference/functions/table-functions/zeros.mdx,https://clickhouse.com/docs/sql-reference/table-functions/zeros,https://private-7c7dfe99.mintlify.app/reference/functions/table-functions/zeros,matched,9c001ffc30fb8da6,true,9c001ffc30fb8da6,2026-05-07T14:49:41+00:00,false
/sql-reference/window-functions/,docs/sql-reference/window-functions/index.md,reference/functions/window-functions/index.mdx,https://clickhouse.com/docs/sql-reference/window-functions/,https://private-7c7dfe99.mintlify.app/reference/functions/window-functions,matched,54ccef9ca59eeb16,true,54ccef9ca59eeb16,2026-05-09T09:39:38+00:00,false
/sql-reference/window-functions/cume_dist,docs/sql-reference/window-functions/cume_dist.md,reference/functions/window-functions/cume_dist.mdx,https://clickhouse.com/docs/sql-reference/window-functions/cume_dist,https://private-7c7dfe99.mintlify.app/reference/functions/window-functions/cume_dist,matched,58a5d26b93b4269b,true,58a5d26b93b4269b,2026-05-09T09:39:38+00:00,false
/sql-reference/window-functions/dense_rank,docs/sql-reference/window-functions/dense_rank.md,reference/functions/window-functions/dense_rank.mdx,https://clickhouse.com/docs/sql-reference/window-functions/dense_rank,https://private-7c7dfe99.mintlify.app/reference/functions/window-functions/dense_rank,matched,0e565f9a4b2a9238,true,0e565f9a4b2a9238,2026-05-09T09:39:38+00:00,false
/sql-reference/window-functions/first_value,docs/sql-reference/window-functions/first_value.md,reference/functions/window-functions/first_value.mdx,https://clickhouse.com/docs/sql-reference/window-functions/first_value,https://private-7c7dfe99.mintlify.app/reference/functions/window-functions/first_value,matched,f5d8080ef6746049,true,f5d8080ef6746049,2026-05-09T09:39:38+00:00,false
/sql-reference/window-functions/lag,docs/sql-reference/window-functions/lag.md,reference/functions/window-functions/lag.mdx,https://clickhouse.com/docs/sql-reference/window-functions/lag,https://private-7c7dfe99.mintlify.app/reference/functions/window-functions/lag,matched,0613ad7af0509f61,true,0613ad7af0509f61,2026-05-09T09:39:38+00:00,false
/sql-reference/window-functions/lagInFrame,docs/sql-reference/window-functions/lagInFrame.md,reference/functions/window-functions/lagInFrame.mdx,https://clickhouse.com/docs/sql-reference/window-functions/lagInFrame,https://private-7c7dfe99.mintlify.app/reference/functions/window-functions/lagInFrame,matched,1e38948feed7f1b2,true,1e38948feed7f1b2,2026-05-09T09:39:38+00:00,false
/sql-reference/window-functions/last_value,docs/sql-reference/window-functions/last_value.md,reference/functions/window-functions/last_value.mdx,https://clickhouse.com/docs/sql-reference/window-functions/last_value,https://private-7c7dfe99.mintlify.app/reference/functions/window-functions/last_value,matched,141f6e9d777628da,true,141f6e9d777628da,2026-05-09T09:39:38+00:00,false
/sql-reference/window-functions/lead,docs/sql-reference/window-functions/lead.md,reference/functions/window-functions/lead.mdx,https://clickhouse.com/docs/sql-reference/window-functions/lead,https://private-7c7dfe99.mintlify.app/reference/functions/window-functions/lead,matched,40a994cb17281180,true,40a994cb17281180,2026-05-09T09:39:38+00:00,false
/sql-reference/window-functions/leadInFrame,docs/sql-reference/window-functions/leadInFrame.md,reference/functions/window-functions/leadInFrame.mdx,https://clickhouse.com/docs/sql-reference/window-functions/leadInFrame,https://private-7c7dfe99.mintlify.app/reference/functions/window-functions/leadInFrame,matched,bdc0fd08e9185e49,true,bdc0fd08e9185e49,2026-05-09T09:39:38+00:00,false
/sql-reference/window-functions/nth_value,docs/sql-reference/window-functions/nth_value.md,reference/functions/window-functions/nth_value.mdx,https://clickhouse.com/docs/sql-reference/window-functions/nth_value,https://private-7c7dfe99.mintlify.app/reference/functions/window-functions/nth_value,matched,ac6e6531f103ea9f,true,ac6e6531f103ea9f,2026-05-09T09:39:38+00:00,false
/sql-reference/window-functions/percent_rank,docs/sql-reference/window-functions/percent_rank.md,reference/functions/window-functions/percent_rank.mdx,https://clickhouse.com/docs/sql-reference/window-functions/percent_rank,https://private-7c7dfe99.mintlify.app/reference/functions/window-functions/percent_rank,matched,dc7fead9cdbb478c,true,dc7fead9cdbb478c,2026-05-09T09:39:38+00:00,false
/sql-reference/window-functions/rank,docs/sql-reference/window-functions/rank.md,reference/functions/window-functions/rank.mdx,https://clickhouse.com/docs/sql-reference/window-functions/rank,https://private-7c7dfe99.mintlify.app/reference/functions/window-functions/rank,matched,06d1c97a15302255,true,06d1c97a15302255,2026-05-09T09:39:38+00:00,false
/sql-reference/window-functions/row_number,docs/sql-reference/window-functions/row_number.md,reference/functions/window-functions/row_number.mdx,https://clickhouse.com/docs/sql-reference/window-functions/row_number,https://private-7c7dfe99.mintlify.app/reference/functions/window-functions/row_number,matched,67ed218e943e01df,true,67ed218e943e01df,2026-05-09T09:39:38+00:00,false
/starter-guides,docs/guides/starter_guides/index.md,,https://clickhouse.com/docs/starter-guides,,unmatched,2ad71c824416a5b2,false,,,false
/tips-and-tricks/community-wisdom,docs/tips-and-tricks/community-wisdom.md,resources/support-center/tips-and-tricks/community-wisdom.mdx,https://clickhouse.com/docs/tips-and-tricks/community-wisdom,https://private-7c7dfe99.mintlify.app/resources/support-center/tips-and-tricks/community-wisdom,matched,e046a01b2513c68c,true,e046a01b2513c68c,2026-05-09T09:39:38+00:00,false
/tips-and-tricks/materialized-views,docs/tips-and-tricks/materialized-views.md,resources/support-center/tips-and-tricks/materialized-views.mdx,https://clickhouse.com/docs/tips-and-tricks/materialized-views,https://private-7c7dfe99.mintlify.app/resources/support-center/tips-and-tricks/materialized-views,matched,676abc1dd5f860a8,true,676abc1dd5f860a8,2026-05-09T09:39:38+00:00,false
/tips-and-tricks/too-many-parts,docs/tips-and-tricks/too-many-parts.md,resources/support-center/tips-and-tricks/too-many-parts.mdx,https://clickhouse.com/docs/tips-and-tricks/too-many-parts,https://private-7c7dfe99.mintlify.app/resources/support-center/tips-and-tricks/too-many-parts,matched,ada1cf136f619541,true,ada1cf136f619541,2026-05-09T09:39:38+00:00,false
/troubleshooting,docs/troubleshooting/index.md,resources/support-center/troubleshooting/index.mdx,https://clickhouse.com/docs/troubleshooting,https://private-7c7dfe99.mintlify.app/resources/support-center/troubleshooting,matched,162922c728ff92cb,true,162922c728ff92cb,2026-05-08T21:00:51+00:00,false
/tutorial,docs/tutorial.md,get-started/quickstarts/tutorial.mdx,https://clickhouse.com/docs/tutorial,https://private-7c7dfe99.mintlify.app/get-started/quickstarts/tutorial,matched,072ebfbdae7e80f1,true,072ebfbdae7e80f1,2026-05-09T11:14:51+00:00,false
/updating-data,docs/managing-data/updating-data/index.md,concepts/operations/update/index.mdx,https://clickhouse.com/docs/updating-data,https://private-7c7dfe99.mintlify.app/concepts/operations/update,matched,b8b45bc64184323f,true,b8b45bc64184323f,2026-05-08T09:09:20+00:00,false
/updating-data/overview,docs/managing-data/updating-data/overview.mdx,concepts/operations/update/overview.mdx,https://clickhouse.com/docs/updating-data/overview,https://private-7c7dfe99.mintlify.app/concepts/operations/update/overview,matched,29faa17e7e87aabc,true,29faa17e7e87aabc,2026-05-08T09:09:20+00:00,false
/use-cases,docs/use-cases/index.md,use-cases/index.mdx,https://clickhouse.com/docs/use-cases,https://private-7c7dfe99.mintlify.app/use-cases,matched,668e2795fb384f5c,true,668e2795fb384f5c,2026-05-08T09:09:20+00:00,false
/use-cases/AI/MCP,docs/use-cases/AI_ML/MCP/index.md,guides/ai-ml/MCP/index.mdx,https://clickhouse.com/docs/use-cases/AI/MCP,https://private-7c7dfe99.mintlify.app/guides/ai-ml/MCP,matched,8bafe80320770ac1,true,8bafe80320770ac1,2026-05-08T20:59:48+00:00,false
/use-cases/AI/MCP/ai-agent-libraries,docs/use-cases/AI_ML/MCP/ai_agent_libraries/index.md,guides/ai-ml/MCP/ai-agent-libraries/index.mdx,https://clickhouse.com/docs/use-cases/AI/MCP/ai-agent-libraries,https://private-7c7dfe99.mintlify.app/guides/ai-ml/MCP/ai-agent-libraries,matched,ee35d41197d80853,true,ee35d41197d80853,2026-05-08T20:59:48+00:00,false
/use-cases/AI/MCP/ai-agent-libraries/DSPy,docs/use-cases/AI_ML/MCP/ai_agent_libraries/dspy.md,guides/ai-ml/MCP/ai-agent-libraries/dspy.mdx,https://clickhouse.com/docs/use-cases/AI/MCP/ai-agent-libraries/DSPy,https://private-7c7dfe99.mintlify.app/guides/ai-ml/MCP/ai-agent-libraries/dspy,matched,1f2518a1634c9f10,true,1f2518a1634c9f10,2026-05-08T09:09:20+00:00,false
/use-cases/AI/MCP/ai-agent-libraries/agno,docs/use-cases/AI_ML/MCP/ai_agent_libraries/agno.md,guides/ai-ml/MCP/ai-agent-libraries/agno.mdx,https://clickhouse.com/docs/use-cases/AI/MCP/ai-agent-libraries/agno,https://private-7c7dfe99.mintlify.app/guides/ai-ml/MCP/ai-agent-libraries/agno,matched,a3bc4a1960dabe90,true,a3bc4a1960dabe90,2026-05-08T09:09:20+00:00,false
/use-cases/AI/MCP/ai-agent-libraries/chainlit,docs/use-cases/AI_ML/MCP/ai_agent_libraries/chainlit.md,guides/ai-ml/MCP/ai-agent-libraries/chainlit.mdx,https://clickhouse.com/docs/use-cases/AI/MCP/ai-agent-libraries/chainlit,https://private-7c7dfe99.mintlify.app/guides/ai-ml/MCP/ai-agent-libraries/chainlit,matched,ca26adb08a01a03f,true,ca26adb08a01a03f,2026-05-08T09:09:20+00:00,false
/use-cases/AI/MCP/ai-agent-libraries/claude-agent-sdk,docs/use-cases/AI_ML/MCP/ai_agent_libraries/claude-agent-sdk.md,guides/ai-ml/MCP/ai-agent-libraries/claude-agent-sdk.mdx,https://clickhouse.com/docs/use-cases/AI/MCP/ai-agent-libraries/claude-agent-sdk,https://private-7c7dfe99.mintlify.app/guides/ai-ml/MCP/ai-agent-libraries/claude-agent-sdk,matched,736ac055730323c8,true,736ac055730323c8,2026-05-08T09:09:20+00:00,false
/use-cases/AI/MCP/ai-agent-libraries/copilotkit,docs/use-cases/AI_ML/MCP/ai_agent_libraries/copilotkit.md,guides/ai-ml/MCP/ai-agent-libraries/copilotkit.mdx,https://clickhouse.com/docs/use-cases/AI/MCP/ai-agent-libraries/copilotkit,https://private-7c7dfe99.mintlify.app/guides/ai-ml/MCP/ai-agent-libraries/copilotkit,matched,f2e17fafeb40205d,true,f2e17fafeb40205d,2026-05-08T09:09:20+00:00,false
/use-cases/AI/MCP/ai-agent-libraries/crewai,docs/use-cases/AI_ML/MCP/ai_agent_libraries/crewai.md,guides/ai-ml/MCP/ai-agent-libraries/crewai.mdx,https://clickhouse.com/docs/use-cases/AI/MCP/ai-agent-libraries/crewai,https://private-7c7dfe99.mintlify.app/guides/ai-ml/MCP/ai-agent-libraries/crewai,matched,9132c4cbfba020ee,true,9132c4cbfba020ee,2026-05-08T09:09:20+00:00,false
/use-cases/AI/MCP/ai-agent-libraries/langchain,docs/use-cases/AI_ML/MCP/ai_agent_libraries/langchain.md,guides/ai-ml/MCP/ai-agent-libraries/langchain.mdx,https://clickhouse.com/docs/use-cases/AI/MCP/ai-agent-libraries/langchain,https://private-7c7dfe99.mintlify.app/guides/ai-ml/MCP/ai-agent-libraries/langchain,matched,e2ca1d7394c48dbe,true,e2ca1d7394c48dbe,2026-05-08T09:09:20+00:00,false
/use-cases/AI/MCP/ai-agent-libraries/llamaindex,docs/use-cases/AI_ML/MCP/ai_agent_libraries/llamaindex.md,guides/ai-ml/MCP/ai-agent-libraries/llamaindex.mdx,https://clickhouse.com/docs/use-cases/AI/MCP/ai-agent-libraries/llamaindex,https://private-7c7dfe99.mintlify.app/guides/ai-ml/MCP/ai-agent-libraries/llamaindex,matched,679b516186349c51,true,679b516186349c51,2026-05-08T09:09:20+00:00,false
/use-cases/AI/MCP/ai-agent-libraries/mcp-agent,docs/use-cases/AI_ML/MCP/ai_agent_libraries/mcp-agent.md,guides/ai-ml/MCP/ai-agent-libraries/mcp-agent.mdx,https://clickhouse.com/docs/use-cases/AI/MCP/ai-agent-libraries/mcp-agent,https://private-7c7dfe99.mintlify.app/guides/ai-ml/MCP/ai-agent-libraries/mcp-agent,matched,dd8cf580eb61ee8e,true,dd8cf580eb61ee8e,2026-05-08T09:09:20+00:00,false
/use-cases/AI/MCP/ai-agent-libraries/microsoft-agent-framework,docs/use-cases/AI_ML/MCP/ai_agent_libraries/microsoft-agent-framework.md,guides/ai-ml/MCP/ai-agent-libraries/microsoft-agent-framework.mdx,https://clickhouse.com/docs/use-cases/AI/MCP/ai-agent-libraries/microsoft-agent-framework,https://private-7c7dfe99.mintlify.app/guides/ai-ml/MCP/ai-agent-libraries/microsoft-agent-framework,matched,d9b85bccc1120f8f,true,d9b85bccc1120f8f,2026-05-08T09:09:20+00:00,false
/use-cases/AI/MCP/ai-agent-libraries/openai-agents,docs/use-cases/AI_ML/MCP/ai_agent_libraries/openai-agents.md,guides/ai-ml/MCP/ai-agent-libraries/openai-agents.mdx,https://clickhouse.com/docs/use-cases/AI/MCP/ai-agent-libraries/openai-agents,https://private-7c7dfe99.mintlify.app/guides/ai-ml/MCP/ai-agent-libraries/openai-agents,matched,fda4f6161e150b17,true,fda4f6161e150b17,2026-05-08T09:09:20+00:00,false
/use-cases/AI/MCP/ai-agent-libraries/pydantic-ai,docs/use-cases/AI_ML/MCP/ai_agent_libraries/pydantic-ai.md,guides/ai-ml/MCP/ai-agent-libraries/pydantic-ai.mdx,https://clickhouse.com/docs/use-cases/AI/MCP/ai-agent-libraries/pydantic-ai,https://private-7c7dfe99.mintlify.app/guides/ai-ml/MCP/ai-agent-libraries/pydantic-ai,matched,c89b15098a24398a,true,c89b15098a24398a,2026-05-08T09:09:20+00:00,false
/use-cases/AI/MCP/ai-agent-libraries/slackbot,docs/use-cases/AI_ML/MCP/ai_agent_libraries/slackbot.md,guides/ai-ml/MCP/ai-agent-libraries/slackbot.mdx,https://clickhouse.com/docs/use-cases/AI/MCP/ai-agent-libraries/slackbot,https://private-7c7dfe99.mintlify.app/guides/ai-ml/MCP/ai-agent-libraries/slackbot,matched,fecb69d813ee44d9,true,fecb69d813ee44d9,2026-05-08T09:09:20+00:00,false
/use-cases/AI/MCP/ai-agent-libraries/streamlit-agent,docs/use-cases/AI_ML/MCP/ai_agent_libraries/streamlit.md,guides/ai-ml/MCP/ai-agent-libraries/streamlit.mdx,https://clickhouse.com/docs/use-cases/AI/MCP/ai-agent-libraries/streamlit-agent,https://private-7c7dfe99.mintlify.app/guides/ai-ml/MCP/ai-agent-libraries/streamlit,matched,6407de9d7364b79b,true,6407de9d7364b79b,2026-05-08T09:09:20+00:00,false
/use-cases/AI/MCP/ai-agent-libraries/upsonic,docs/use-cases/AI_ML/MCP/ai_agent_libraries/upsonic.md,guides/ai-ml/MCP/ai-agent-libraries/upsonic.mdx,https://clickhouse.com/docs/use-cases/AI/MCP/ai-agent-libraries/upsonic,https://private-7c7dfe99.mintlify.app/guides/ai-ml/MCP/ai-agent-libraries/upsonic,matched,570f4005b835c09d,true,570f4005b835c09d,2026-05-08T09:09:20+00:00,false
/use-cases/AI/MCP/anythingllm,docs/use-cases/AI_ML/MCP/04_anythingllm.md,guides/ai-ml/MCP/anythingllm.mdx,https://clickhouse.com/docs/use-cases/AI/MCP/anythingllm,https://private-7c7dfe99.mintlify.app/guides/ai-ml/MCP/anythingllm,matched,d4f80fdfb21dd3cf,true,0acbf9454617f037,2026-05-08T09:52:53+00:00,false
/use-cases/AI/MCP/claude-desktop,docs/use-cases/AI_ML/MCP/02_claude-desktop.md,guides/ai-ml/MCP/claude-desktop.mdx,https://clickhouse.com/docs/use-cases/AI/MCP/claude-desktop,https://private-7c7dfe99.mintlify.app/guides/ai-ml/MCP/claude-desktop,matched,a93753bfbfe6cf44,true,a93753bfbfe6cf44,2026-05-08T12:19:52+00:00,false
/use-cases/AI/MCP/janai,docs/use-cases/AI_ML/MCP/07_janai.md,guides/ai-ml/MCP/janai.mdx,https://clickhouse.com/docs/use-cases/AI/MCP/janai,https://private-7c7dfe99.mintlify.app/guides/ai-ml/MCP/janai,matched,655b4d65de4a49fb,true,ed463b30b45790aa,2026-05-08T09:52:53+00:00,false
/use-cases/AI/MCP/librechat,docs/use-cases/AI_ML/MCP/03_librechat.md,guides/ai-ml/MCP/librechat.mdx,https://clickhouse.com/docs/use-cases/AI/MCP/librechat,https://private-7c7dfe99.mintlify.app/guides/ai-ml/MCP/librechat,matched,f24ded5843762ca7,true,f24ded5843762ca7,2026-05-08T09:58:30+00:00,false
/use-cases/AI/MCP/ollama,docs/use-cases/AI_ML/MCP/06_ollama.md,guides/ai-ml/MCP/ollama.mdx,https://clickhouse.com/docs/use-cases/AI/MCP/ollama,https://private-7c7dfe99.mintlify.app/guides/ai-ml/MCP/ollama,matched,e817ccf3dfc8b6fd,true,190d8adb656848a8,2026-05-08T09:52:53+00:00,false
/use-cases/AI/MCP/open-webui,docs/use-cases/AI_ML/MCP/05_open-webui.md,guides/ai-ml/MCP/open-webui.mdx,https://clickhouse.com/docs/use-cases/AI/MCP/open-webui,https://private-7c7dfe99.mintlify.app/guides/ai-ml/MCP/open-webui,matched,da525b117f747884,true,80e10d23538a4ec1,2026-05-08T09:52:53+00:00,false
/use-cases/AI/MCP/remote_mcp,docs/cloud/guides/AI_ML/remote_mcp.md,use-cases/ai/mcp/remote-mcp.mdx,https://clickhouse.com/docs/use-cases/AI/MCP/remote_mcp,https://private-7c7dfe99.mintlify.app/use-cases/ai/mcp/remote-mcp,matched,d5ce89292276ae48,true,68214d9df66b82a9,2026-05-08T09:52:53+00:00,false
/use-cases/AI/ai-powered-sql-generation,docs/use-cases/AI_ML/ai-powered-sql-generation.md,guides/ai-ml/ai-powered-sql-generation.mdx,https://clickhouse.com/docs/use-cases/AI/ai-powered-sql-generation,https://private-7c7dfe99.mintlify.app/guides/ai-ml/ai-powered-sql-generation,matched,647fa80275f2f87a,true,647fa80275f2f87a,2026-05-08T09:09:20+00:00,false
/use-cases/AI/ask-ai,docs/use-cases/AI_ML/index.md,guides/ai-ml/index.mdx,https://clickhouse.com/docs/use-cases/AI/ask-ai,https://private-7c7dfe99.mintlify.app/guides/ai-ml,matched,5229c680519d1b46,true,5229c680519d1b46,2026-05-08T09:09:20+00:00,false
/use-cases/AI/jupyter-notebook,docs/use-cases/AI_ML/data-exploration/jupyter-notebook.md,guides/ai-ml/data-exploration/jupyter-notebook.mdx,https://clickhouse.com/docs/use-cases/AI/jupyter-notebook,https://private-7c7dfe99.mintlify.app/guides/ai-ml/data-exploration/jupyter-notebook,matched,32c078a0d7dbd924,true,32c078a0d7dbd924,2026-05-08T09:09:20+00:00,false
/use-cases/AI/marimo-notebook,docs/use-cases/AI_ML/data-exploration/marimo-notebook.md,guides/ai-ml/data-exploration/marimo-notebook.mdx,https://clickhouse.com/docs/use-cases/AI/marimo-notebook,https://private-7c7dfe99.mintlify.app/guides/ai-ml/data-exploration/marimo-notebook,matched,d2eca22763326cb8,true,d2eca22763326cb8,2026-05-08T09:09:20+00:00,false
/use-cases/AI/qbit-vector-search,docs/use-cases/AI_ML/vector-search.md,guides/ai-ml/vector-search.mdx,https://clickhouse.com/docs/use-cases/AI/qbit-vector-search,https://private-7c7dfe99.mintlify.app/guides/ai-ml/vector-search,matched,0f7c2082f60f6506,true,0f7c2082f60f6506,2026-05-08T09:09:20+00:00,false
/use-cases/AI_ML/AIChat,docs/cloud/guides/AI_ML/AIChat/using_AI_chat.md,use-cases/ai-ml/aichat/using-ai-chat.mdx,https://clickhouse.com/docs/use-cases/AI_ML/AIChat,https://private-7c7dfe99.mintlify.app/use-cases/ai-ml/aichat/using-ai-chat,matched,a8404dbcb1bf8ad0,true,271de667bc71cd6f,2026-05-08T09:51:10+00:00,false
/use-cases/AI_ML/AIChat/semantic-layer,docs/cloud/guides/AI_ML/AIChat/customizing-semantic-layer.md,use-cases/ai-ml/aichat/customizing-semantic-layer.mdx,https://clickhouse.com/docs/use-cases/AI_ML/AIChat/semantic-layer,https://private-7c7dfe99.mintlify.app/use-cases/ai-ml/aichat/customizing-semantic-layer,matched,00df14c165e6f7ea,true,00df14c165e6f7ea,2026-05-08T09:09:20+00:00,false
/use-cases/data-lake,docs/use-cases/data_lake/index.md,guides/data-warehousing/index.mdx,https://clickhouse.com/docs/use-cases/data-lake,https://private-7c7dfe99.mintlify.app/guides/data-warehousing,matched,493ecc5d77e20ee0,true,493ecc5d77e20ee0,2026-05-08T09:09:20+00:00,false
/use-cases/data-lake/biglake-catalog,docs/use-cases/data_lake/reference/biglake_catalog.md,guides/data-warehousing/biglake-catalog.mdx,https://clickhouse.com/docs/use-cases/data-lake/biglake-catalog,https://private-7c7dfe99.mintlify.app/guides/data-warehousing/biglake-catalog,matched,70f021a9dbc465cd,true,70f021a9dbc465cd,2026-05-08T09:09:20+00:00,false
/use-cases/data-lake/getting-started,docs/use-cases/data_lake/getting-started.md,guides/data-warehousing/getting-started/overview.mdx,https://clickhouse.com/docs/use-cases/data-lake/getting-started,https://private-7c7dfe99.mintlify.app/guides/data-warehousing/getting-started/overview,matched,77fc081ca180d968,true,77fc081ca180d968,2026-05-08T09:09:20+00:00,false
/use-cases/data-lake/getting-started/accelerating-analytics,docs/use-cases/data_lake/guides/accelerating-analytics.md,guides/data-warehousing/getting-started/accelerating-analytics.mdx,https://clickhouse.com/docs/use-cases/data-lake/getting-started/accelerating-analytics,https://private-7c7dfe99.mintlify.app/guides/data-warehousing/getting-started/accelerating-analytics,matched,e692c1357a9e407a,true,e692c1357a9e407a,2026-05-08T09:09:20+00:00,false
/use-cases/data-lake/getting-started/connecting-catalogs,docs/use-cases/data_lake/guides/connecting-catalogs.md,guides/data-warehousing/getting-started/connecting-catalogs.mdx,https://clickhouse.com/docs/use-cases/data-lake/getting-started/connecting-catalogs,https://private-7c7dfe99.mintlify.app/guides/data-warehousing/getting-started/connecting-catalogs,matched,288ae53d5e119da3,true,288ae53d5e119da3,2026-05-08T09:09:20+00:00,false
/use-cases/data-lake/getting-started/querying-directly,docs/use-cases/data_lake/guides/querying-directly.md,guides/data-warehousing/getting-started/querying-directly.mdx,https://clickhouse.com/docs/use-cases/data-lake/getting-started/querying-directly,https://private-7c7dfe99.mintlify.app/guides/data-warehousing/getting-started/querying-directly,matched,1e8bc1608a95e0a2,true,1e8bc1608a95e0a2,2026-05-08T09:09:20+00:00,false
/use-cases/data-lake/getting-started/writing-data,docs/use-cases/data_lake/guides/writing-data.md,guides/data-warehousing/getting-started/writing-data.mdx,https://clickhouse.com/docs/use-cases/data-lake/getting-started/writing-data,https://private-7c7dfe99.mintlify.app/guides/data-warehousing/getting-started/writing-data,matched,b9403b572f988afa,true,b9403b572f988afa,2026-05-08T09:09:20+00:00,false
/use-cases/data-lake/glue-catalog,docs/use-cases/data_lake/reference/aws_glue_catalog.md,guides/data-warehousing/glue-catalog.mdx,https://clickhouse.com/docs/use-cases/data-lake/glue-catalog,https://private-7c7dfe99.mintlify.app/guides/data-warehousing/glue-catalog,matched,393b2df782acc1d2,true,393b2df782acc1d2,2026-05-08T09:09:20+00:00,false
/use-cases/data-lake/lakekeeper-catalog,docs/use-cases/data_lake/reference/lakekeeper_catalog.md,guides/data-warehousing/lakekeeper-catalog.mdx,https://clickhouse.com/docs/use-cases/data-lake/lakekeeper-catalog,https://private-7c7dfe99.mintlify.app/guides/data-warehousing/lakekeeper-catalog,matched,0a6c118b9f6b65b5,true,0a6c118b9f6b65b5,2026-05-08T09:09:20+00:00,false
/use-cases/data-lake/nessie-catalog,docs/use-cases/data_lake/reference/nessie_catalog.md,guides/data-warehousing/nessie-catalog.mdx,https://clickhouse.com/docs/use-cases/data-lake/nessie-catalog,https://private-7c7dfe99.mintlify.app/guides/data-warehousing/nessie-catalog,matched,d03f731b06fef8fc,true,d03f731b06fef8fc,2026-05-08T09:09:20+00:00,false
/use-cases/data-lake/onelake-catalog,docs/use-cases/data_lake/reference/onelake_catalog.md,guides/data-warehousing/onelake-catalog.mdx,https://clickhouse.com/docs/use-cases/data-lake/onelake-catalog,https://private-7c7dfe99.mintlify.app/guides/data-warehousing/onelake-catalog,matched,0ba3b4b27363a811,true,0ba3b4b27363a811,2026-05-08T09:09:20+00:00,false
/use-cases/data-lake/polaris-catalog,docs/use-cases/data_lake/reference/polaris.md,guides/data-warehousing/polaris-catalog.mdx,https://clickhouse.com/docs/use-cases/data-lake/polaris-catalog,https://private-7c7dfe99.mintlify.app/guides/data-warehousing/polaris-catalog,matched,8c64384f773ad96e,true,8c64384f773ad96e,2026-05-08T09:09:20+00:00,false
/use-cases/data-lake/reference,docs/use-cases/data_lake/reference/index.md,guides/data-warehousing/reference/index.mdx,https://clickhouse.com/docs/use-cases/data-lake/reference,https://private-7c7dfe99.mintlify.app/guides/data-warehousing/reference,matched,5b22625d9fdffa22,true,5b22625d9fdffa22,2026-05-08T09:09:20+00:00,false
/use-cases/data-lake/rest-catalog,docs/use-cases/data_lake/reference/rest_catalog.md,guides/data-warehousing/rest-catalog.mdx,https://clickhouse.com/docs/use-cases/data-lake/rest-catalog,https://private-7c7dfe99.mintlify.app/guides/data-warehousing/rest-catalog,matched,4e62bebf43d4839d,true,4e62bebf43d4839d,2026-05-08T09:09:20+00:00,false
/use-cases/data-lake/support-matrix,docs/use-cases/data_lake/support-matrix.md,guides/data-warehousing/support-matrix.mdx,https://clickhouse.com/docs/use-cases/data-lake/support-matrix,https://private-7c7dfe99.mintlify.app/guides/data-warehousing/support-matrix,matched,3f318fa13bc6f30a,true,3f318fa13bc6f30a,2026-05-08T09:09:20+00:00,false
/use-cases/data-lake/unity-catalog,docs/use-cases/data_lake/reference/unity_catalog.md,guides/data-warehousing/unity-catalog.mdx,https://clickhouse.com/docs/use-cases/data-lake/unity-catalog,https://private-7c7dfe99.mintlify.app/guides/data-warehousing/unity-catalog,matched,ac415fdc32b6aa25,true,ac415fdc32b6aa25,2026-05-08T09:09:20+00:00,false
/use-cases/observability,docs/use-cases/observability/index.md,guides/observability/index.mdx,https://clickhouse.com/docs/use-cases/observability,https://private-7c7dfe99.mintlify.app/guides/observability,matched,2edbeb25eb89b5cc,true,2edbeb25eb89b5cc,2026-05-09T10:08:44+00:00,false
/use-cases/observability/build-your-own,docs/use-cases/observability/build-your-own/index.md,guides/observability/build-your-own/index.mdx,https://clickhouse.com/docs/use-cases/observability/build-your-own,https://private-7c7dfe99.mintlify.app/guides/observability/build-your-own,matched,88485dd45dbd3dde,true,88485dd45dbd3dde,2026-05-08T09:09:20+00:00,false
/use-cases/observability/clickstack,docs/use-cases/observability/clickstack/index.md,products/clickstack/index.mdx,https://clickhouse.com/docs/use-cases/observability/clickstack,https://private-7c7dfe99.mintlify.app/products/clickstack,matched,b13ba38c29be4678,true,b13ba38c29be4678,2026-05-09T10:08:44+00:00,false
/use-cases/observability/clickstack/admin,docs/use-cases/observability/clickstack/managing/admin.md,products/clickstack/managing/admin.mdx,https://clickhouse.com/docs/use-cases/observability/clickstack/admin,https://private-7c7dfe99.mintlify.app/products/clickstack/managing/admin,matched,1c5d464843ac41e1,true,1c5d464843ac41e1,2026-05-08T09:09:20+00:00,false
/use-cases/observability/clickstack/alerts,docs/use-cases/observability/clickstack/alerts.md,products/clickstack/features/alerts.mdx,https://clickhouse.com/docs/use-cases/observability/clickstack/alerts,https://private-7c7dfe99.mintlify.app/products/clickstack/features/alerts,matched,e1688fefac447cdb,true,e1688fefac447cdb,2026-05-08T09:09:20+00:00,false
/use-cases/observability/clickstack/api-reference,docs/use-cases/observability/clickstack/api-reference.md,products/clickstack/api-reference.mdx,https://clickhouse.com/docs/use-cases/observability/clickstack/api-reference,https://private-7c7dfe99.mintlify.app/products/clickstack/api-reference,matched,2f92c9403ff87f7b,true,2f92c9403ff87f7b,2026-05-09T10:10:14+00:00,false
/use-cases/observability/clickstack/architecture,docs/use-cases/observability/clickstack/architecture.md,products/clickstack/architecture.mdx,https://clickhouse.com/docs/use-cases/observability/clickstack/architecture,https://private-7c7dfe99.mintlify.app/products/clickstack/architecture,matched,a7f4e7d7e6fea0e4,true,a7f4e7d7e6fea0e4,2026-05-08T09:09:20+00:00,false
/use-cases/observability/clickstack/config,docs/use-cases/observability/clickstack/config.md,products/clickstack/config.mdx,https://clickhouse.com/docs/use-cases/observability/clickstack/config,https://private-7c7dfe99.mintlify.app/products/clickstack/config,matched,69b70fd6aacd3dff,true,69b70fd6aacd3dff,2026-05-08T18:41:21+00:00,false
/use-cases/observability/clickstack/dashboards,docs/use-cases/observability/clickstack/dashboards/index.md,products/clickstack/features/dashboards/overview.mdx,https://clickhouse.com/docs/use-cases/observability/clickstack/dashboards,https://private-7c7dfe99.mintlify.app/products/clickstack/features/dashboards/overview,matched,9854021eaaa1497a,true,9854021eaaa1497a,2026-05-08T09:09:20+00:00,false
/use-cases/observability/clickstack/dashboards/dashboard-templates,docs/use-cases/observability/clickstack/dashboards/dashboard-templates.md,products/clickstack/features/dashboards/dashboard-templates.mdx,https://clickhouse.com/docs/use-cases/observability/clickstack/dashboards/dashboard-templates,https://private-7c7dfe99.mintlify.app/products/clickstack/features/dashboards/dashboard-templates,matched,717757dab8e0c07e,true,717757dab8e0c07e,2026-05-08T09:09:20+00:00,false
/use-cases/observability/clickstack/dashboards/sql-visualizations,docs/use-cases/observability/clickstack/dashboards/sql-visualizations.md,products/clickstack/features/dashboards/sql-visualizations.mdx,https://clickhouse.com/docs/use-cases/observability/clickstack/dashboards/sql-visualizations,https://private-7c7dfe99.mintlify.app/products/clickstack/features/dashboards/sql-visualizations,matched,6bdbe9c528ddc94d,true,6bdbe9c528ddc94d,2026-05-08T09:09:20+00:00,false
/use-cases/observability/clickstack/demo-days,docs/use-cases/observability/clickstack/demo-days/index.md,products/clickstack/demo-days/index.mdx,https://clickhouse.com/docs/use-cases/observability/clickstack/demo-days,https://private-7c7dfe99.mintlify.app/products/clickstack/demo-days,matched,f8eb664a17bdfbe8,true,f8eb664a17bdfbe8,2026-05-07T14:49:41+00:00,false
/use-cases/observability/clickstack/demo-days/2026/04/2026-04-17,docs/use-cases/observability/clickstack/demo-days/2026/clickstack-new-features-17-04-2026.md,products/clickstack/demo-days/2026/2026-04-17.mdx,https://clickhouse.com/docs/use-cases/observability/clickstack/demo-days/2026/04/2026-04-17,https://private-7c7dfe99.mintlify.app/products/clickstack/demo-days/2026/2026-04-17,matched,aa1fd71734421de2,true,aa1fd71734421de2,2026-05-08T12:19:52+00:00,false
/use-cases/observability/clickstack/demo-days/2026/2026-04-03,docs/use-cases/observability/clickstack/demo-days/2026/clickstack-new-features-03-04-2026.md,products/clickstack/demo-days/2026/2026-04-03.mdx,https://clickhouse.com/docs/use-cases/observability/clickstack/demo-days/2026/2026-04-03,https://private-7c7dfe99.mintlify.app/products/clickstack/demo-days/2026/2026-04-03,matched,f2b25a143449f483,true,f2b25a143449f483,2026-05-08T12:19:52+00:00,false
/use-cases/observability/clickstack/demo-days/2026/2026-04-10,docs/use-cases/observability/clickstack/demo-days/2026/clickstack-new-features-10-04-2026.md,products/clickstack/demo-days/2026/2026-04-10.mdx,https://clickhouse.com/docs/use-cases/observability/clickstack/demo-days/2026/2026-04-10,https://private-7c7dfe99.mintlify.app/products/clickstack/demo-days/2026/2026-04-10,matched,b4ae5617c310f1db,true,b4ae5617c310f1db,2026-05-08T12:19:52+00:00,false
/use-cases/observability/clickstack/deployment,docs/use-cases/observability/clickstack/deployment/index.md,products/clickstack/deployment/index.mdx,https://clickhouse.com/docs/use-cases/observability/clickstack/deployment,https://private-7c7dfe99.mintlify.app/products/clickstack/deployment,matched,624c3869f78a6bb1,true,624c3869f78a6bb1,2026-05-08T09:09:20+00:00,false
/use-cases/observability/clickstack/deployment/all-in-one,docs/use-cases/observability/clickstack/deployment/oss/all-in-one.md,products/clickstack/deployment/all-in-one.mdx,https://clickhouse.com/docs/use-cases/observability/clickstack/deployment/all-in-one,https://private-7c7dfe99.mintlify.app/products/clickstack/deployment/all-in-one,matched,4853cc5d46543aa7,true,ec6a941844e3726c,2026-05-08T18:14:16+00:00,false
/use-cases/observability/clickstack/deployment/clickhouse-embedded,docs/use-cases/observability/clickstack/deployment/oss/clickhouse-embedded.md,products/clickstack/deployment/clickhouse-embedded.mdx,https://clickhouse.com/docs/use-cases/observability/clickstack/deployment/clickhouse-embedded,https://private-7c7dfe99.mintlify.app/products/clickstack/deployment/clickhouse-embedded,matched,96dd67ee9ce0986f,true,96dd67ee9ce0986f,2026-05-08T09:09:20+00:00,false
/use-cases/observability/clickstack/deployment/clickstack-clickhouse-cloud,docs/use-cases/observability/clickstack/deployment/managed.md,products/clickstack/deployment/managed.mdx,https://clickhouse.com/docs/use-cases/observability/clickstack/deployment/clickstack-clickhouse-cloud,https://private-7c7dfe99.mintlify.app/products/clickstack/deployment/managed,matched,a3b0879773ec59db,true,a3b0879773ec59db,2026-05-09T10:08:44+00:00,false
/use-cases/observability/clickstack/deployment/docker-compose,docs/use-cases/observability/clickstack/deployment/oss/docker-compose.md,products/clickstack/deployment/docker-compose.mdx,https://clickhouse.com/docs/use-cases/observability/clickstack/deployment/docker-compose,https://private-7c7dfe99.mintlify.app/products/clickstack/deployment/docker-compose,matched,da2588fe0bdcf756,true,8f5e663d31659abd,2026-05-08T18:14:16+00:00,false
/use-cases/observability/clickstack/deployment/helm,docs/use-cases/observability/clickstack/deployment/oss/helm/v2/helm.md,products/clickstack/deployment/helm.mdx,https://clickhouse.com/docs/use-cases/observability/clickstack/deployment/helm,https://private-7c7dfe99.mintlify.app/products/clickstack/deployment/helm,matched,3d040de05dc1fc55,true,3728c3e2ccaca160,2026-05-08T18:14:16+00:00,false
/use-cases/observability/clickstack/deployment/helm-additional-manifests,docs/use-cases/observability/clickstack/deployment/oss/helm/v2/helm-additional-manifests.md,products/clickstack/deployment/helm-additional-manifests.mdx,https://clickhouse.com/docs/use-cases/observability/clickstack/deployment/helm-additional-manifests,https://private-7c7dfe99.mintlify.app/products/clickstack/deployment/helm-additional-manifests,matched,a3193f4ecad62afa,true,a3193f4ecad62afa,2026-05-08T09:09:20+00:00,false
/use-cases/observability/clickstack/deployment/helm-cloud,docs/use-cases/observability/clickstack/deployment/oss/helm/v2/helm-cloud.md,products/clickstack/deployment/helm-cloud.mdx,https://clickhouse.com/docs/use-cases/observability/clickstack/deployment/helm-cloud,https://private-7c7dfe99.mintlify.app/products/clickstack/deployment/helm-cloud,matched,211c0a07135a14ca,true,211c0a07135a14ca,2026-05-08T09:09:20+00:00,false
/use-cases/observability/clickstack/deployment/helm-cloud-v1,docs/use-cases/observability/clickstack/deployment/oss/helm/v1/helm-cloud-v1.md,products/clickstack/deployment/helm-cloud-v1.mdx,https://clickhouse.com/docs/use-cases/observability/clickstack/deployment/helm-cloud-v1,https://private-7c7dfe99.mintlify.app/products/clickstack/deployment/helm-cloud-v1,matched,5f31b3bb58afe3eb,true,5f31b3bb58afe3eb,2026-05-08T09:09:20+00:00,false
/use-cases/observability/clickstack/deployment/helm-configuration,docs/use-cases/observability/clickstack/deployment/oss/helm/v2/helm-configuration.md,products/clickstack/deployment/helm-configuration.mdx,https://clickhouse.com/docs/use-cases/observability/clickstack/deployment/helm-configuration,https://private-7c7dfe99.mintlify.app/products/clickstack/deployment/helm-configuration,matched,57ce926045c9f3fa,true,57ce926045c9f3fa,2026-05-08T09:09:20+00:00,false
/use-cases/observability/clickstack/deployment/helm-configuration-v1,docs/use-cases/observability/clickstack/deployment/oss/helm/v1/helm-configuration-v1.md,products/clickstack/deployment/helm-configuration-v1.mdx,https://clickhouse.com/docs/use-cases/observability/clickstack/deployment/helm-configuration-v1,https://private-7c7dfe99.mintlify.app/products/clickstack/deployment/helm-configuration-v1,matched,7b03e4cbe6931a3a,true,7b03e4cbe6931a3a,2026-05-08T09:09:20+00:00,false
/use-cases/observability/clickstack/deployment/helm-deployment-options,docs/use-cases/observability/clickstack/deployment/oss/helm/v2/helm-deployment-options.md,products/clickstack/deployment/helm-deployment-options.mdx,https://clickhouse.com/docs/use-cases/observability/clickstack/deployment/helm-deployment-options,https://private-7c7dfe99.mintlify.app/products/clickstack/deployment/helm-deployment-options,matched,dd5bf85f04ddd17d,true,dd5bf85f04ddd17d,2026-05-08T09:09:20+00:00,false
/use-cases/observability/clickstack/deployment/helm-deployment-options-v1,docs/use-cases/observability/clickstack/deployment/oss/helm/v1/helm-deployment-options-v1.md,products/clickstack/deployment/helm-deployment-options-v1.mdx,https://clickhouse.com/docs/use-cases/observability/clickstack/deployment/helm-deployment-options-v1,https://private-7c7dfe99.mintlify.app/products/clickstack/deployment/helm-deployment-options-v1,matched,65ae88013724aecb,true,65ae88013724aecb,2026-05-08T09:09:20+00:00,false
/use-cases/observability/clickstack/deployment/helm-upgrade,docs/use-cases/observability/clickstack/deployment/oss/helm/v2/helm-upgrade.md,products/clickstack/deployment/helm-upgrade.mdx,https://clickhouse.com/docs/use-cases/observability/clickstack/deployment/helm-upgrade,https://private-7c7dfe99.mintlify.app/products/clickstack/deployment/helm-upgrade,matched,9b0fa084dd7c17e3,true,9b0fa084dd7c17e3,2026-05-08T13:14:52+00:00,false
/use-cases/observability/clickstack/deployment/helm-v1,docs/use-cases/observability/clickstack/deployment/oss/helm/v1/helm-v1.md,products/clickstack/deployment/helm-v1.mdx,https://clickhouse.com/docs/use-cases/observability/clickstack/deployment/helm-v1,https://private-7c7dfe99.mintlify.app/products/clickstack/deployment/helm-v1,matched,ce440b86537c0919,true,bd9497ae88e1d72b,2026-05-08T18:14:16+00:00,false
/use-cases/observability/clickstack/deployment/hyperdx-only,docs/use-cases/observability/clickstack/deployment/oss/hyperdx-only.md,products/clickstack/deployment/hyperdx-only.mdx,https://clickhouse.com/docs/use-cases/observability/clickstack/deployment/hyperdx-only,https://private-7c7dfe99.mintlify.app/products/clickstack/deployment/hyperdx-only,matched,1d9fabd763fb8217,true,d3ff64340e811328,2026-05-08T18:14:16+00:00,false
/use-cases/observability/clickstack/deployment/local-mode-only,docs/use-cases/observability/clickstack/deployment/oss/local-mode-only.md,products/clickstack/deployment/local-mode-only.mdx,https://clickhouse.com/docs/use-cases/observability/clickstack/deployment/local-mode-only,https://private-7c7dfe99.mintlify.app/products/clickstack/deployment/local-mode-only,matched,c1cb233298268ee1,true,01f8ab78f796d5e1,2026-05-08T18:14:16+00:00,false
/use-cases/observability/clickstack/deployment/oss,docs/use-cases/observability/clickstack/deployment/oss/index.md,products/clickstack/deployment/oss.mdx,https://clickhouse.com/docs/use-cases/observability/clickstack/deployment/oss,https://private-7c7dfe99.mintlify.app/products/clickstack/deployment/oss,matched,10fb9f2a49bcd728,true,10fb9f2a49bcd728,2026-05-08T09:09:20+00:00,false
/use-cases/observability/clickstack/estimating-resources,docs/use-cases/observability/clickstack/managing/estimating-resources.md,products/clickstack/managing/estimating-resources.mdx,https://clickhouse.com/docs/use-cases/observability/clickstack/estimating-resources,https://private-7c7dfe99.mintlify.app/products/clickstack/managing/estimating-resources,matched,11572552c03709a8,true,11572552c03709a8,2026-05-08T11:33:34+00:00,false
/use-cases/observability/clickstack/event_deltas,docs/use-cases/observability/clickstack/event_deltas.md,products/clickstack/features/event-deltas.mdx,https://clickhouse.com/docs/use-cases/observability/clickstack/event_deltas,https://private-7c7dfe99.mintlify.app/products/clickstack/features/event-deltas,matched,1451328bb35ce3a2,true,1451328bb35ce3a2,2026-05-08T09:09:20+00:00,false
/use-cases/observability/clickstack/event_patterns,docs/use-cases/observability/clickstack/event_patterns.md,products/clickstack/features/event-patterns.mdx,https://clickhouse.com/docs/use-cases/observability/clickstack/event_patterns,https://private-7c7dfe99.mintlify.app/products/clickstack/features/event-patterns,matched,74e24951b554820a,true,74e24951b554820a,2026-05-08T09:09:20+00:00,false
/use-cases/observability/clickstack/example-datasets/session-replay-demo,docs/use-cases/observability/clickstack/example-datasets/session-replay.md,products/clickstack/example-datasets/session-replay.mdx,https://clickhouse.com/docs/use-cases/observability/clickstack/example-datasets/session-replay-demo,https://private-7c7dfe99.mintlify.app/products/clickstack/example-datasets/session-replay,matched,b07332555010ab6c,true,b07332555010ab6c,2026-05-08T09:09:20+00:00,false
/use-cases/observability/clickstack/faq,docs/use-cases/observability/clickstack/faq.md,products/clickstack/faq.mdx,https://clickhouse.com/docs/use-cases/observability/clickstack/faq,https://private-7c7dfe99.mintlify.app/products/clickstack/faq,matched,6f4b14d3b6709639,true,6f4b14d3b6709639,2026-05-08T18:30:55+00:00,false
/use-cases/observability/clickstack/getting-started,docs/use-cases/observability/clickstack/getting-started/index.md,products/clickstack/getting-started/index.mdx,https://clickhouse.com/docs/use-cases/observability/clickstack/getting-started,https://private-7c7dfe99.mintlify.app/products/clickstack/getting-started,matched,fba3ecd6ec4bfb61,true,fba3ecd6ec4bfb61,2026-05-08T09:09:20+00:00,false
/use-cases/observability/clickstack/getting-started/kubernetes,docs/use-cases/observability/clickstack/example-datasets/kubernetes.md,products/clickstack/example-datasets/kubernetes.mdx,https://clickhouse.com/docs/use-cases/observability/clickstack/getting-started/kubernetes,https://private-7c7dfe99.mintlify.app/products/clickstack/example-datasets/kubernetes,matched,4812c605282293ce,true,4812c605282293ce,2026-05-08T12:19:52+00:00,false
/use-cases/observability/clickstack/getting-started/local-data,docs/use-cases/observability/clickstack/example-datasets/local-data.md,products/clickstack/example-datasets/local-data.mdx,https://clickhouse.com/docs/use-cases/observability/clickstack/getting-started/local-data,https://private-7c7dfe99.mintlify.app/products/clickstack/example-datasets/local-data,matched,f3cfe97d61055255,true,f3cfe97d61055255,2026-05-08T09:09:20+00:00,false
/use-cases/observability/clickstack/getting-started/managed,docs/use-cases/observability/clickstack/getting-started/managed.md,products/clickstack/getting-started/managed.mdx,https://clickhouse.com/docs/use-cases/observability/clickstack/getting-started/managed,https://private-7c7dfe99.mintlify.app/products/clickstack/getting-started/managed,matched,5e93428e0c73d1fb,true,5e93428e0c73d1fb,2026-05-08T09:09:20+00:00,false
/use-cases/observability/clickstack/getting-started/oss,docs/use-cases/observability/clickstack/getting-started/oss.md,products/clickstack/getting-started/oss.mdx,https://clickhouse.com/docs/use-cases/observability/clickstack/getting-started/oss,https://private-7c7dfe99.mintlify.app/products/clickstack/getting-started/oss,matched,848dad5d53302060,true,848dad5d53302060,2026-05-08T09:09:20+00:00,false
/use-cases/observability/clickstack/getting-started/remote-demo-data,docs/use-cases/observability/clickstack/example-datasets/remote-demo-data.md,products/clickstack/example-datasets/remote-demo-data.mdx,https://clickhouse.com/docs/use-cases/observability/clickstack/getting-started/remote-demo-data,https://private-7c7dfe99.mintlify.app/products/clickstack/example-datasets/remote-demo-data,matched,21473252e4862bcb,true,21473252e4862bcb,2026-05-08T09:09:20+00:00,false
/use-cases/observability/clickstack/getting-started/sample-data,docs/use-cases/observability/clickstack/example-datasets/sample-data.md,products/clickstack/example-datasets/sample-data.mdx,https://clickhouse.com/docs/use-cases/observability/clickstack/getting-started/sample-data,https://private-7c7dfe99.mintlify.app/products/clickstack/example-datasets/sample-data,matched,f85b353d0f722d3e,true,f85b353d0f722d3e,2026-05-08T09:09:20+00:00,false
/use-cases/observability/clickstack/ingesting-data,docs/use-cases/observability/clickstack/ingesting-data/index.md,products/clickstack/ingesting-data/index.mdx,https://clickhouse.com/docs/use-cases/observability/clickstack/ingesting-data,https://private-7c7dfe99.mintlify.app/products/clickstack/ingesting-data,matched,215622fcc8806414,true,215622fcc8806414,2026-05-08T09:09:20+00:00,false
/use-cases/observability/clickstack/ingesting-data/opentelemetry,docs/use-cases/observability/clickstack/ingesting-data/opentelemetry.md,products/clickstack/ingesting-data/opentelemetry.mdx,https://clickhouse.com/docs/use-cases/observability/clickstack/ingesting-data/opentelemetry,https://private-7c7dfe99.mintlify.app/products/clickstack/ingesting-data/opentelemetry,matched,faf4701288439e27,true,faf4701288439e27,2026-05-08T09:09:20+00:00,false
/use-cases/observability/clickstack/ingesting-data/otel-collector,docs/use-cases/observability/clickstack/ingesting-data/collector.md,products/clickstack/ingesting-data/collector.mdx,https://clickhouse.com/docs/use-cases/observability/clickstack/ingesting-data/otel-collector,https://private-7c7dfe99.mintlify.app/products/clickstack/ingesting-data/collector,matched,116387bf4e928224,true,116387bf4e928224,2026-05-08T18:41:21+00:00,false
/use-cases/observability/clickstack/ingesting-data/overview,docs/use-cases/observability/clickstack/ingesting-data/overview.md,products/clickstack/ingesting-data/overview.mdx,https://clickhouse.com/docs/use-cases/observability/clickstack/ingesting-data/overview,https://private-7c7dfe99.mintlify.app/products/clickstack/ingesting-data/overview,matched,0335ec40088d821d,true,0335ec40088d821d,2026-05-08T09:09:20+00:00,false
/use-cases/observability/clickstack/ingesting-data/schema/map-vs-json,docs/use-cases/observability/clickstack/ingesting-data/schema/map-vs-json.md,products/clickstack/ingesting-data/schema/map-vs-json.mdx,https://clickhouse.com/docs/use-cases/observability/clickstack/ingesting-data/schema/map-vs-json,https://private-7c7dfe99.mintlify.app/products/clickstack/ingesting-data/schema/map-vs-json,matched,503d23539be39f71,true,503d23539be39f71,2026-05-08T18:40:36+00:00,false
/use-cases/observability/clickstack/ingesting-data/schemas,docs/use-cases/observability/clickstack/ingesting-data/schemas.md,products/clickstack/ingesting-data/schemas.mdx,https://clickhouse.com/docs/use-cases/observability/clickstack/ingesting-data/schemas,https://private-7c7dfe99.mintlify.app/products/clickstack/ingesting-data/schemas,matched,73c71c545f1732a7,true,73c71c545f1732a7,2026-05-08T20:59:49+00:00,false
/use-cases/observability/clickstack/ingesting-data/trace-sampling,docs/use-cases/observability/clickstack/ingesting-data/trace-sampling.md,products/clickstack/ingesting-data/trace-sampling.mdx,https://clickhouse.com/docs/use-cases/observability/clickstack/ingesting-data/trace-sampling,https://private-7c7dfe99.mintlify.app/products/clickstack/ingesting-data/trace-sampling,matched,356d553e1d1725c4,true,356d553e1d1725c4,2026-05-08T09:09:20+00:00,false
/use-cases/observability/clickstack/ingesting-data/vector,docs/use-cases/observability/clickstack/ingesting-data/vector.md,products/clickstack/ingesting-data/vector.mdx,https://clickhouse.com/docs/use-cases/observability/clickstack/ingesting-data/vector,https://private-7c7dfe99.mintlify.app/products/clickstack/ingesting-data/vector,matched,931b3cab6b17362e,true,931b3cab6b17362e,2026-05-08T11:33:34+00:00,false
/use-cases/observability/clickstack/integration-guides,docs/use-cases/observability/clickstack/ingesting-data/integration-examples/index.md,products/clickstack/integration-examples/index.mdx,https://clickhouse.com/docs/use-cases/observability/clickstack/integration-guides,https://private-7c7dfe99.mintlify.app/products/clickstack/integration-examples,matched,e1fa2935f644f4ec,true,e1fa2935f644f4ec,2026-05-08T09:09:20+00:00,false
/use-cases/observability/clickstack/integration-partners,docs/use-cases/observability/clickstack/integration-partners/index.md,products/clickstack/integration-partners/index.mdx,https://clickhouse.com/docs/use-cases/observability/clickstack/integration-partners,https://private-7c7dfe99.mintlify.app/products/clickstack/integration-partners,matched,5e9d3e1136b70c06,true,5e9d3e1136b70c06,2026-05-08T09:09:20+00:00,false
/use-cases/observability/clickstack/integration-partners/bindplane,docs/use-cases/observability/clickstack/integration-partners/bindplane.md,products/clickstack/integration-partners/bindplane.mdx,https://clickhouse.com/docs/use-cases/observability/clickstack/integration-partners/bindplane,https://private-7c7dfe99.mintlify.app/products/clickstack/integration-partners/bindplane,matched,54f1a9f837227da2,true,54f1a9f837227da2,2026-05-08T20:59:50+00:00,false
/use-cases/observability/clickstack/integrations/aws-cloudwatch-logs,docs/use-cases/observability/clickstack/ingesting-data/integration-examples/cloudwatch.md,products/clickstack/integration-examples/cloudwatch.mdx,https://clickhouse.com/docs/use-cases/observability/clickstack/integrations/aws-cloudwatch-logs,https://private-7c7dfe99.mintlify.app/products/clickstack/integration-examples/cloudwatch,matched,5804c21a7fc69fd5,true,5804c21a7fc69fd5,2026-05-08T09:34:32+00:00,false
/use-cases/observability/clickstack/integrations/aws-lambda,docs/use-cases/observability/clickstack/ingesting-data/integration-examples/aws-lambda.md,products/clickstack/integration-examples/aws-lambda.mdx,https://clickhouse.com/docs/use-cases/observability/clickstack/integrations/aws-lambda,https://private-7c7dfe99.mintlify.app/products/clickstack/integration-examples/aws-lambda,matched,44bc191ecbc021f1,true,44bc191ecbc021f1,2026-05-08T09:34:32+00:00,false
/use-cases/observability/clickstack/integrations/cloudflare-logs,docs/use-cases/observability/clickstack/ingesting-data/integration-examples/cloudflare.md,products/clickstack/integration-examples/cloudflare.mdx,https://clickhouse.com/docs/use-cases/observability/clickstack/integrations/cloudflare-logs,https://private-7c7dfe99.mintlify.app/products/clickstack/integration-examples/cloudflare,matched,b369fa2603d67c80,true,b369fa2603d67c80,2026-05-08T09:34:32+00:00,false
/use-cases/observability/clickstack/integrations/host-logs,docs/use-cases/observability/clickstack/ingesting-data/integration-examples/host-logs/generic-host-logs.md,products/clickstack/integration-examples/host-logs.mdx,https://clickhouse.com/docs/use-cases/observability/clickstack/integrations/host-logs,https://private-7c7dfe99.mintlify.app/products/clickstack/integration-examples/host-logs,matched,5f7f2dd6657cd562,true,5f7f2dd6657cd562,2026-05-08T09:34:32+00:00,false
/use-cases/observability/clickstack/integrations/host-logs/ec2,docs/use-cases/observability/clickstack/ingesting-data/integration-examples/host-logs/ec2-host-logs.md,products/clickstack/integration-examples/host-logs/ec2.mdx,https://clickhouse.com/docs/use-cases/observability/clickstack/integrations/host-logs/ec2,https://private-7c7dfe99.mintlify.app/products/clickstack/integration-examples/host-logs/ec2,matched,c3d2d5f24fc32f86,true,c3d2d5f24fc32f86,2026-05-08T09:34:32+00:00,false
/use-cases/observability/clickstack/integrations/jvm-metrics,docs/use-cases/observability/clickstack/ingesting-data/integration-examples/jvm-metrics.md,products/clickstack/integration-examples/jvm-metrics.mdx,https://clickhouse.com/docs/use-cases/observability/clickstack/integrations/jvm-metrics,https://private-7c7dfe99.mintlify.app/products/clickstack/integration-examples/jvm-metrics,matched,fd3aabb9e5e6c4ad,true,fd3aabb9e5e6c4ad,2026-05-08T09:34:32+00:00,false
/use-cases/observability/clickstack/integrations/kafka-logs,docs/use-cases/observability/clickstack/ingesting-data/integration-examples/kafka-logs.md,products/clickstack/integration-examples/kafka-logs.mdx,https://clickhouse.com/docs/use-cases/observability/clickstack/integrations/kafka-logs,https://private-7c7dfe99.mintlify.app/products/clickstack/integration-examples/kafka-logs,matched,5a0b60f18e163bef,true,5a0b60f18e163bef,2026-05-08T09:34:32+00:00,false
/use-cases/observability/clickstack/integrations/kafka-metrics,docs/use-cases/observability/clickstack/ingesting-data/integration-examples/kafka-metrics.md,products/clickstack/integration-examples/kafka-metrics.mdx,https://clickhouse.com/docs/use-cases/observability/clickstack/integrations/kafka-metrics,https://private-7c7dfe99.mintlify.app/products/clickstack/integration-examples/kafka-metrics,matched,18c92f0c615c5fd5,true,18c92f0c615c5fd5,2026-05-08T09:34:32+00:00,false
/use-cases/observability/clickstack/integrations/kubernetes,docs/use-cases/observability/clickstack/ingesting-data/integration-examples/kubernetes.md,products/clickstack/integration-examples/kubernetes.mdx,https://clickhouse.com/docs/use-cases/observability/clickstack/integrations/kubernetes,https://private-7c7dfe99.mintlify.app/products/clickstack/integration-examples/kubernetes,matched,5360a0e86fe853a5,true,5360a0e86fe853a5,2026-05-08T09:09:20+00:00,false
/use-cases/observability/clickstack/integrations/mongodb-logs,docs/use-cases/observability/clickstack/ingesting-data/integration-examples/mongodb-logs.md,products/clickstack/integration-examples/mongodb-logs.mdx,https://clickhouse.com/docs/use-cases/observability/clickstack/integrations/mongodb-logs,https://private-7c7dfe99.mintlify.app/products/clickstack/integration-examples/mongodb-logs,matched,6f1e8bb0253d4b7b,true,6f1e8bb0253d4b7b,2026-05-08T09:34:32+00:00,false
/use-cases/observability/clickstack/integrations/mysql-logs,docs/use-cases/observability/clickstack/ingesting-data/integration-examples/mysql.md,products/clickstack/integration-examples/mysql.mdx,https://clickhouse.com/docs/use-cases/observability/clickstack/integrations/mysql-logs,https://private-7c7dfe99.mintlify.app/products/clickstack/integration-examples/mysql,matched,2f592945d8ebc442,true,2f592945d8ebc442,2026-05-08T09:34:32+00:00,false
/use-cases/observability/clickstack/integrations/nginx,docs/use-cases/observability/clickstack/ingesting-data/integration-examples/nginx-logs.md,products/clickstack/integration-examples/nginx-logs.mdx,https://clickhouse.com/docs/use-cases/observability/clickstack/integrations/nginx,https://private-7c7dfe99.mintlify.app/products/clickstack/integration-examples/nginx-logs,matched,3f09eadfdb13bde7,true,3f09eadfdb13bde7,2026-05-08T09:34:32+00:00,false
/use-cases/observability/clickstack/integrations/nginx-traces,docs/use-cases/observability/clickstack/ingesting-data/integration-examples/nginx-traces.md,products/clickstack/integration-examples/nginx-traces.mdx,https://clickhouse.com/docs/use-cases/observability/clickstack/integrations/nginx-traces,https://private-7c7dfe99.mintlify.app/products/clickstack/integration-examples/nginx-traces,matched,8131d59f6ba08ef7,true,8131d59f6ba08ef7,2026-05-08T09:34:32+00:00,false
/use-cases/observability/clickstack/integrations/nodejs-traces,docs/use-cases/observability/clickstack/ingesting-data/integration-examples/nodejs-traces.md,products/clickstack/integration-examples/nodejs-traces.mdx,https://clickhouse.com/docs/use-cases/observability/clickstack/integrations/nodejs-traces,https://private-7c7dfe99.mintlify.app/products/clickstack/integration-examples/nodejs-traces,matched,cd8e6673926f0daa,true,cd8e6673926f0daa,2026-05-08T09:34:32+00:00,false
/use-cases/observability/clickstack/integrations/postgresql-logs,docs/use-cases/observability/clickstack/ingesting-data/integration-examples/postgres-logs.md,products/clickstack/integration-examples/postgres-logs.mdx,https://clickhouse.com/docs/use-cases/observability/clickstack/integrations/postgresql-logs,https://private-7c7dfe99.mintlify.app/products/clickstack/integration-examples/postgres-logs,matched,c15b336f76e71aa9,true,c15b336f76e71aa9,2026-05-08T09:34:32+00:00,false
/use-cases/observability/clickstack/integrations/postgresql-metrics,docs/use-cases/observability/clickstack/ingesting-data/integration-examples/postgres-metrics.md,products/clickstack/integration-examples/postgres-metrics.mdx,https://clickhouse.com/docs/use-cases/observability/clickstack/integrations/postgresql-metrics,https://private-7c7dfe99.mintlify.app/products/clickstack/integration-examples/postgres-metrics,matched,a3c18fceeda7ee60,true,a3c18fceeda7ee60,2026-05-08T09:34:32+00:00,false
/use-cases/observability/clickstack/integrations/redis,docs/use-cases/observability/clickstack/ingesting-data/integration-examples/redis-logs.md,products/clickstack/integration-examples/redis-logs.mdx,https://clickhouse.com/docs/use-cases/observability/clickstack/integrations/redis,https://private-7c7dfe99.mintlify.app/products/clickstack/integration-examples/redis-logs,matched,71288a0999d7cc29,true,71288a0999d7cc29,2026-05-08T09:34:22+00:00,false
/use-cases/observability/clickstack/integrations/redis-metrics,docs/use-cases/observability/clickstack/ingesting-data/integration-examples/redis-metrics.md,products/clickstack/integration-examples/redis-metrics.mdx,https://clickhouse.com/docs/use-cases/observability/clickstack/integrations/redis-metrics,https://private-7c7dfe99.mintlify.app/products/clickstack/integration-examples/redis-metrics,matched,fa147392852946ab,true,fa147392852946ab,2026-05-08T20:59:49+00:00,false
/use-cases/observability/clickstack/integrations/systemd-logs,docs/use-cases/observability/clickstack/ingesting-data/integration-examples/systemd.md,products/clickstack/integration-examples/systemd.mdx,https://clickhouse.com/docs/use-cases/observability/clickstack/integrations/systemd-logs,https://private-7c7dfe99.mintlify.app/products/clickstack/integration-examples/systemd,matched,a276255a1b2434fa,true,a276255a1b2434fa,2026-05-08T09:34:32+00:00,false
/use-cases/observability/clickstack/integrations/temporal-metrics,docs/use-cases/observability/clickstack/ingesting-data/integration-examples/temporal.md,products/clickstack/integration-examples/temporal.mdx,https://clickhouse.com/docs/use-cases/observability/clickstack/integrations/temporal-metrics,https://private-7c7dfe99.mintlify.app/products/clickstack/integration-examples/temporal,matched,b47f526b1c6badda,true,b47f526b1c6badda,2026-05-08T09:34:32+00:00,false
/use-cases/observability/clickstack/managing,docs/use-cases/observability/clickstack/managing/index.md,products/clickstack/managing.mdx,https://clickhouse.com/docs/use-cases/observability/clickstack/managing,https://private-7c7dfe99.mintlify.app/products/clickstack/managing,matched,b69e82469c4079d0,true,b69e82469c4079d0,2026-05-09T10:08:44+00:00,false
/use-cases/observability/clickstack/materialized_views,docs/use-cases/observability/clickstack/managing/materialized_views.md,products/clickstack/managing/materialized-views.mdx,https://clickhouse.com/docs/use-cases/observability/clickstack/materialized_views,https://private-7c7dfe99.mintlify.app/products/clickstack/managing/materialized-views,matched,ef9c82eec4644dbb,true,ef9c82eec4644dbb,2026-05-08T12:19:52+00:00,false
/use-cases/observability/clickstack/migration,docs/use-cases/observability/clickstack/migration/index.md,products/clickstack/migration/index.mdx,https://clickhouse.com/docs/use-cases/observability/clickstack/migration,https://private-7c7dfe99.mintlify.app/products/clickstack/migration,matched,dc99b6f9b381dcd0,true,dc99b6f9b381dcd0,2026-05-08T09:09:20+00:00,false
/use-cases/observability/clickstack/migration/elastic,docs/use-cases/observability/clickstack/migration/elastic/index.md,products/clickstack/migration/elastic/index.mdx,https://clickhouse.com/docs/use-cases/observability/clickstack/migration/elastic,https://private-7c7dfe99.mintlify.app/products/clickstack/migration/elastic,matched,30da2cbfe92790be,true,30da2cbfe92790be,2026-05-07T14:49:41+00:00,false
/use-cases/observability/clickstack/migration/elastic/concepts,docs/use-cases/observability/clickstack/migration/elastic/concepts.md,products/clickstack/migration/elastic/concepts.mdx,https://clickhouse.com/docs/use-cases/observability/clickstack/migration/elastic/concepts,https://private-7c7dfe99.mintlify.app/products/clickstack/migration/elastic/concepts,matched,8b21300ac1a0ec45,true,23d578575bdcde38,2026-05-08T10:40:06+00:00,false
/use-cases/observability/clickstack/migration/elastic/intro,docs/use-cases/observability/clickstack/migration/elastic/intro.md,products/clickstack/migration/elastic/intro.mdx,https://clickhouse.com/docs/use-cases/observability/clickstack/migration/elastic/intro,https://private-7c7dfe99.mintlify.app/products/clickstack/migration/elastic/intro,matched,9d0b512a93d3b067,true,9d0b512a93d3b067,2026-05-08T09:09:20+00:00,false
/use-cases/observability/clickstack/migration/elastic/migrating-agents,docs/use-cases/observability/clickstack/migration/elastic/migrating-agents.md,products/clickstack/migration/elastic/migrating-agents.mdx,https://clickhouse.com/docs/use-cases/observability/clickstack/migration/elastic/migrating-agents,https://private-7c7dfe99.mintlify.app/products/clickstack/migration/elastic/migrating-agents,matched,a00b90a1ed6dbff0,true,a00b90a1ed6dbff0,2026-05-08T09:09:20+00:00,false
/use-cases/observability/clickstack/migration/elastic/migrating-data,docs/use-cases/observability/clickstack/migration/elastic/migrating-data.md,products/clickstack/migration/elastic/migrating-data.mdx,https://clickhouse.com/docs/use-cases/observability/clickstack/migration/elastic/migrating-data,https://private-7c7dfe99.mintlify.app/products/clickstack/migration/elastic/migrating-data,matched,803842387d456085,true,803842387d456085,2026-05-09T10:08:44+00:00,false
/use-cases/observability/clickstack/migration/elastic/migrating-sdks,docs/use-cases/observability/clickstack/migration/elastic/migrating-sdks.md,products/clickstack/migration/elastic/migrating-sdks.mdx,https://clickhouse.com/docs/use-cases/observability/clickstack/migration/elastic/migrating-sdks,https://private-7c7dfe99.mintlify.app/products/clickstack/migration/elastic/migrating-sdks,matched,03b7a8907768f5b6,true,03b7a8907768f5b6,2026-05-08T09:09:20+00:00,false
/use-cases/observability/clickstack/migration/elastic/search,docs/use-cases/observability/clickstack/migration/elastic/search.md,products/clickstack/migration/elastic/search.mdx,https://clickhouse.com/docs/use-cases/observability/clickstack/migration/elastic/search,https://private-7c7dfe99.mintlify.app/products/clickstack/migration/elastic/search,matched,ef9016a022ffd1b4,true,ef9016a022ffd1b4,2026-05-08T09:09:20+00:00,false
/use-cases/observability/clickstack/migration/elastic/types,docs/use-cases/observability/clickstack/migration/elastic/types.md,products/clickstack/migration/elastic/types.mdx,https://clickhouse.com/docs/use-cases/observability/clickstack/migration/elastic/types,https://private-7c7dfe99.mintlify.app/products/clickstack/migration/elastic/types,matched,0b04842677a37135,true,0b04842677a37135,2026-05-08T09:09:20+00:00,false
/use-cases/observability/clickstack/notebooks,docs/use-cases/observability/clickstack/notebooks.md,products/clickstack/notebooks.mdx,https://clickhouse.com/docs/use-cases/observability/clickstack/notebooks,https://private-7c7dfe99.mintlify.app/products/clickstack/notebooks,matched,e04b1f1017fb8933,true,e04b1f1017fb8933,2026-05-08T09:09:20+00:00,false
/use-cases/observability/clickstack/overview,docs/use-cases/observability/clickstack/overview.md,products/clickstack/overview.mdx,https://clickhouse.com/docs/use-cases/observability/clickstack/overview,https://private-7c7dfe99.mintlify.app/products/clickstack/overview,matched,8be73c96ce74162c,true,8be73c96ce74162c,2026-05-09T10:08:44+00:00,false
/use-cases/observability/clickstack/performance_tuning,docs/use-cases/observability/clickstack/managing/performance_tuning.md,products/clickstack/managing/performance-tuning.mdx,https://clickhouse.com/docs/use-cases/observability/clickstack/performance_tuning,https://private-7c7dfe99.mintlify.app/products/clickstack/managing/performance-tuning,matched,4412add76f6ae9ae,true,4412add76f6ae9ae,2026-05-08T12:19:52+00:00,false
/use-cases/observability/clickstack/production,docs/use-cases/observability/clickstack/managing/production.md,,https://clickhouse.com/docs/use-cases/observability/clickstack/production,,unmatched,e78632dc44639205,true,e78632dc44639205,2026-05-07T16:15:52+00:00,false
/use-cases/observability/clickstack/rbac,docs/use-cases/observability/clickstack/managing/rbac.md,products/clickstack/managing/rbac.mdx,https://clickhouse.com/docs/use-cases/observability/clickstack/rbac,https://private-7c7dfe99.mintlify.app/products/clickstack/managing/rbac,matched,ab2e9865ccc5592f,true,ab2e9865ccc5592f,2026-05-08T09:09:20+00:00,false
/use-cases/observability/clickstack/sample-datasets,docs/use-cases/observability/clickstack/example-datasets/index.md,products/clickstack/example-datasets/index.mdx,https://clickhouse.com/docs/use-cases/observability/clickstack/sample-datasets,https://private-7c7dfe99.mintlify.app/products/clickstack/example-datasets,matched,b3fa19f44c75c4e8,true,b3fa19f44c75c4e8,2026-05-08T09:09:20+00:00,false
/use-cases/observability/clickstack/sdks,docs/use-cases/observability/clickstack/ingesting-data/sdks/index.md,products/clickstack/ingesting-data/sdks/index.mdx,https://clickhouse.com/docs/use-cases/observability/clickstack/sdks,https://private-7c7dfe99.mintlify.app/products/clickstack/ingesting-data/sdks,matched,2f107024e9dc1a15,true,2f107024e9dc1a15,2026-05-08T09:09:20+00:00,false
/use-cases/observability/clickstack/sdks/aws_lambda,docs/use-cases/observability/clickstack/ingesting-data/sdks/aws-lambda.md,products/clickstack/ingesting-data/sdks/aws-lambda.mdx,https://clickhouse.com/docs/use-cases/observability/clickstack/sdks/aws_lambda,https://private-7c7dfe99.mintlify.app/products/clickstack/ingesting-data/sdks/aws-lambda,matched,dd236404a5a1a528,true,dd236404a5a1a528,2026-05-08T09:09:20+00:00,false
/use-cases/observability/clickstack/sdks/browser,docs/use-cases/observability/clickstack/ingesting-data/sdks/browser.md,products/clickstack/ingesting-data/sdks/browser.mdx,https://clickhouse.com/docs/use-cases/observability/clickstack/sdks/browser,https://private-7c7dfe99.mintlify.app/products/clickstack/ingesting-data/sdks/browser,matched,1b23182019224019,true,1b23182019224019,2026-05-08T09:09:20+00:00,false
/use-cases/observability/clickstack/sdks/deno,docs/use-cases/observability/clickstack/ingesting-data/sdks/deno.md,products/clickstack/ingesting-data/sdks/deno.mdx,https://clickhouse.com/docs/use-cases/observability/clickstack/sdks/deno,https://private-7c7dfe99.mintlify.app/products/clickstack/ingesting-data/sdks/deno,matched,ddde90e3ccb5f34d,true,ddde90e3ccb5f34d,2026-05-08T09:09:20+00:00,false
/use-cases/observability/clickstack/sdks/elixir,docs/use-cases/observability/clickstack/ingesting-data/sdks/elixir.md,products/clickstack/ingesting-data/sdks/elixir.mdx,https://clickhouse.com/docs/use-cases/observability/clickstack/sdks/elixir,https://private-7c7dfe99.mintlify.app/products/clickstack/ingesting-data/sdks/elixir,matched,35f8eaae6f72ed9d,true,35f8eaae6f72ed9d,2026-05-08T09:09:20+00:00,false
/use-cases/observability/clickstack/sdks/golang,docs/use-cases/observability/clickstack/ingesting-data/sdks/golang.md,products/clickstack/ingesting-data/sdks/golang.mdx,https://clickhouse.com/docs/use-cases/observability/clickstack/sdks/golang,https://private-7c7dfe99.mintlify.app/products/clickstack/ingesting-data/sdks/golang,matched,18821f3758fc11f3,true,18821f3758fc11f3,2026-05-08T09:09:20+00:00,false
/use-cases/observability/clickstack/sdks/java,docs/use-cases/observability/clickstack/ingesting-data/sdks/java.md,products/clickstack/ingesting-data/sdks/java.mdx,https://clickhouse.com/docs/use-cases/observability/clickstack/sdks/java,https://private-7c7dfe99.mintlify.app/products/clickstack/ingesting-data/sdks/java,matched,1721ae89613a5712,true,1721ae89613a5712,2026-05-08T09:09:20+00:00,false
/use-cases/observability/clickstack/sdks/nestjs,docs/use-cases/observability/clickstack/ingesting-data/sdks/nestjs.md,products/clickstack/ingesting-data/sdks/nestjs.mdx,https://clickhouse.com/docs/use-cases/observability/clickstack/sdks/nestjs,https://private-7c7dfe99.mintlify.app/products/clickstack/ingesting-data/sdks/nestjs,matched,4beb73b02ae86c73,true,4beb73b02ae86c73,2026-05-08T09:09:20+00:00,false
/use-cases/observability/clickstack/sdks/nextjs,docs/use-cases/observability/clickstack/ingesting-data/sdks/nextjs.md,products/clickstack/ingesting-data/sdks/nextjs.mdx,https://clickhouse.com/docs/use-cases/observability/clickstack/sdks/nextjs,https://private-7c7dfe99.mintlify.app/products/clickstack/ingesting-data/sdks/nextjs,matched,3247eecaaaa1f137,true,3247eecaaaa1f137,2026-05-08T09:09:20+00:00,false
/use-cases/observability/clickstack/sdks/nodejs,docs/use-cases/observability/clickstack/ingesting-data/sdks/nodejs.md,products/clickstack/ingesting-data/sdks/nodejs.mdx,https://clickhouse.com/docs/use-cases/observability/clickstack/sdks/nodejs,https://private-7c7dfe99.mintlify.app/products/clickstack/ingesting-data/sdks/nodejs,matched,ab81ccbd0861e8e9,true,ab81ccbd0861e8e9,2026-05-08T09:09:20+00:00,false
/use-cases/observability/clickstack/sdks/python,docs/use-cases/observability/clickstack/ingesting-data/sdks/python.md,products/clickstack/ingesting-data/sdks/python.mdx,https://clickhouse.com/docs/use-cases/observability/clickstack/sdks/python,https://private-7c7dfe99.mintlify.app/products/clickstack/ingesting-data/sdks/python,matched,82c77206615f7f16,true,82c77206615f7f16,2026-05-08T09:09:20+00:00,false
/use-cases/observability/clickstack/sdks/react-native,docs/use-cases/observability/clickstack/ingesting-data/sdks/react-native.md,products/clickstack/ingesting-data/sdks/react-native.mdx,https://clickhouse.com/docs/use-cases/observability/clickstack/sdks/react-native,https://private-7c7dfe99.mintlify.app/products/clickstack/ingesting-data/sdks/react-native,matched,e7475e17bc67a2ce,true,e7475e17bc67a2ce,2026-05-08T09:09:20+00:00,false
/use-cases/observability/clickstack/sdks/ruby-on-rails,docs/use-cases/observability/clickstack/ingesting-data/sdks/ruby.md,products/clickstack/ingesting-data/sdks/ruby.mdx,https://clickhouse.com/docs/use-cases/observability/clickstack/sdks/ruby-on-rails,https://private-7c7dfe99.mintlify.app/products/clickstack/ingesting-data/sdks/ruby,matched,47c9c0de294d2ee8,true,47c9c0de294d2ee8,2026-05-08T09:09:20+00:00,false
/use-cases/observability/clickstack/search,docs/use-cases/observability/clickstack/search.md,products/clickstack/features/search.mdx,https://clickhouse.com/docs/use-cases/observability/clickstack/search,https://private-7c7dfe99.mintlify.app/products/clickstack/features/search,matched,4f5a546bd781c48f,true,4f5a546bd781c48f,2026-05-08T09:09:20+00:00,false
/use-cases/observability/clickstack/service-maps,docs/use-cases/observability/clickstack/service-maps.md,products/clickstack/service-maps.mdx,https://clickhouse.com/docs/use-cases/observability/clickstack/service-maps,https://private-7c7dfe99.mintlify.app/products/clickstack/service-maps,matched,346a14c70da0ddb1,true,346a14c70da0ddb1,2026-05-07T14:49:41+00:00,false
/use-cases/observability/clickstack/session-replay,docs/use-cases/observability/clickstack/session-replay.md,products/clickstack/features/session-replay.mdx,https://clickhouse.com/docs/use-cases/observability/clickstack/session-replay,https://private-7c7dfe99.mintlify.app/products/clickstack/features/session-replay,matched,230e92b27f20974d,true,230e92b27f20974d,2026-05-08T09:09:20+00:00,false
/use-cases/observability/clickstack/text-to-chart,docs/use-cases/observability/clickstack/text-to-chart.md,products/clickstack/text-to-chart.mdx,https://clickhouse.com/docs/use-cases/observability/clickstack/text-to-chart,https://private-7c7dfe99.mintlify.app/products/clickstack/text-to-chart,matched,028429ec606eb0cd,true,028429ec606eb0cd,2026-05-08T09:09:20+00:00,false
/use-cases/observability/clickstack/ttl,docs/use-cases/observability/clickstack/ttl.md,products/clickstack/ttl.mdx,https://clickhouse.com/docs/use-cases/observability/clickstack/ttl,https://private-7c7dfe99.mintlify.app/products/clickstack/ttl,matched,c60512dfb71a6a2a,true,c60512dfb71a6a2a,2026-05-08T09:09:20+00:00,false
/use-cases/observability/cloud-monitoring,docs/use-cases/observability/cloud-monitoring.md,guides/observability/cloud-monitoring.mdx,https://clickhouse.com/docs/use-cases/observability/cloud-monitoring,https://private-7c7dfe99.mintlify.app/guides/observability/cloud-monitoring,matched,41c2db4e0eb9d92d,true,41c2db4e0eb9d92d,2026-05-08T09:09:20+00:00,false
/use-cases/observability/introduction,docs/use-cases/observability/build-your-own/introduction.md,guides/observability/build-your-own/introduction.mdx,https://clickhouse.com/docs/use-cases/observability/introduction,https://private-7c7dfe99.mintlify.app/guides/observability/build-your-own/introduction,matched,49b6bef5443ce806,true,49b6bef5443ce806,2026-05-08T09:09:20+00:00,false
/use-cases/observability/oss-monitoring,docs/use-cases/observability/self-managed-monitoring.md,guides/observability/self-managed-monitoring.mdx,https://clickhouse.com/docs/use-cases/observability/oss-monitoring,https://private-7c7dfe99.mintlify.app/guides/observability/self-managed-monitoring,matched,b0d2e021f7c1f839,true,b0d2e021f7c1f839,2026-05-08T09:09:20+00:00,false
/use-cases/observability/schema-design,docs/use-cases/observability/build-your-own/schema-design.md,guides/observability/build-your-own/schema-design.mdx,https://clickhouse.com/docs/use-cases/observability/schema-design,https://private-7c7dfe99.mintlify.app/guides/observability/build-your-own/schema-design,matched,33303f67924447f5,true,33303f67924447f5,2026-05-08T09:09:20+00:00,false
/use-cases/time-series,docs/use-cases/time-series/index.md,guides/real-time-analytics/time-series/index.mdx,https://clickhouse.com/docs/use-cases/time-series,https://private-7c7dfe99.mintlify.app/guides/real-time-analytics/time-series,matched,ad253066ead1dba2,true,ad253066ead1dba2,2026-05-07T14:49:41+00:00,false
/use-cases/time-series/analysis-functions,docs/use-cases/time-series/03_analysis-functions.md,guides/real-time-analytics/time-series/analysis-functions.mdx,https://clickhouse.com/docs/use-cases/time-series/analysis-functions,https://private-7c7dfe99.mintlify.app/guides/real-time-analytics/time-series/analysis-functions,matched,a1b6fddab5bf38dd,true,a1b6fddab5bf38dd,2026-05-08T09:09:20+00:00,false
/use-cases/time-series/basic-operations,docs/use-cases/time-series/02_basic-operations.md,guides/real-time-analytics/time-series/basic-operations.mdx,https://clickhouse.com/docs/use-cases/time-series/basic-operations,https://private-7c7dfe99.mintlify.app/guides/real-time-analytics/time-series/basic-operations,matched,0dee57076c1e2678,true,0dee57076c1e2678,2026-05-08T09:09:20+00:00,false
/use-cases/time-series/date-time-data-types,docs/use-cases/time-series/01_date-time-data-types.md,guides/real-time-analytics/time-series/date-time-data-types.mdx,https://clickhouse.com/docs/use-cases/time-series/date-time-data-types,https://private-7c7dfe99.mintlify.app/guides/real-time-analytics/time-series/date-time-data-types,matched,7921f2bc40080d1a,true,7921f2bc40080d1a,2026-05-08T09:09:20+00:00,false
/use-cases/time-series/query-performance,docs/use-cases/time-series/05_query-performance.md,guides/real-time-analytics/time-series/query-performance.mdx,https://clickhouse.com/docs/use-cases/time-series/query-performance,https://private-7c7dfe99.mintlify.app/guides/real-time-analytics/time-series/query-performance,matched,36d2aa41e62bc7a2,true,36d2aa41e62bc7a2,2026-05-08T09:09:20+00:00,false
/use-cases/time-series/storage-efficiency,docs/use-cases/time-series/04_storage-efficiency.md,guides/real-time-analytics/time-series/storage-efficiency.mdx,https://clickhouse.com/docs/use-cases/time-series/storage-efficiency,https://private-7c7dfe99.mintlify.app/guides/real-time-analytics/time-series/storage-efficiency,matched,e299e47289fad8fa,true,e299e47289fad8fa,2026-05-08T09:09:20+00:00,false
/whats-new/changelog/,docs/whats-new/changelog/index.md,resources/changelogs/oss/2026.mdx,https://clickhouse.com/docs/whats-new/changelog/,https://private-7c7dfe99.mintlify.app/resources/changelogs/oss/2026,matched,f0e73ad88f365931,true,f0e73ad88f365931,2026-05-07T14:49:41+00:00,false
/whats-new/changelog/2017,docs/whats-new/changelog/2017.md,resources/changelogs/oss/2017.mdx,https://clickhouse.com/docs/whats-new/changelog/2017,https://private-7c7dfe99.mintlify.app/resources/changelogs/oss/2017,matched,d5bc29c48611da11,true,d5bc29c48611da11,2026-05-08T09:09:20+00:00,false
/whats-new/changelog/2018,docs/whats-new/changelog/2018.md,resources/changelogs/oss/2018.mdx,https://clickhouse.com/docs/whats-new/changelog/2018,https://private-7c7dfe99.mintlify.app/resources/changelogs/oss/2018,matched,d10011e2d9345d7d,true,d10011e2d9345d7d,2026-05-09T09:39:38+00:00,false
/whats-new/changelog/2019,docs/whats-new/changelog/2019.md,resources/changelogs/oss/2019.mdx,https://clickhouse.com/docs/whats-new/changelog/2019,https://private-7c7dfe99.mintlify.app/resources/changelogs/oss/2019,matched,cf95029519554fdb,true,cf95029519554fdb,2026-05-09T09:39:38+00:00,false
/whats-new/changelog/2020,docs/whats-new/changelog/2020.md,resources/changelogs/oss/2020.mdx,https://clickhouse.com/docs/whats-new/changelog/2020,https://private-7c7dfe99.mintlify.app/resources/changelogs/oss/2020,matched,85c870971538c900,true,85c870971538c900,2026-05-09T09:39:38+00:00,false
/whats-new/changelog/2021,docs/whats-new/changelog/2021.md,resources/changelogs/oss/2021.mdx,https://clickhouse.com/docs/whats-new/changelog/2021,https://private-7c7dfe99.mintlify.app/resources/changelogs/oss/2021,matched,2d8e45ed58bd8bc1,true,2d8e45ed58bd8bc1,2026-05-08T12:19:52+00:00,false
/whats-new/changelog/2022,docs/whats-new/changelog/2022.md,resources/changelogs/oss/2022.mdx,https://clickhouse.com/docs/whats-new/changelog/2022,https://private-7c7dfe99.mintlify.app/resources/changelogs/oss/2022,matched,c32c59101dec715c,true,c32c59101dec715c,2026-05-08T12:19:52+00:00,false
/whats-new/changelog/2023,docs/whats-new/changelog/2023.md,resources/changelogs/oss/2023.mdx,https://clickhouse.com/docs/whats-new/changelog/2023,https://private-7c7dfe99.mintlify.app/resources/changelogs/oss/2023,matched,aea5ac7a748d3164,true,aea5ac7a748d3164,2026-05-08T12:19:52+00:00,false
/whats-new/changelog/2024,docs/whats-new/changelog/2024.md,resources/changelogs/oss/2024.mdx,https://clickhouse.com/docs/whats-new/changelog/2024,https://private-7c7dfe99.mintlify.app/resources/changelogs/oss/2024,matched,bbfd805effcf17ac,true,bbfd805effcf17ac,2026-05-08T12:19:52+00:00,false
/whats-new/changelog/2025,docs/whats-new/changelog/2025.md,resources/changelogs/oss/2025.mdx,https://clickhouse.com/docs/whats-new/changelog/2025,https://private-7c7dfe99.mintlify.app/resources/changelogs/oss/2025,matched,d10aef255ee59dd3,true,d10aef255ee59dd3,2026-05-08T09:09:20+00:00,false
/whats-new/changelog/24.2-fast-release,docs/cloud/reference/01_changelog/02_release_notes/24_02.md,resources/changelogs/cloud/release-notes/24_02.mdx,https://clickhouse.com/docs/whats-new/changelog/24.2-fast-release,https://private-7c7dfe99.mintlify.app/resources/changelogs/cloud/release-notes/24_02,matched,f65058fc3c2b4b53,true,f65058fc3c2b4b53,2026-05-08T09:09:20+00:00,false
/whats-new/changelog/cloud,docs/cloud/reference/01_changelog/01_cloud_changelog/2026.md,resources/changelogs/cloud.mdx,https://clickhouse.com/docs/whats-new/changelog/cloud,https://private-7c7dfe99.mintlify.app/resources/changelogs/cloud,matched,eeb383fb86eab7d6,true,eeb383fb86eab7d6,2026-05-09T10:10:14+00:00,false
/whats-new/cloud-compatibility,docs/cloud/guides/cloud-compatibility.md,products/cloud/guides/cloud-compatibility.mdx,https://clickhouse.com/docs/whats-new/cloud-compatibility,https://private-7c7dfe99.mintlify.app/products/cloud/guides/cloud-compatibility,matched,1488008893028748,true,1488008893028748,2026-05-08T09:09:20+00:00,false
/whats-new/cloud/2022,docs/cloud/reference/01_changelog/01_cloud_changelog/archive/2022.md,resources/changelogs/cloud/archive/2022.mdx,https://clickhouse.com/docs/whats-new/cloud/2022,https://private-7c7dfe99.mintlify.app/resources/changelogs/cloud/archive/2022,matched,1b2a90ad66042a13,true,1b2a90ad66042a13,2026-05-08T09:09:20+00:00,false
/whats-new/cloud/2023,docs/cloud/reference/01_changelog/01_cloud_changelog/archive/2023.md,resources/changelogs/cloud/archive/2023.mdx,https://clickhouse.com/docs/whats-new/cloud/2023,https://private-7c7dfe99.mintlify.app/resources/changelogs/cloud/archive/2023,matched,47bf28a464015cb0,true,8bbfe2ddf6a88283,2026-05-08T13:38:45+00:00,false
/whats-new/cloud/2024,docs/cloud/reference/01_changelog/01_cloud_changelog/archive/2024.md,resources/changelogs/cloud/archive/2024.mdx,https://clickhouse.com/docs/whats-new/cloud/2024,https://private-7c7dfe99.mintlify.app/resources/changelogs/cloud/archive/2024,matched,6b7edbae407aa580,true,6b7edbae407aa580,2026-05-08T09:09:20+00:00,false
/whats-new/cloud/2025,docs/cloud/reference/01_changelog/01_cloud_changelog/archive/2025.md,resources/changelogs/cloud/archive/2025.mdx,https://clickhouse.com/docs/whats-new/cloud/2025,https://private-7c7dfe99.mintlify.app/resources/changelogs/cloud/archive/2025,matched,eaaf3e155767bd52,true,eaaf3e155767bd52,2026-05-09T10:10:14+00:00,false
/whats-new/roadmap,docs/whats-new/roadmap.md,resources/contribute/roadmap.mdx,https://clickhouse.com/docs/whats-new/roadmap,https://private-7c7dfe99.mintlify.app/resources/contribute/roadmap,matched,a69f4f27c5b1cae7,true,a69f4f27c5b1cae7,2026-05-08T09:09:20+00:00,false
/whats-new/security-changelog,docs/whats-new/security-changelog.md,resources/changelogs/security-changelog.mdx,https://clickhouse.com/docs/whats-new/security-changelog,https://private-7c7dfe99.mintlify.app/resources/changelogs/security-changelog,matched,e67a2d890c9d442e,true,e67a2d890c9d442e,2026-05-08T09:09:20+00:00,false
